<?xml version="1.0" encoding="UTF-8" standalone="no" ?>
<COLLADA xmlns="http://www.collada.org/2005/11/COLLADASchema" version="1.4.1">
  <asset>
    <contributor>
      <author>Assimp</author>
      <authoring_tool>Assimp Exporter</authoring_tool>
    </contributor>
    <created>2026-08-06T09:56:19</created>
    <modified>2026-08-06T09:56:19</modified>
    <unit name="meter" meter="1" />
    <up_axis>Y_UP</up_axis>
  </asset>
  <library_images>
  </library_images>
  <library_effects>
    <effect id="DefaultMaterial-fx" name="DefaultMaterial">
      <profile_COMMON>
        <technique sid="standard">
          <phong>
            <ambient>
              <color sid="ambient">0.0500000007   0.0500000007   0.0500000007   1</color>
            </ambient>
            <diffuse>
              <color sid="diffuse">1   1   1   1</color>
            </diffuse>
            <specular>
              <color sid="specular">1   1   1   1</color>
            </specular>
          </phong>
        </technique>
      </profile_COMMON>
    </effect>
  </library_effects>
  <library_materials>
    <material id="DefaultMaterial" name="DefaultMaterial">
      <instance_effect url="#DefaultMaterial-fx"/>
    </material>
  </library_materials>
  <library_geometries>
    <geometry id="PRO2STL_1" name="PRO2STL" >
      <mesh>
        <source id="PRO2STL_1-positions" name="PRO2STL_1-positions">
          <float_array id="PRO2STL_1-positions-array" count="28620"> 37.7546654 3.31524897 -10.1155519 40.9791489 4.11074924 -10.1470413 37.9781609 0.178132653 -10.1171331 61.2932091 0.304875314 -10.6277905 64.7987823 -1.57806337 -10.7414598 59.9351616 -3.48355317 -10.5837545 110.57325 -1.97126961 -12.959692 106.18026 -2.22036481 -12.656352 108.776215 1.67110634 -12.8317528 9.48487282 -2.34117508 -10.6022511 5.29897976 -2.48738027 -10.8000174 7.18066406 -0.226045817 -10.7080994 54.6657906 -3.2968514 -10.4286652 56.6567421 -0.13028872 -10.4826908 59.9351616 -3.48355317 -10.5837545 110.116417 9.23711205 -12.9264975 111.267021 5.42763519 -13.0108099 107.450027 5.55442858 -12.7405672 81.2267151 -3.18816829 -11.3828478 85.7726212 -4.003685 -11.5813723 82.9989548 -6.83157539 -11.4596949 112.833687 1.62454104 -13.1304235 110.57325 -1.97126961 -12.959692 108.776215 1.67110634 -12.8317528 62.9373398 3.95687795 -10.6811018 58.4662552 3.47013545 -10.5361252 60.1111565 6.85959387 -10.5894613 34.2084846 1.67505586 -10.0972357 33.6214409 -1.16336584 -10.0985765 29.6955757 0.346368134 -10.1121473 21.1311264 -3.01819587 -10.2331591 19.4120483 -0.242546618 -10.2705879 23.0318851 -0.574495196 -10.1969719 64.7987823 -1.57806337 -10.7414598 68.8025818 -3.33362293 -10.8853216 65.1486969 -5.48479223 -10.7528067 51.6715088 6.22163582 -10.3530903 53.6552849 7.94268513 -10.4012442 53.9415512 3.37877226 -10.4090118 54.6657906 -3.2968514 -10.4286652 56.1609573 -6.65609932 -10.4692373 52.3530769 -6.46247005 -10.3692017 59.2503548 -7.00803185 -10.5615501 62.5078506 -10.2285337 -10.6608009 59.0224724 -10.1975727 -10.5503826 106.18026 -2.22036481 -12.656352 110.57325 -1.97126961 -12.959692 108.769348 -5.58245659 -12.8312798 78.7882309 -6.50915146 -11.2790537 77.0492554 -10.2528467 -11.2066069 75.0497589 -6.69361687 -11.1253386 77.0566711 -2.4209373 -11.2074423 79.865654 1.2128942 -11.3246918 81.2267151 -3.18816829 -11.3828478 37.7546654 3.31524897 -10.1155519 37.9781609 0.178132653 -10.1171331 34.2084846 1.67505586 -10.0972357 99.9524536 1.99426198 -12.2778721 104.89859 2.25664997 -12.5740404 102.546509 -0.910130441 -12.4286394 98.4398422 -1.98561418 -12.1941881 99.9524536 1.99426198 -12.2778721 102.546509 -0.910130441 -12.4286394 81.0429611 6.46426678 -11.3749971 81.3845901 10.2106686 -11.3893642 85.3804398 6.88083172 -11.564168 42.3209839 1.06751001 -10.1671009 44.892868 3.51558828 -10.2101231 47.3027458 0.429129422 -10.2556019 106.18026 -2.22036481 -12.656352 101.693344 -4.82847023 -12.3780222 102.546509 -0.910130441 -12.4286394 77.8548813 5.66628838 -11.2404537 81.0429611 6.46426678 -11.3749971 79.865654 1.2128942 -11.3246918 72.6272125 -4.18766069 -11.0286283 68.8025818 -3.33362293 -10.8853216 73.2233734 -0.561975598 -11.0524282 77.8548813 5.66628838 -11.2404537 77.5280151 10.2493448 -11.2264166 81.0429611 6.46426678 -11.3749971 1.98246431 3.25483203 -10.9382019 -1.2984035 2.09232402 -11.0793753 -0.743212521 4.91450787 -11.0798864 72.6272125 -4.18766069 -11.0286283 68.5787048 -6.93774557 -10.8769531 68.8025818 -3.33362293 -10.8853216 54.6657906 -3.2968514 -10.4286652 51.7758331 0.0837999284 -10.3555565 56.6567421 -0.13028872 -10.4826908 23.0318851 -0.574495196 -10.1969719 19.4120483 -0.242546618 -10.2705879 22.8845291 2.66250539 -10.1993837 39.5931244 -4.44889021 -10.129117 41.0293465 -1.79921031 -10.1476908 43.1055222 -4.82537651 -10.179595 83.2809143 3.48694849 -11.472064 84.4466171 -0.323659539 -11.5232019 79.865654 1.2128942 -11.3246918 90.2393951 9.75757694 -9.60189533 92.6401978 9.99378967 -11.8974609 89.0183487 10.0812712 -11.7272949 19.6670341 -5.57193661 -10.2648573 21.1311264 -3.01819587 -10.2331591 22.0850105 -6.74432325 -10.2146807 31.256731 3.438411 -10.1039782 34.2781677 4.5031209 -10.0970764 34.2084846 1.67505586 -10.0972357 51.7758331 0.0837999284 -10.3555565 54.6657906 -3.2968514 -10.4286652 49.9140739 -3.18029809 -10.3115463 128.360184 2.10973191 -14.620122 124.703415 2.04936266 -14.25247 125.612076 4.83103418 -14.3446617 36.6869812 -2.97932243 -10.107996 33.1446648 -4.16730165 -10.0996656 33.6214409 -1.16336584 -10.0985765 15.8003607 3.1029222 -10.3662872 12.5891724 2.37939286 -10.47439 13.1507721 5.17414761 -10.4538069 144.427322 3.83590937 -15.9213171 146.698395 2.99664879 -16.0258408 144.78064 2.40790272 -15.937808 107.450027 5.55442858 -12.7405672 111.267021 5.42763519 -13.0108099 108.776215 1.67110634 -12.8317528 69.336792 0.244756877 -10.9052916 68.8025818 -3.33362293 -10.8853216 64.7987823 -1.57806337 -10.7414598 61.2932091 0.304875314 -10.6277905 66.4108582 2.58658171 -10.7959166 64.7987823 -1.57806337 -10.7414598 64.7987823 -1.57806337 -10.7414598 65.1486969 -5.48479223 -10.7528067 59.9351616 -3.48355317 -10.5837545 68.5787048 -6.93774557 -10.8769531 66.0821152 -10.2542267 -10.7834148 65.1486969 -5.48479223 -10.7528067 84.4466171 -0.323659539 -11.5232019 87.4169083 3.03419781 -11.6548624 88.9775162 -1.24710131 -11.7259693 5.29897976 -2.48738027 -10.8000174 9.48487282 -2.34117508 -10.6022511 8.08544636 -4.89287853 -10.664834 37.7546654 3.31524897 -10.1155519 36.5557594 5.66605139 -10.1070681 39.8669281 6.77423954 -10.132658 62.581543 -7.15276575 -10.6695652 59.9351616 -3.48355317 -10.5837545 65.1486969 -5.48479223 -10.7528067 113.850128 8.97633648 -13.2101803 117.759911 8.64318752 -13.5475035 115.109009 5.34313345 -13.314023 -0.785047352 -2.49550438 -9.30717659 -1.2984035 -2.09232402 -11.0793753 -0.743212819 -4.91450691 -11.0798864 104.89859 2.25664997 -12.5740404 106.18026 -2.22036481 -12.656352 102.546509 -0.910130441 -12.4286394 68.8025818 -3.33362293 -10.8853216 68.5787048 -6.93774557 -10.8769531 65.1486969 -5.48479223 -10.7528067 68.1194534 6.48556614 -10.859786 69.9233017 10.2701702 -10.9243708 72.9301453 6.59698248 -11.0407219 42.3209839 1.06751001 -10.1671009 37.9781609 0.178132653 -10.1171331 40.9791489 4.11074924 -10.1470413 23.0318851 -0.574495196 -10.1969719 25.897377 0.944237828 -10.1536818 26.5309048 -2.59331036 -10.1454601 92.2053375 -10.0052958 -11.8765287 90.4117737 -5.29394007 -11.7928295 93.5121918 -6.76108599 -11.9407368 117.759911 8.64318752 -13.5475035 115.829544 8.04375744 -11.1897774 118.963036 7.64194489 -11.4609661 104.89859 2.25664997 -12.5740404 107.450027 5.55442858 -12.7405672 108.776215 1.67110634 -12.8317528 88.9775162 -1.24710131 -11.7259693 87.4169083 3.03419781 -11.6548624 91.4716492 2.03950143 -11.8422375 72.9301453 6.59698248 -11.0407219 73.706337 10.2691317 -11.0711393 75.6361542 7.83558416 -11.1487474 113.850128 8.97633648 -13.2101803 115.109009 5.34313345 -13.314023 111.267021 5.42763519 -13.0108099 125.786179 0.101288311 -0.0535528064 126.97715 0.105287984 0.1664408 126.243271 0.960774899 -1.09776664 29.2104073 -9.14286327 -8.38080406 27.8337574 -9.43101025 -10.1285648 30.7746544 -9.57632542 -10.1035452 29.4009094 6.28036833 -10.114748 30.4955559 9.56306839 -10.1052999 32.2127571 6.8087225 -10.1017942 85.7726212 -4.003685 -11.5813723 87.19767 -7.12725544 -11.6450024 82.9989548 -6.83157539 -11.4596949 58.4662552 3.47013545 -10.5361252 61.2932091 0.304875314 -10.6277905 56.6567421 -0.13028872 -10.4826908 58.8710747 10.1961565 -10.5458097 60.1111565 6.85959387 -10.5894613 56.217804 6.62626219 -10.4707804 97.9479523 5.08995199 -12.1673746 99.9524536 1.99426198 -12.2778721 95.7491226 1.8751899 -12.0527515 51.7758331 0.0837999284 -10.3555565 53.9415512 3.37877226 -10.4090118 56.6567421 -0.13028872 -10.4826908 61.2932091 0.304875314 -10.6277905 59.9351616 -3.48355317 -10.5837545 56.6567421 -0.13028872 -10.4826908 17.2407627 -2.86629987 -10.3246031 19.6670341 -5.57193661 -10.2648573 16.988987 -5.94866467 -10.3312607 51.7758331 0.0837999284 -10.3555565 49.0821495 3.50929809 -10.2930174 53.9415512 3.37877226 -10.4090118 3.96361494 5.0926795 -10.8556557 7.07544041 5.01579952 -10.7133207 5.64735746 2.8244276 -10.7846098 147.192963 1.91859245 -14.9916134 145.830704 1.79714417 -13.9932547 147.587433 0.750074923 -13.8891172 30.0908146 -2.60127091 -10.1086597 33.1446648 -4.16730165 -10.0996656 29.607935 -5.86266518 -10.1129208 37.9781609 0.178132653 -10.1171331 41.0293465 -1.79921031 -10.1476908 36.6869812 -2.97932243 -10.107996 26.5309048 -2.59331036 -10.1454601 30.0908146 -2.60127091 -10.1086597 29.607935 -5.86266518 -10.1129208 88.9775162 -1.24710131 -11.7259693 85.7726212 -4.003685 -11.5813723 84.4466171 -0.323659539 -11.5232019 -0.984021127 7.03917413e-15 -9.4821434 -0.753280878 2.27576923 -9.08029079 -1.2984035 2.09232402 -11.0793753 126.43425 -0.678001642 -14.4277563 128.464844 -2.77327299 -14.6304646 124.621574 -4.16858053 -14.2441654 128.464844 -2.77327299 -14.6304646 126.43425 -0.678001642 -14.4277563 130.158295 -0.543541014 -14.7981968 88.9775162 -1.24710131 -11.7259693 90.4117737 -5.29394007 -11.7928295 85.7726212 -4.003685 -11.5813723 5.29897976 -2.48738027 -10.8000174 5.22836733 -5.19715166 -10.8029594 2.34135723 -4.57698059 -10.9236031 130.807877 -4.72676754 -10.8377571 128.591705 -4.13845968 -8.72239113 128.820374 -5.19126558 -10.7268839 44.954155 -1.99876404 -10.2112675 46.7295685 -4.79025793 -10.2444305 43.1055222 -4.82537651 -10.179595 77.5280151 10.2493448 -11.2264166 77.8548813 5.66628838 -11.2404537 75.6361542 7.83558416 -11.1487474 124.703415 2.04936266 -14.25247 126.43425 -0.678001642 -14.4277563 122.886803 -1.09269905 -14.0746517 119.141624 -1.14400315 -13.680048 122.886803 -1.09269905 -14.0746517 121.00779 -4.64746809 -13.868228 30.0908146 -2.60127091 -10.1086597 29.6955757 0.346368134 -10.1121473 33.6214409 -1.16336584 -10.0985765 102.236702 4.96879053 -12.4100552 104.468658 6.94804192 -12.5465498 104.89859 2.25664997 -12.5740404 131.646118 1.85395539 -14.9473333 130.158295 -0.543541014 -14.7981968 128.360184 2.10973191 -14.620122 81.2267151 -3.18816829 -11.3828478 84.4466171 -0.323659539 -11.5232019 85.7726212 -4.003685 -11.5813723 30.0908146 -2.60127091 -10.1086597 26.5309048 -2.59331036 -10.1454601 29.6955757 0.346368134 -10.1121473 101.078026 -7.77271986 -12.3421841 99.2579041 -9.78026104 -12.2388115 97.8478317 -7.33378983 -12.1620197 99.9524536 1.99426198 -12.2778721 102.236702 4.96879053 -12.4100552 104.89859 2.25664997 -12.5740404 138.331894 -2.15059328 -15.538929 137.0755 -0.186367199 -15.441762 140.474182 -0.120117001 -15.6900692 -1.2984035 2.09232402 -11.0793753 -1.40341628 8.80283395e-15 -11.079278 -0.984021127 7.03917413e-15 -9.4821434 137.985825 5.73041344 -15.5130396 140.142014 5.15842533 -15.668952 138.808975 3.71360731 -15.574173 22.8845291 2.66250539 -10.1993837 25.5618248 4.56608677 -10.1580362 25.897377 0.944237828 -10.1536818 126.886162 -7.67648029 -14.4734287 124.621574 -4.16858053 -14.2441654 127.557022 -5.02524424 -14.5403128 17.2407627 -2.86629987 -10.3246031 21.1311264 -3.01819587 -10.2331591 19.6670341 -5.57193661 -10.2648573 137.0755 -0.186367199 -15.441762 138.331894 -2.15059328 -15.538929 135.237869 -3.01180959 -15.2875242 93.6326981 -1.92208874 -11.9466505 91.4716492 2.03950143 -11.8422375 95.7491226 1.8751899 -12.0527515 112.740013 -8.41644192 -11.0515594 110.057526 -9.24085617 -12.9222527 113.854996 -8.97596264 -13.2105713 124.022575 -6.83685446 -11.8133411 121.573204 -8.25954056 -13.9375429 124.263847 -7.98601007 -14.208065 33.1446648 -4.16730165 -10.0996656 30.0908146 -2.60127091 -10.1086597 33.6214409 -1.16336584 -10.0985765 99.9524536 1.99426198 -12.2778721 98.4398422 -1.98561418 -12.1941881 95.7491226 1.8751899 -12.0527515 112.833687 1.62454104 -13.1304235 108.776215 1.67110634 -12.8317528 111.267021 5.42763519 -13.0108099 34.2781677 4.5031209 -10.0970764 37.7546654 3.31524897 -10.1155519 34.2084846 1.67505586 -10.0972357 116.79882 1.82145429 -13.4606066 112.833687 1.62454104 -13.1304235 115.109009 5.34313345 -13.314023 91.4716492 2.03950143 -11.8422375 93.1517868 5.47096062 -11.9230509 95.7491226 1.8751899 -12.0527515 128.360184 2.10973191 -14.620122 126.43425 -0.678001642 -14.4277563 124.703415 2.04936266 -14.25247 21.1311264 -3.01819587 -10.2331591 23.0318851 -0.574495196 -10.1969719 23.8444691 -4.43193579 -10.183671 45.767807 -7.40864611 -10.2264662 43.1055222 -4.82537651 -10.179595 46.7295685 -4.79025793 -10.2444305 29.6955757 0.346368134 -10.1121473 26.5309048 -2.59331036 -10.1454601 25.897377 0.944237828 -10.1536818 24.8309689 -3.62183241e-16 5.50821028e-07 22.7625256 4.40063924e-16 -0.969840944 24.830986 -1.57945764 -1.61154795 13.5549335 -2.56364942 -10.4389935 17.2407627 -2.86629987 -10.3246031 14.2396307 -5.52839184 -10.4154186 29.4009094 6.28036833 -10.114748 27.6465931 9.42135239 -10.1306162 30.4955559 9.56306839 -10.1052999 77.8548813 5.66628838 -11.2404537 75.649704 2.46154094 -11.1492882 75.6361542 7.83558416 -11.1487474 104.89859 2.25664997 -12.5740404 108.776215 1.67110634 -12.8317528 106.18026 -2.22036481 -12.656352 75.649704 2.46154094 -11.1492882 77.8548813 5.66628838 -11.2404537 79.865654 1.2128942 -11.3246918 77.0566711 -2.4209373 -11.2074423 75.649704 2.46154094 -11.1492882 79.865654 1.2128942 -11.3246918 101.693344 -4.82847023 -12.3780222 106.18026 -2.22036481 -12.656352 105.145508 -6.41443253 -12.5898285 37.7388763 8.0769825 -10.1154404 39.8669281 6.77423954 -10.132658 36.5557594 5.66605139 -10.1070681 22.7625256 4.40063924e-16 -0.969840944 21.1271152 -1.63480639 -2.33480334 24.830986 -1.57945764 -1.61154795 19.2448349 2.59637475 -10.2743454 22.8845291 2.66250539 -10.1993837 19.4120483 -0.242546618 -10.2705879 68.5787048 -6.93774557 -10.8769531 69.7304688 -10.2697392 -10.9170904 66.0821152 -10.2542267 -10.7834148 110.57325 -1.97126961 -12.959692 114.997177 -1.93552232 -13.3045464 112.881378 -5.45724583 -13.1341114 58.4662552 3.47013545 -10.5361252 56.6567421 -0.13028872 -10.4826908 53.9415512 3.37877226 -10.4090118 23.0318851 -0.574495196 -10.1969719 22.8845291 2.66250539 -10.1993837 25.897377 0.944237828 -10.1536818 134.634094 1.65389132 -15.233283 133.511658 -0.611240566 -15.1292706 131.646118 1.85395539 -14.9473333 108.769348 -5.58245659 -12.8312798 105.145508 -6.41443253 -12.5898285 106.18026 -2.22036481 -12.656352 28.1128578 3.26001358 -10.1261129 29.6955757 0.346368134 -10.1121473 25.897377 0.944237828 -10.1536818 121.039345 2.10199904 -13.8714781 122.886803 -1.09269905 -14.0746517 119.141624 -1.14400315 -13.680048 43.0613899 9.63879967 -8.43094826 44.9699554 9.72755909 -8.70518303 42.4598541 9.98907661 -10.1683445 87.4169083 3.03419781 -11.6548624 83.2809143 3.48694849 -11.472064 85.3804398 6.88083172 -11.564168 84.4466171 -0.323659539 -11.5232019 81.2267151 -3.18816829 -11.3828478 79.865654 1.2128942 -11.3246918 -0.311265588 4.50161648 -8.98598862 0.212299392 6.53969193 -9.40093994 -0.743212521 4.91450787 -11.0798864 71.1599655 3.61089659 -10.973444 69.336792 0.244756877 -10.9052916 66.4108582 2.58658171 -10.7959166 71.1599655 3.61089659 -10.973444 72.9301453 6.59698248 -11.0407219 75.649704 2.46154094 -11.1492882 116.79882 1.82145429 -13.4606066 121.039345 2.10199904 -13.8714781 119.141624 -1.14400315 -13.680048 121.573204 -8.25954056 -13.9375429 117.774376 -8.64182758 -13.5488482 117.188835 -5.1420331 -13.4954004 13.5549335 -2.56364942 -10.4389935 9.48487282 -2.34117508 -10.6022511 11.4280958 -0.156040534 -10.5193033 46.3846931 6.73039722 -10.2379885 49.1705017 7.35437775 -10.2948751 49.0821495 3.50929809 -10.2930174 21.1311264 -3.01819587 -10.2331591 17.2407627 -2.86629987 -10.3246031 19.4120483 -0.242546618 -10.2705879 96.4231949 -4.92140055 -12.0875645 97.8478317 -7.33378983 -12.1620197 93.5121918 -6.76108599 -11.9407368 61.2932091 0.304875314 -10.6277905 58.4662552 3.47013545 -10.5361252 62.9373398 3.95687795 -10.6811018 114.997177 -1.93552232 -13.3045464 112.833687 1.62454104 -13.1304235 116.79882 1.82145429 -13.4606066 59.0224724 -10.1975727 -10.5503826 58.5674591 -9.73609543 -7.78187084 56.9628487 -9.91985798 -9.01987648 122.512283 5.11168289 -14.0387669 121.039345 2.10199904 -13.8714781 118.896278 5.15838909 -13.6557808 19.4120483 -0.242546618 -10.2705879 15.6363401 0.100074612 -10.3711271 19.2448349 2.59637475 -10.2743454 28.2300434 8.6387434 -6.64465523 27.8741894 9.05829239 -8.32471371 26.3153439 8.67840004 -7.1366477 22.7625256 4.40063924e-16 -0.969840944 20.0029945 1.21095578e-15 -1.90166831 21.1271152 -1.63480639 -2.33480334 59.2503548 -7.00803185 -10.5615501 59.9351616 -3.48355317 -10.5837545 62.581543 -7.15276575 -10.6695652 -1.2984035 2.09232402 -11.0793753 -0.753280878 2.27576923 -9.08029079 -0.743212521 4.91450787 -11.0798864 75.649704 2.46154094 -11.1492882 77.0566711 -2.4209373 -11.2074423 73.2233734 -0.561975598 -11.0524282 -0.785047352 -2.49550438 -9.30717659 -0.091400966 -3.71933985 -7.4614706 -0.411765963 -1.69205189 -7.56638718 -0.743212819 -4.91450691 -11.0798864 -0.110592701 -6.9188199 -11.0804691 0.212300181 -6.53969097 -9.40093613 19.4120483 -0.242546618 -10.2705879 17.2407627 -2.86629987 -10.3246031 15.6363401 0.100074612 -10.3711271 92.8231735 9.71702099 -9.96913242 96.1676102 9.88939571 -12.0735216 92.6401978 9.99378967 -11.8974609 -0.476715267 5.6509045e-15 -7.53565121 0.139811188 1.75477231 -5.66360283 -0.22495535 2.77332401 -7.32494259 28.1128578 3.26001358 -10.1261129 29.4009094 6.28036833 -10.114748 31.256731 3.438411 -10.1039782 93.1517868 5.47096062 -11.9230509 91.4716492 2.03950143 -11.8422375 89.5957413 6.45177174 -11.7547884 15.8003607 3.1029222 -10.3662872 15.6363401 0.100074612 -10.3711271 12.5891724 2.37939286 -10.47439 69.336792 0.244756877 -10.9052916 71.1599655 3.61089659 -10.973444 73.2233734 -0.561975598 -11.0524282 145.991043 0.872478008 -15.994978 143.334457 0.0209072307 -15.8639822 144.78064 2.40790272 -15.937808 11.2104301 -5.12443447 -10.528019 9.83097935 -8.17627907 -10.585475 8.08544636 -4.89287853 -10.664834 4.04043722 0.552529156 -10.8524551 5.29897976 -2.48738027 -10.8000174 1.91552603 -2.01940298 -10.9409914 8.87682438 2.07181573 -10.6294432 12.5891724 2.37939286 -10.47439 11.4280958 -0.156040534 -10.5193033 22.0850105 -6.74432325 -10.2146807 19.8249016 -8.97137737 -10.2605238 19.6670341 -5.57193661 -10.2648573 122.512283 5.11168289 -14.0387669 124.516434 7.95730925 -14.2333145 125.612076 4.83103418 -14.3446617 31.256731 3.438411 -10.1039782 34.2084846 1.67505586 -10.0972357 29.6955757 0.346368134 -10.1121473 62.9373398 3.95687795 -10.6811018 64.161377 7.36791277 -10.7207918 68.1194534 6.48556614 -10.859786 52.1101913 -10.1309156 -10.3621655 49.0234108 -7.08127594 -10.2917824 52.3530769 -6.46247005 -10.3692017 13.5549335 -2.56364942 -10.4389935 11.4280958 -0.156040534 -10.5193033 15.6363401 0.100074612 -10.3711271 34.2084846 1.67505586 -10.0972357 37.9781609 0.178132653 -10.1171331 33.6214409 -1.16336584 -10.0985765 73.706337 10.2691317 -11.0711393 77.5280151 10.2493448 -11.2264166 75.6361542 7.83558416 -11.1487474 77.0566711 -2.4209373 -11.2074423 72.6272125 -4.18766069 -11.0286283 73.2233734 -0.561975598 -11.0524282 28.1128578 3.26001358 -10.1261129 31.256731 3.438411 -10.1039782 29.6955757 0.346368134 -10.1121473 75.649704 2.46154094 -11.1492882 73.2233734 -0.561975598 -11.0524282 71.1599655 3.61089659 -10.973444 49.0234108 -7.08127594 -10.2917824 48.8015366 -10.0934095 -10.2866011 45.767807 -7.40864611 -10.2264662 7.18066406 -0.226045817 -10.7080994 4.04043722 0.552529156 -10.8524551 5.64735746 2.8244276 -10.7846098 32.2127571 6.8087225 -10.1017942 34.8502083 7.74996948 -10.0957699 34.2781677 4.5031209 -10.0970764 34.2781677 4.5031209 -10.0970764 34.8502083 7.74996948 -10.0957699 36.5557594 5.66605139 -10.1070681 138.331894 -2.15059328 -15.538929 139.786179 -3.79129505 -15.6445112 137.124588 -4.20037365 -15.4456396 72.9301453 6.59698248 -11.0407219 75.6361542 7.83558416 -11.1487474 75.649704 2.46154094 -11.1492882 133.328461 4.20112801 -15.1122942 135.830643 6.23865891 -15.3391657 135.505722 3.82192588 -15.3103943 130.810913 4.40879726 -14.8634596 133.669693 6.68333149 -15.1454992 133.328461 4.20112801 -15.1122942 131.646118 1.85395539 -14.9473333 133.511658 -0.611240566 -15.1292706 130.158295 -0.543541014 -14.7981968 63.2827492 9.94090176 -8.90662575 66.1429291 10.2545862 -10.7855759 62.4667511 10.2281942 -10.6594439 141.373428 -2.38295197 -15.7493792 140.474182 -0.120117001 -15.6900692 143.470016 -1.94515598 -15.8713217 69.3699341 3.35662699 -0.277372599 67.7282639 4.45693779 -0.488833547 68.2267761 1.85465801 -0.104637951 10.1905594 4.66223383 -10.570693 8.71380234 6.38344526 -10.636734 11.2497578 6.58214712 -10.5264435 44.954155 -1.99876404 -10.2112675 42.3209839 1.06751001 -10.1671009 47.3027458 0.429129422 -10.2556019 36.6869812 -2.97932243 -10.107996 36.7774506 -5.9227972 -10.1086369 33.1446648 -4.16730165 -10.0996656 52.3530769 -6.46247005 -10.3692017 55.5055504 -10.1643276 -10.449358 52.1101913 -10.1309156 -10.3621655 49.0821495 3.50929809 -10.2930174 47.3027458 0.429129422 -10.2556019 44.892868 3.51558828 -10.2101231 90.4117737 -5.29394007 -11.7928295 93.6326981 -1.92208874 -11.9466505 93.5121918 -6.76108599 -11.9407368 22.0850105 -6.74432325 -10.2146807 23.8444691 -4.43193579 -10.183671 24.3711777 -6.99994946 -10.1750498 44.954155 -1.99876404 -10.2112675 43.1055222 -4.82537651 -10.179595 41.0293465 -1.79921031 -10.1476908 84.7396774 -10.1623096 -11.5354538 82.9989548 -6.83157539 -11.4596949 87.19767 -7.12725544 -11.6450024 34.8502083 7.74996948 -10.0957699 37.7388763 8.0769825 -10.1154404 36.5557594 5.66605139 -10.1070681 49.0821495 3.50929809 -10.2930174 51.7758331 0.0837999284 -10.3555565 47.3027458 0.429129422 -10.2556019 87.4169083 3.03419781 -11.6548624 84.4466171 -0.323659539 -11.5232019 83.2809143 3.48694849 -11.472064 66.1429291 10.2545862 -10.7855759 68.1194534 6.48556614 -10.859786 64.161377 7.36791277 -10.7207918 8.08544636 -4.89287853 -10.664834 7.33279562 -7.90896797 -10.7006931 5.22836733 -5.19715166 -10.8029594 96.4231949 -4.92140055 -12.0875645 93.5121918 -6.76108599 -11.9407368 93.6326981 -1.92208874 -11.9466505 49.9140739 -3.18029809 -10.3115463 49.0234108 -7.08127594 -10.2917824 46.7295685 -4.79025793 -10.2444305 72.7771759 -1.77884769 -0.106317222 73.5378876 -0.00011473924 1.6052843e-06 71.2192459 -0.000120106517 1.55324722e-06 69.7304688 -10.2697392 -10.9170904 68.5787048 -6.93774557 -10.8769531 71.5836716 -7.76924276 -10.9892826 69.336792 0.244756877 -10.9052916 73.2233734 -0.561975598 -11.0524282 68.8025818 -3.33362293 -10.8853216 144.643951 2.86329985 -14.7356262 146.698395 2.99664879 -16.0258408 144.427322 3.83590937 -15.9213171 73.3437881 -10.2700329 -11.0567627 69.7304688 -10.2697392 -10.9170904 71.5836716 -7.76924276 -10.9892826 66.2761078 3.34640455 -0.276011616 64.4738312 4.02292442 -0.404321313 64.179718 1.75240254 -0.099424541 121.573204 8.25954056 -13.9375429 124.516434 7.95730925 -14.2333145 122.512283 5.11168289 -14.0387669 75.0497589 -6.69361687 -11.1253386 73.3437881 -10.2700329 -11.0567627 71.5836716 -7.76924276 -10.9892826 143.334457 0.0209072307 -15.8639822 143.470016 -1.94515598 -15.8713217 140.474182 -0.120117001 -15.6900692 108.769348 -5.58245659 -12.8312798 106.332962 -9.45795441 -12.6662235 105.145508 -6.41443253 -12.5898285 102.761955 -9.63402462 -12.441514 101.078026 -7.77271986 -12.3421841 105.145508 -6.41443253 -12.5898285 11.2104301 -5.12443447 -10.528019 14.2396307 -5.52839184 -10.4154186 12.326087 -8.41049862 -10.4837275 39.5931244 -4.44889021 -10.129117 36.7774506 -5.9227972 -10.1086369 36.6869812 -2.97932243 -10.107996 71.0224762 1.85035944 -0.107944593 68.8996429 -0.000125581035 1.50054109e-06 71.2192459 -0.000120106517 1.55324722e-06 95.7432404 -9.90304375 -12.0516901 93.5121918 -6.76108599 -11.9407368 97.8478317 -7.33378983 -12.1620197 37.7546654 3.31524897 -10.1155519 34.2781677 4.5031209 -10.0970764 36.5557594 5.66605139 -10.1070681 32.9746208 -6.72263241 -10.1000547 29.607935 -5.86266518 -10.1129208 33.1446648 -4.16730165 -10.0996656 29.607935 -5.86266518 -10.1129208 27.8337574 -9.43101025 -10.1285648 26.6859837 -6.40428448 -10.1434479 133.511658 -0.611240566 -15.1292706 137.0755 -0.186367199 -15.441762 135.237869 -3.01180959 -15.2875242 107.450027 5.55442858 -12.7405672 104.89859 2.25664997 -12.5740404 104.468658 6.94804192 -12.5465498 20.0029945 1.21095578e-15 -1.90166831 18.1083012 -1.62431431 -2.95773339 21.1271152 -1.63480639 -2.33480334 106.466171 9.45081329 -12.6749811 107.450027 5.55442858 -12.7405672 104.468658 6.94804192 -12.5465498 132.842575 5.96636152 -13.6691294 133.669693 6.68333149 -15.1454992 131.497818 7.06091166 -14.9324675 147.917801 9.83164525e-15 -13.4214211 147.587433 0.750074923 -13.8891172 146.378433 0.583181918 -12.7643709 68.5787048 -6.93774557 -10.8769531 72.6272125 -4.18766069 -11.0286283 71.5836716 -7.76924276 -10.9892826 -0.476715267 5.6509045e-15 -7.53565121 -0.22495535 2.77332401 -7.32494259 -0.753280878 2.27576923 -9.08029079 20.0029945 1.21095578e-15 -1.90166831 16.9721966 1.86092037e-15 -2.68722391 18.1083012 -1.62431431 -2.95773339 56.1609573 -6.65609932 -10.4692373 59.9351616 -3.48355317 -10.5837545 59.2503548 -7.00803185 -10.5615501 128.360184 2.10973191 -14.620122 130.810913 4.40879726 -14.8634596 131.646118 1.85395539 -14.9473333 137.417877 2.07408643 -15.4685135 134.634094 1.65389132 -15.233283 135.505722 3.82192588 -15.3103943 140.052444 0.30757457 -1.39352465 140.779449 0.103933923 -2.39242673 139.66803 0.202401519 -2.39348221 137.417877 2.07408643 -15.4685135 137.0755 -0.186367199 -15.441762 134.634094 1.65389132 -15.233283 102.93631 9.62608624 -12.4520493 106.466171 9.45081329 -12.6749811 104.468658 6.94804192 -12.5465498 29.607935 -5.86266518 -10.1129208 26.6859837 -6.40428448 -10.1434479 26.5309048 -2.59331036 -10.1454601 60.1111565 6.85959387 -10.5894613 62.4667511 10.2281942 -10.6594439 64.161377 7.36791277 -10.7207918 110.57325 -1.97126961 -12.959692 112.881378 -5.45724583 -13.1341114 108.769348 -5.58245659 -12.8312798 32.9746208 -6.72263241 -10.1000547 36.7774506 -5.9227972 -10.1086369 35.3418884 -8.10089493 -10.0984783 88.9775162 -1.24710131 -11.7259693 93.6326981 -1.92208874 -11.9466505 90.4117737 -5.29394007 -11.7928295 9.48487282 -2.34117508 -10.6022511 13.5549335 -2.56364942 -10.4389935 11.2104301 -5.12443447 -10.528019 1.91552603 -2.01940298 -10.9409914 -1.2984035 -2.09232402 -11.0793753 1.1738987 0.680241108 -10.9718914 126.125694 -0.687159181 -0.737520635 127.138351 -0.184377536 -0.141613021 125.786179 -0.101288311 -0.0535528064 19.2448349 2.59637475 -10.2743454 17.8771496 5.42244005 -10.3077736 21.4138985 4.894382 -10.2276812 -0.110592701 -6.9188199 -11.0804691 -0.743212819 -4.91450691 -11.0798864 2.34135723 -4.57698059 -10.9236031 90.4117737 -5.29394007 -11.7928295 92.2053375 -10.0052958 -11.8765287 88.5468903 -10.0913239 -11.7057562 -0.110592701 6.9188199 -11.0804691 -0.743212521 4.91450787 -11.0798864 0.212299392 6.53969193 -9.40093994 142.878815 2.10429668 -15.8385191 144.78064 2.40790272 -15.937808 143.334457 0.0209072307 -15.8639822 143.470016 -1.94515598 -15.8713217 143.334457 0.0209072307 -15.8639822 145.441742 -1.14292705 -15.9701242 140.142014 5.15842533 -15.668952 142.241409 4.54133606 -15.8022547 140.296158 2.15882134 -15.6782818 2.36271787 -7.27068615 -10.9540157 2.34135723 -4.57698059 -10.9236031 5.22836733 -5.19715166 -10.8029594 142.241409 4.54133606 -15.8022547 142.878815 2.10429668 -15.8385191 140.296158 2.15882134 -15.6782818 116.79882 1.82145429 -13.4606066 118.896278 5.15838909 -13.6557808 121.039345 2.10199904 -13.8714781 126.886162 7.67648029 -14.4734287 125.612076 4.83103418 -14.3446617 124.516434 7.95730925 -14.2333145 90.4117737 -5.29394007 -11.7928295 88.5468903 -10.0913239 -11.7057562 87.19767 -7.12725544 -11.6450024 36.6869812 -2.97932243 -10.107996 33.6214409 -1.16336584 -10.0985765 37.9781609 0.178132653 -10.1171331 62.9373398 3.95687795 -10.6811018 60.1111565 6.85959387 -10.5894613 64.161377 7.36791277 -10.7207918 59.0224724 -10.1975727 -10.5503826 56.1609573 -6.65609932 -10.4692373 59.2503548 -7.00803185 -10.5615501 -1.2984035 -2.09232402 -11.0793753 1.91552603 -2.01940298 -10.9409914 -0.743212819 -4.91450691 -11.0798864 16.9721966 1.86092037e-15 -2.68722391 15.1863737 -1.61654019 -3.53367662 18.1083012 -1.62431431 -2.95773339 98.4398422 -1.98561418 -12.1941881 101.693344 -4.82847023 -12.3780222 96.4231949 -4.92140055 -12.0875645 75.0497589 -6.69361687 -11.1253386 71.5836716 -7.76924276 -10.9892826 72.6272125 -4.18766069 -11.0286283 24.0194588 6.56664562 -10.1808071 22.8845291 2.66250539 -10.1993837 21.4138985 4.894382 -10.2276812 60.9651871 -9.62701702 -6.88343048 62.4164848 -9.8270874 -8.20228577 62.8193321 -9.4681406 -5.76707125 4.04043722 0.552529156 -10.8524551 1.98246431 3.25483203 -10.9382019 5.64735746 2.8244276 -10.7846098 51.6385689 -9.78721809 -8.53682137 52.1101913 -10.1309156 -10.3621655 54.5571022 -9.78469753 -8.3368454 19.7070484 6.83622885 -10.263958 21.4138985 4.894382 -10.2276812 17.8771496 5.42244005 -10.3077736 66.3267517 9.93908024 -8.82598495 69.9233017 10.2701702 -10.9243708 66.1429291 10.2545862 -10.7855759 121.573204 -8.25954056 -13.9375429 121.00779 -4.64746809 -13.868228 124.263847 -7.98601007 -14.208065 54.9495354 9.40359783 -5.91821003 56.9717636 9.49665642 -6.26819038 55.2699471 9.79186058 -8.33701706 54.7131805 2.88301086 -0.316064179 53.1522522 1.52600288 -0.147514313 55.8444481 1.44497383 -0.113764189 128.314911 0.312599093 0.453507811 129.462143 0.532498479 0.329140455 128.769714 0.475057095 -0.536506593 81.2267151 -3.18816829 -11.3828478 78.7882309 -6.50915146 -11.2790537 77.0566711 -2.4209373 -11.2074423 62.581543 -7.15276575 -10.6695652 65.1486969 -5.48479223 -10.7528067 66.0821152 -10.2542267 -10.7834148 52.0580215 10.130374 -10.3609028 55.403759 10.1633606 -10.446599 53.6552849 7.94268513 -10.4012442 95.7491226 1.8751899 -12.0527515 93.1517868 5.47096062 -11.9230509 97.9479523 5.08995199 -12.1673746 114.997177 -1.93552232 -13.3045464 117.188835 -5.1420331 -13.4954004 112.881378 -5.45724583 -13.1341114 110.057526 -9.24085617 -12.9222527 108.769348 -5.58245659 -12.8312798 112.881378 -5.45724583 -13.1341114 121.573204 -8.25954056 -13.9375429 117.188835 -5.1420331 -13.4954004 121.00779 -4.64746809 -13.868228 7.07544041 5.01579952 -10.7133207 8.87682438 2.07181573 -10.6294432 5.64735746 2.8244276 -10.7846098 81.2267151 -3.18816829 -11.3828478 82.9989548 -6.83157539 -11.4596949 78.7882309 -6.50915146 -11.2790537 44.954155 -1.99876404 -10.2112675 49.9140739 -3.18029809 -10.3115463 46.7295685 -4.79025793 -10.2444305 44.954155 -1.99876404 -10.2112675 47.3027458 0.429129422 -10.2556019 49.9140739 -3.18029809 -10.3115463 99.9524536 1.99426198 -12.2778721 97.9479523 5.08995199 -12.1673746 102.236702 4.96879053 -12.4100552 88.5468903 -10.0913239 -11.7057562 84.7396774 -10.1623096 -11.5354538 87.19767 -7.12725544 -11.6450024 49.0234108 -7.08127594 -10.2917824 45.767807 -7.40864611 -10.2264662 46.7295685 -4.79025793 -10.2444305 98.4398422 -1.98561418 -12.1941881 102.546509 -0.910130441 -12.4286394 101.693344 -4.82847023 -12.3780222 132.571472 -6.88256884 -15.0394115 129.318039 -7.37670994 -14.714777 130.529282 -4.95046568 -14.8352041 96.4231949 -4.92140055 -12.0875645 101.693344 -4.82847023 -12.3780222 97.8478317 -7.33378983 -12.1620197 99.2579041 -9.78026104 -12.2388115 95.7432404 -9.90304375 -12.0516901 97.8478317 -7.33378983 -12.1620197 8.87682438 2.07181573 -10.6294432 11.4280958 -0.156040534 -10.5193033 7.18066406 -0.226045817 -10.7080994 5.29897976 -2.48738027 -10.8000174 4.04043722 0.552529156 -10.8524551 7.18066406 -0.226045817 -10.7080994 22.8845291 2.66250539 -10.1993837 19.2448349 2.59637475 -10.2743454 21.4138985 4.894382 -10.2276812 93.6326981 -1.92208874 -11.9466505 98.4398422 -1.98561418 -12.1941881 96.4231949 -4.92140055 -12.0875645 117.759911 8.64318752 -13.5475035 121.573204 8.25954056 -13.9375429 118.896278 5.15838909 -13.6557808 116.79882 1.82145429 -13.4606066 115.109009 5.34313345 -13.314023 118.896278 5.15838909 -13.6557808 121.573204 8.25954056 -13.9375429 122.512283 5.11168289 -14.0387669 118.896278 5.15838909 -13.6557808 87.4169083 3.03419781 -11.6548624 89.5957413 6.45177174 -11.7547884 91.4716492 2.03950143 -11.8422375 61.2932091 0.304875314 -10.6277905 62.9373398 3.95687795 -10.6811018 66.4108582 2.58658171 -10.7959166 26.6859837 -6.40428448 -10.1434479 24.8318367 -9.27022362 -10.1675091 24.3711777 -6.99994946 -10.1750498 128.464844 -2.77327299 -14.6304646 132.447571 -3.32502413 -15.0271816 130.529282 -4.95046568 -14.8352041 102.236702 4.96879053 -12.4100552 100.886848 7.48704052 -12.3312607 104.468658 6.94804192 -12.5465498 69.336792 0.244756877 -10.9052916 64.7987823 -1.57806337 -10.7414598 66.4108582 2.58658171 -10.7959166 60.4062691 9.94561958 -9.03219891 62.4667511 10.2281942 -10.6594439 58.8710747 10.1961565 -10.5458097 58.4662552 3.47013545 -10.5361252 53.9415512 3.37877226 -10.4090118 56.217804 6.62626219 -10.4707804 13.1507721 5.17414761 -10.4538069 12.5891724 2.37939286 -10.47439 10.1905594 4.66223383 -10.570693 128.314911 0.312599093 0.453507811 128.769714 0.475057095 -0.536506593 126.97715 0.105287984 0.1664408 121.039345 2.10199904 -13.8714781 122.512283 5.11168289 -14.0387669 124.703415 2.04936266 -14.25247 28.1128578 3.26001358 -10.1261129 25.897377 0.944237828 -10.1536818 25.5618248 4.56608677 -10.1580362 25.5618248 4.56608677 -10.1580362 26.8027859 7.09789562 -10.1419325 28.1128578 3.26001358 -10.1261129 128.464844 -2.77327299 -14.6304646 127.557022 -5.02524424 -14.5403128 124.621574 -4.16858053 -14.2441654 124.621574 -4.16858053 -14.2441654 122.886803 -1.09269905 -14.0746517 126.43425 -0.678001642 -14.4277563 97.9479523 5.08995199 -12.1673746 97.6883926 7.89716291 -12.1534929 100.886848 7.48704052 -12.3312607 129.387405 -1.38071454 -2.40385079 130.002701 -0.949082553 -1.51443911 129.071808 -0.909491539 -1.30569077 49.9140739 -3.18029809 -10.3115463 54.6657906 -3.2968514 -10.4286652 52.3530769 -6.46247005 -10.3692017 138.555664 -5.58552456 -15.5560341 137.124588 -4.20037365 -15.4456396 139.786179 -3.79129505 -15.6445112 40.4733315 -7.19649744 -10.1405001 38.219677 -8.04191208 -10.1188421 39.5931244 -4.44889021 -10.129117 141.373428 -2.38295197 -15.7493792 141.323593 -4.81813717 -15.746295 139.786179 -3.79129505 -15.6445112 24.0194588 6.56664562 -10.1808071 21.4138985 4.894382 -10.2276812 21.8472099 7.05637598 -10.2192869 23.8444691 -4.43193579 -10.183671 22.0850105 -6.74432325 -10.2146807 21.1311264 -3.01819587 -10.2331591 17.3224907 -8.80326271 -10.3221188 14.8221407 -8.61768913 -10.3961525 16.988987 -5.94866467 -10.3312607 102.93631 9.62608624 -12.4520493 104.468658 6.94804192 -12.5465498 100.886848 7.48704052 -12.3312607 40.9791489 4.11074924 -10.1470413 43.2252731 6.90922356 -10.1815023 44.892868 3.51558828 -10.2101231 16.9721966 1.86092037e-15 -2.68722391 14.4366894 2.3470311e-15 -3.27470565 15.1863737 -1.61654019 -3.53367662 19.2448349 2.59637475 -10.2743454 15.8003607 3.1029222 -10.3662872 17.8771496 5.42244005 -10.3077736 147.495193 -1.83123076 -15.0738373 148.946976 -0.933093429 -15.0337534 147.468369 -0.738386095 -13.7888765 40.9791489 4.11074924 -10.1470413 39.8669281 6.77423954 -10.132658 43.2252731 6.90922356 -10.1815023 17.3224907 -8.80326271 -10.3221188 19.6670341 -5.57193661 -10.2648573 19.8249016 -8.97137737 -10.2605238 8.87682438 2.07181573 -10.6294432 10.1905594 4.66223383 -10.570693 12.5891724 2.37939286 -10.47439 62.9373398 3.95687795 -10.6811018 68.1194534 6.48556614 -10.859786 66.4108582 2.58658171 -10.7959166 147.917801 9.83164525e-15 -13.4214211 148.946976 -0.933093429 -15.0337534 149.63205 1.07291851e-14 -14.6951809 17.8771496 5.42244005 -10.3077736 15.8003607 3.1029222 -10.3662872 15.3727379 6.32884073 -10.3789062 24.8318367 -9.27022362 -10.1675091 22.3280888 -9.12607384 -10.209466 24.3711777 -6.99994946 -10.1750498 7.18066406 -0.226045817 -10.7080994 5.64735746 2.8244276 -10.7846098 8.87682438 2.07181573 -10.6294432 23.8444691 -4.43193579 -10.183671 26.6859837 -6.40428448 -10.1434479 24.3711777 -6.99994946 -10.1750498 34.2781677 4.5031209 -10.0970764 31.256731 3.438411 -10.1039782 32.2127571 6.8087225 -10.1017942 99.5427246 9.76929665 -12.2546549 102.93631 9.62608624 -12.4520493 100.886848 7.48704052 -12.3312607 8.87682438 2.07181573 -10.6294432 7.07544041 5.01579952 -10.7133207 10.1905594 4.66223383 -10.570693 51.7758331 0.0837999284 -10.3555565 49.9140739 -3.18029809 -10.3115463 47.3027458 0.429129422 -10.2556019 4.04043722 0.552529156 -10.8524551 1.1738987 0.680241108 -10.9718914 1.98246431 3.25483203 -10.9382019 3.96361494 5.0926795 -10.8556557 5.64735746 2.8244276 -10.7846098 1.98246431 3.25483203 -10.9382019 114.997177 -1.93552232 -13.3045464 119.141624 -1.14400315 -13.680048 117.188835 -5.1420331 -13.4954004 130.810913 4.40879726 -14.8634596 133.328461 4.20112801 -15.1122942 131.646118 1.85395539 -14.9473333 102.236702 4.96879053 -12.4100552 97.9479523 5.08995199 -12.1673746 100.886848 7.48704052 -12.3312607 124.621574 -4.16858053 -14.2441654 126.886162 -7.67648029 -14.4734287 124.263847 -7.98601007 -14.208065 140.779449 0.103933923 -2.39242673 139.924805 0.224814907 -3.50148487 139.66803 0.202401519 -2.39348221 -1.40341628 8.80283395e-15 -11.079278 -1.2984035 2.09232402 -11.0793753 1.1738987 0.680241108 -10.9718914 -1.40341628 8.80283395e-15 -11.079278 1.1738987 0.680241108 -10.9718914 -1.2984035 -2.09232402 -11.0793753 4.04043722 0.552529156 -10.8524551 1.91552603 -2.01940298 -10.9409914 1.1738987 0.680241108 -10.9718914 138.331894 -2.15059328 -15.538929 141.373428 -2.38295197 -15.7493792 139.786179 -3.79129505 -15.6445112 17.3224907 8.80326271 -10.3221188 17.8771496 5.42244005 -10.3077736 15.3727379 6.32884073 -10.3789062 134.634094 1.65389132 -15.233283 131.646118 1.85395539 -14.9473333 133.328461 4.20112801 -15.1122942 150.366379 -1.12130141 -16.1465588 148.806534 -2.03434205 -16.1041088 148.319901 0.113836236 -16.0879002 112.833687 1.62454104 -13.1304235 111.267021 5.42763519 -13.0108099 115.109009 5.34313345 -13.314023 145.991043 0.872478008 -15.994978 148.954895 1.95629096 -16.1087723 148.319901 0.113836236 -16.0879002 117.759911 8.64318752 -13.5475035 118.896278 5.15838909 -13.6557808 115.109009 5.34313345 -13.314023 78.7882309 -6.50915146 -11.2790537 75.0497589 -6.69361687 -11.1253386 77.0566711 -2.4209373 -11.2074423 97.6883926 7.89716291 -12.1534929 97.9479523 5.08995199 -12.1673746 94.9693756 7.60413408 -12.0124817 2.36271787 -7.27068615 -10.9540157 5.22836733 -5.19715166 -10.8029594 4.85318756 -7.60647869 -10.82512 68.8996429 -0.000125581035 1.50054109e-06 68.7037888 -1.84268022 -0.104004823 71.2192459 -0.000120106517 1.55324722e-06 138.940079 0.50971508 -1.35356271 139.66803 0.202401519 -2.39348221 138.529312 0.317241639 -2.39669442 68.2365646 -9.84983063 -8.21591473 66.4627762 -9.93629932 -8.80590534 69.7304688 -10.2697392 -10.9170904 69.0791016 -5.72751856 -0.861116171 68.7273712 -3.76509762 -0.345475107 67.3010941 -5.00385189 -0.629755497 34.8502083 7.74996948 -10.0957699 36.2883453 9.80978394 -10.1007872 37.7388763 8.0769825 -10.1154404 48.9695206 -9.66414738 -8.03600025 51.6385689 -9.78721809 -8.53682137 50.1580238 -9.40320873 -6.39544916 33.7212334 -9.70853329 -10.094224 36.600502 -9.82107353 -10.1025305 35.7893105 -9.46842766 -8.54182816 56.1609573 -6.65609932 -10.4692373 59.0224724 -10.1975727 -10.5503826 55.5055504 -10.1643276 -10.449358 115.984474 3.8719995 -3.25887012 116.924377 2.80382538 -2.21670365 118.073776 4.25640106 -4.17355537 14.4366894 2.3470311e-15 -3.27470565 12.7874765 -1.61584496 -3.97312713 15.1863737 -1.61654019 -3.53367662 42.0635605 -9.55981827 -8.13690567 43.7660446 -9.41058922 -7.17792416 42.0509186 -9.16470814 -6.2826395 141.323593 -4.81813717 -15.746295 138.555664 -5.58552456 -15.5560341 139.786179 -3.79129505 -15.6445112 54.5571022 -9.78469753 -8.3368454 56.9628487 -9.91985798 -9.01987648 56.8287926 -9.52865028 -6.48249912 54.5571022 -9.78469753 -8.3368454 55.5055504 -10.1643276 -10.449358 56.9628487 -9.91985798 -9.01987648 92.6401978 9.99378967 -11.8974609 96.1676102 9.88939571 -12.0735216 94.9693756 7.60413408 -12.0124817 13.1507721 5.17414761 -10.4538069 15.3727379 6.32884073 -10.3789062 15.8003607 3.1029222 -10.3662872 99.5427246 9.76929665 -12.2546549 100.886848 7.48704052 -12.3312607 97.6883926 7.89716291 -12.1534929 67.9541245 9.2310524 -4.65844154 68.9682465 9.54880142 -6.16963196 66.5928955 9.56271744 -6.258286 143.036316 0.867912412 -10.4738226 143.819717 6.88068411e-15 -9.23325539 144.680344 0.361834168 -10.8903284 66.3267517 9.93908024 -8.82598495 66.1429291 10.2545862 -10.7855759 63.2827492 9.94090176 -8.90662575 68.5506058 9.86535263 -8.31706619 66.5928955 9.56271744 -6.258286 68.9682465 9.54880142 -6.16963196 69.1949387 5.6558094 -0.836191416 69.4888153 7.61038113 -1.90475368 67.5035019 6.75665236 -1.30474818 62.4667511 10.2281942 -10.6594439 60.4062691 9.94561958 -9.03219891 63.2827492 9.94090176 -8.90662575 13.1507721 5.17414761 -10.4538069 12.3261309 8.41050243 -10.4837255 15.3727379 6.32884073 -10.3789062 132.571472 -6.88256884 -15.0394115 130.529282 -4.95046568 -14.8352041 132.447571 -3.32502413 -15.0271816 51.6715088 6.22163582 -10.3530903 52.0580215 10.130374 -10.3609028 53.6552849 7.94268513 -10.4012442 44.4074745 9.41181946 -7.10814095 43.0613899 9.63879967 -8.43094826 42.4566269 9.24504662 -6.55108929 30.3456879 8.89807224 -7.08256292 32.481926 8.9541254 -6.88973141 31.7355137 9.3321228 -8.68599224 47.2289963 9.17453766 -5.72755241 48.6496887 8.95736027 -4.91936636 48.6343422 9.53567791 -7.32435369 128.769714 0.475057095 -0.536506593 130.216766 0.642439008 -0.661847115 129.124985 0.986167252 -1.46511734 135.619568 -6.28507233 -15.3211536 132.571472 -6.88256884 -15.0394115 132.447571 -3.32502413 -15.0271816 101.078026 -7.77271986 -12.3421841 97.8478317 -7.33378983 -12.1620197 101.693344 -4.82847023 -12.3780222 55.2699471 9.79186058 -8.33701706 56.9717636 9.49665642 -6.26819038 57.4598198 9.88117981 -8.76437759 58.8710747 10.1961565 -10.5458097 55.403759 10.1633606 -10.446599 57.4598198 9.88117981 -8.76437759 25.5618248 4.56608677 -10.1580362 22.8845291 2.66250539 -10.1993837 24.0194588 6.56664562 -10.1808071 124.621574 -4.16858053 -14.2441654 121.00779 -4.64746809 -13.868228 122.886803 -1.09269905 -14.0746517 9.48487282 -2.34117508 -10.6022511 11.2104301 -5.12443447 -10.528019 8.08544636 -4.89287853 -10.664834 130.8591 4.62384796 -10.6940031 132.807739 3.94997168 -10.4839029 132.090515 5.1227212 -12.0225792 127.53125 0.788837492 -0.992872715 127.933838 1.56378388 -2.40402746 126.450867 1.74845982 -2.40429425 132.293869 2.367275 -6.95131111 130.177414 3.21059442 -7.66550446 130.527435 2.58652115 -6.3151145 132.807739 3.94997168 -10.4839029 133.666458 4.99431896 -12.4914169 132.090515 5.1227212 -12.0225792 121.039345 2.10199904 -13.8714781 124.703415 2.04936266 -14.25247 122.886803 -1.09269905 -14.0746517 37.9781609 0.178132653 -10.1171331 42.3209839 1.06751001 -10.1671009 41.0293465 -1.79921031 -10.1476908 39.5931244 -4.44889021 -10.129117 36.6869812 -2.97932243 -10.107996 41.0293465 -1.79921031 -10.1476908 42.3209839 1.06751001 -10.1671009 44.954155 -1.99876404 -10.2112675 41.0293465 -1.79921031 -10.1476908 46.3846931 6.73039722 -10.2379885 49.0821495 3.50929809 -10.2930174 44.892868 3.51558828 -10.2101231 42.3209839 1.06751001 -10.1671009 40.9791489 4.11074924 -10.1470413 44.892868 3.51558828 -10.2101231 71.1599655 3.61089659 -10.973444 66.4108582 2.58658171 -10.7959166 68.1194534 6.48556614 -10.859786 71.1599655 3.61089659 -10.973444 68.1194534 6.48556614 -10.859786 72.9301453 6.59698248 -11.0407219 56.217804 6.62626219 -10.4707804 53.9415512 3.37877226 -10.4090118 53.6552849 7.94268513 -10.4012442 80.8551025 -10.2170677 -11.3666563 78.7882309 -6.50915146 -11.2790537 82.9989548 -6.83157539 -11.4596949 55.403759 10.1633606 -10.446599 56.217804 6.62626219 -10.4707804 53.6552849 7.94268513 -10.4012442 85.7726212 -4.003685 -11.5813723 90.4117737 -5.29394007 -11.7928295 87.19767 -7.12725544 -11.6450024 124.1409 5.5196085 -9.1745491 126.679848 4.55815506 -8.51575184 126.747887 5.56505489 -10.5125074 14.2396307 -5.52839184 -10.4154186 17.2407627 -2.86629987 -10.3246031 16.988987 -5.94866467 -10.3312607 137.124588 -4.20037365 -15.4456396 135.619568 -6.28507233 -15.3211536 135.237869 -3.01180959 -15.2875242 107.450027 5.55442858 -12.7405672 106.466171 9.45081329 -12.6749811 110.116417 9.23711205 -12.9264975 93.1517868 5.47096062 -11.9230509 92.6401978 9.99378967 -11.8974609 94.9693756 7.60413408 -12.0124817 126.97715 0.105287984 0.1664408 127.119347 -5.18462567e-16 1.26695395 128.314911 0.312599093 0.453507811 133.511658 -0.611240566 -15.1292706 135.237869 -3.01180959 -15.2875242 132.447571 -3.32502413 -15.0271816 128.464844 -2.77327299 -14.6304646 130.158295 -0.543541014 -14.7981968 132.447571 -3.32502413 -15.0271816 96.1676102 9.88939571 -12.0735216 99.5427246 9.76929665 -12.2546549 97.6883926 7.89716291 -12.1534929 58.4662552 3.47013545 -10.5361252 56.217804 6.62626219 -10.4707804 60.1111565 6.85959387 -10.5894613 22.2635918 9.12222862 -10.2106638 24.8318367 9.27022362 -10.1675091 24.0194588 6.56664562 -10.1808071 92.6401978 9.99378967 -11.8974609 93.1517868 5.47096062 -11.9230509 89.5957413 6.45177174 -11.7547884 87.4169083 3.03419781 -11.6548624 85.3804398 6.88083172 -11.564168 89.5957413 6.45177174 -11.7547884 26.5309048 -2.59331036 -10.1454601 23.8444691 -4.43193579 -10.183671 23.0318851 -0.574495196 -10.1969719 52.0580215 10.130374 -10.3609028 51.6715088 6.22163582 -10.3530903 49.1705017 7.35437775 -10.2948751 45.6612968 10.0490007 -10.2234907 46.3846931 6.73039722 -10.2379885 43.2252731 6.90922356 -10.1815023 39.8669281 6.77423954 -10.132658 42.4598541 9.98907661 -10.1683445 43.2252731 6.90922356 -10.1815023 94.9693756 7.60413408 -12.0124817 96.1676102 9.88939571 -12.0735216 97.6883926 7.89716291 -12.1534929 83.2809143 3.48694849 -11.472064 79.865654 1.2128942 -11.3246918 81.0429611 6.46426678 -11.3749971 93.1517868 5.47096062 -11.9230509 94.9693756 7.60413408 -12.0124817 97.9479523 5.08995199 -12.1673746 62.5078506 -10.2285337 -10.6608009 59.2503548 -7.00803185 -10.5615501 62.581543 -7.15276575 -10.6695652 101.935585 -9.24923134 -10.1837196 99.6140442 -9.50513649 -10.7219391 102.761955 -9.63402462 -12.441514 133.511658 -0.611240566 -15.1292706 132.447571 -3.32502413 -15.0271816 130.158295 -0.543541014 -14.7981968 126.43425 -0.678001642 -14.4277563 128.360184 2.10973191 -14.620122 130.158295 -0.543541014 -14.7981968 117.774376 -8.64182758 -13.5488482 113.854996 -8.97596264 -13.2105713 117.188835 -5.1420331 -13.4954004 55.5055504 -10.1643276 -10.449358 52.3530769 -6.46247005 -10.3692017 56.1609573 -6.65609932 -10.4692373 22.0850105 -6.74432325 -10.2146807 24.3711777 -6.99994946 -10.1750498 22.3280888 -9.12607384 -10.209466 29.4009094 6.28036833 -10.114748 32.2127571 6.8087225 -10.1017942 31.256731 3.438411 -10.1039782 33.7212334 -9.70853329 -10.094224 30.7746544 -9.57632542 -10.1035452 32.9746208 -6.72263241 -10.1000547 46.3846931 6.73039722 -10.2379885 44.892868 3.51558828 -10.2101231 43.2252731 6.90922356 -10.1815023 9.83100414 8.17628193 -10.585474 11.2497578 6.58214712 -10.5264435 8.71380234 6.38344526 -10.636734 33.7212334 -9.70853329 -10.094224 32.9746208 -6.72263241 -10.1000547 35.3418884 -8.10089493 -10.0984783 22.2635918 9.12222862 -10.2106638 24.0194588 6.56664562 -10.1808071 21.8472099 7.05637598 -10.2192869 39.3219643 9.90943813 -10.1259041 39.8669281 6.77423954 -10.132658 37.7388763 8.0769825 -10.1154404 72.6272125 -4.18766069 -11.0286283 77.0566711 -2.4209373 -11.2074423 75.0497589 -6.69361687 -11.1253386 124.621574 -4.16858053 -14.2441654 124.263847 -7.98601007 -14.208065 121.00779 -4.64746809 -13.868228 117.188835 -5.1420331 -13.4954004 119.141624 -1.14400315 -13.680048 121.00779 -4.64746809 -13.868228 121.573151 3.96172938e-12 -0.000436792034 121.573334 1.60491538 -1.42532313 119.524529 5.20607136e-06 -0.000390844565 54.6657906 -3.2968514 -10.4286652 59.9351616 -3.48355317 -10.5837545 56.1609573 -6.65609932 -10.4692373 55.2699471 9.79186058 -8.33701706 57.4598198 9.88117981 -8.76437759 55.403759 10.1633606 -10.446599 40.4733315 -7.19649744 -10.1405001 43.1055222 -4.82537651 -10.179595 43.0289574 -7.78279161 -10.1783752 53.9415512 3.37877226 -10.4090118 49.0821495 3.50929809 -10.2930174 51.6715088 6.22163582 -10.3530903 85.2656174 10.153533 -11.558671 89.0183487 10.0812712 -11.7272949 85.3804398 6.88083172 -11.564168 83.2809143 3.48694849 -11.472064 81.0429611 6.46426678 -11.3749971 85.3804398 6.88083172 -11.564168 11.2104301 -5.12443447 -10.528019 13.5549335 -2.56364942 -10.4389935 14.2396307 -5.52839184 -10.4154186 36.2883453 9.80978394 -10.1007872 39.3219643 9.90943813 -10.1259041 37.7388763 8.0769825 -10.1154404 12.5891724 2.37939286 -10.47439 15.6363401 0.100074612 -10.3711271 11.4280958 -0.156040534 -10.5193033 9.48487282 -2.34117508 -10.6022511 7.18066406 -0.226045817 -10.7080994 11.4280958 -0.156040534 -10.5193033 17.2407627 -2.86629987 -10.3246031 13.5549335 -2.56364942 -10.4389935 15.6363401 0.100074612 -10.3711271 15.8003607 3.1029222 -10.3662872 19.2448349 2.59637475 -10.2743454 15.6363401 0.100074612 -10.3711271 125.612076 4.83103418 -14.3446617 126.886162 7.67648029 -14.4734287 128.246246 4.98989248 -14.6088619 30.7746544 -9.57632542 -10.1035452 29.607935 -5.86266518 -10.1129208 32.9746208 -6.72263241 -10.1000547 0.496277273 6.1223464 -7.70122337 -0.311265588 4.50161648 -8.98598862 0.112614349 4.66798878 -7.5316782 126.450867 1.74845982 -2.40429425 128.193832 2.32605362 -4.25033379 126.552643 2.71928978 -4.4236989 1.98246431 3.25483203 -10.9382019 1.1738987 0.680241108 -10.9718914 -1.2984035 2.09232402 -11.0793753 19.7070484 6.83622885 -10.263958 19.8248482 8.97137356 -10.2605257 21.8472099 7.05637598 -10.2192869 46.3846931 6.73039722 -10.2379885 48.7957878 10.0933371 -10.2864771 49.1705017 7.35437775 -10.2948751 137.0755 -0.186367199 -15.441762 140.296158 2.15882134 -15.6782818 140.474182 -0.120117001 -15.6900692 0.584847391 5.17979002 -6.18647242 0.112614349 4.66798878 -7.5316782 0.345409483 3.49311686 -5.78816605 51.6715088 6.22163582 -10.3530903 49.0821495 3.50929809 -10.2930174 49.1705017 7.35437775 -10.2948751 42.4916611 -9.98976898 -10.1688423 40.4733315 -7.19649744 -10.1405001 43.0289574 -7.78279161 -10.1783752 131.497818 7.06091166 -14.9324675 130.810913 4.40879726 -14.8634596 129.318039 7.37670994 -14.714777 13.1507721 5.17414761 -10.4538069 10.1905594 4.66223383 -10.570693 11.2497578 6.58214712 -10.5264435 49.9140739 -3.18029809 -10.3115463 52.3530769 -6.46247005 -10.3692017 49.0234108 -7.08127594 -10.2917824 137.675537 0.729550183 -1.24103594 138.529312 0.317241639 -2.39669442 137.371521 0.439737648 -2.39989424 32.9746208 -6.72263241 -10.1000547 33.1446648 -4.16730165 -10.0996656 36.7774506 -5.9227972 -10.1086369 124.703415 2.04936266 -14.25247 122.512283 5.11168289 -14.0387669 125.612076 4.83103418 -14.3446617 127.613228 -0.947018504 -1.21720588 129.071808 -0.909491539 -1.30569077 128.705109 -0.386892229 -0.357538253 39.5931244 -4.44889021 -10.129117 43.1055222 -4.82537651 -10.179595 40.4733315 -7.19649744 -10.1405001 126.450867 1.74845982 -2.40429425 127.933838 1.56378388 -2.40402746 128.193832 2.32605362 -4.25033379 43.1055222 -4.82537651 -10.179595 45.767807 -7.40864611 -10.2264662 43.0289574 -7.78279161 -10.1783752 140.296158 2.15882134 -15.6782818 137.417877 2.07408643 -15.4685135 138.808975 3.71360731 -15.574173 133.511658 -0.611240566 -15.1292706 134.634094 1.65389132 -15.233283 137.0755 -0.186367199 -15.441762 140.296158 2.15882134 -15.6782818 137.0755 -0.186367199 -15.441762 137.417877 2.07408643 -15.4685135 147.587433 0.750074923 -13.8891172 147.917801 9.83164525e-15 -13.4214211 149.63205 1.07291851e-14 -14.6951809 5.29897976 -2.48738027 -10.8000174 8.08544636 -4.89287853 -10.664834 5.22836733 -5.19715166 -10.8029594 40.9791489 4.11074924 -10.1470413 37.7546654 3.31524897 -10.1155519 39.8669281 6.77423954 -10.132658 39.3219643 9.90943813 -10.1259041 42.4598541 9.98907661 -10.1683445 39.8669281 6.77423954 -10.132658 27.8337574 -9.43101025 -10.1285648 24.8318367 -9.27022362 -10.1675091 26.6859837 -6.40428448 -10.1434479 23.8444691 -4.43193579 -10.183671 26.5309048 -2.59331036 -10.1454601 26.6859837 -6.40428448 -10.1434479 1.91552603 -2.01940298 -10.9409914 5.29897976 -2.48738027 -10.8000174 2.34135723 -4.57698059 -10.9236031 2.36271787 -7.27068615 -10.9540157 -0.110592701 -6.9188199 -11.0804691 2.34135723 -4.57698059 -10.9236031 17.8771496 5.42244005 -10.3077736 17.3224907 8.80326271 -10.3221188 19.7070484 6.83622885 -10.263958 128.360184 2.10973191 -14.620122 128.246246 4.98989248 -14.6088619 130.810913 4.40879726 -14.8634596 128.360184 2.10973191 -14.620122 125.612076 4.83103418 -14.3446617 128.246246 4.98989248 -14.6088619 126.886162 7.67648029 -14.4734287 129.318039 7.37670994 -14.714777 128.246246 4.98989248 -14.6088619 102.761955 -9.63402462 -12.441514 99.2579041 -9.78026104 -12.2388115 101.078026 -7.77271986 -12.3421841 14.8221407 -8.61768913 -10.3961525 12.326087 -8.41049862 -10.4837275 14.2396307 -5.52839184 -10.4154186 101.693344 -4.82847023 -12.3780222 105.145508 -6.41443253 -12.5898285 101.078026 -7.77271986 -12.3421841 141.597748 0.886805475 -9.39644814 142.928696 6.05175818e-15 -7.77279425 143.819717 6.88068411e-15 -9.23325539 36.600502 -9.82107353 -10.1025305 35.3418884 -8.10089493 -10.0984783 38.219677 -8.04191208 -10.1188421 64.4561234 -9.68563747 -7.15868187 64.2161484 -10.0063486 -9.29303169 66.4627762 -9.93629932 -8.80590534 132.447571 -3.32502413 -15.0271816 135.237869 -3.01180959 -15.2875242 135.619568 -6.28507233 -15.3211536 36.600502 -9.82107353 -10.1025305 33.7212334 -9.70853329 -10.094224 35.3418884 -8.10089493 -10.0984783 135.619568 -6.28507233 -15.3211536 133.636368 -5.40722418 -13.1186895 132.571472 -6.88256884 -15.0394115 29.4009094 6.28036833 -10.114748 28.1128578 3.26001358 -10.1261129 26.8027859 7.09789562 -10.1419325 126.552643 2.71928978 -4.4236989 128.389877 3.17750764 -6.44746494 126.618256 3.61975121 -6.45293379 14.4366894 2.3470311e-15 -3.27470565 12.8717346 2.62201696e-15 -3.60701728 12.7874765 -1.61584496 -3.97312713 143.945328 -3.99811673 -15.8966856 141.323593 -4.81813717 -15.746295 141.373428 -2.38295197 -15.7493792 138.331894 -2.15059328 -15.538929 140.474182 -0.120117001 -15.6900692 141.373428 -2.38295197 -15.7493792 126.552643 2.71928978 -4.4236989 128.193832 2.32605362 -4.25033379 128.389877 3.17750764 -6.44746494 26.8027859 7.09789562 -10.1419325 24.8318367 9.27022362 -10.1675091 27.6465931 9.42135239 -10.1306162 127.933838 -1.56378388 -2.40402746 129.071808 -0.909491539 -1.30569077 127.613228 -0.947018504 -1.21720588 143.334457 0.0209072307 -15.8639822 140.474182 -0.120117001 -15.6900692 142.878815 2.10429668 -15.8385191 145.991043 0.872478008 -15.994978 145.441742 -1.14292705 -15.9701242 143.334457 0.0209072307 -15.8639822 143.945328 -3.99811673 -15.8966856 141.373428 -2.38295197 -15.7493792 143.470016 -1.94515598 -15.8713217 12.3261309 8.41050243 -10.4837255 13.1507721 5.17414761 -10.4538069 11.2497578 6.58214712 -10.5264435 146.419113 -3.10819197 -16.0140114 143.470016 -1.94515598 -15.8713217 145.441742 -1.14292705 -15.9701242 27.6465931 9.42135239 -10.1306162 29.4009094 6.28036833 -10.114748 26.8027859 7.09789562 -10.1419325 9.83100414 8.17628193 -10.585474 12.3261309 8.41050243 -10.4837255 11.2497578 6.58214712 -10.5264435 129.415466 -0.956233621 1.46239901 130.472931 -9.71651823e-16 1.91080236 128.993195 -7.74084988e-16 1.63011515 1.98246431 3.25483203 -10.9382019 1.32722712 5.50707817 -10.9819069 3.96361494 5.0926795 -10.8556557 24.0194588 6.56664562 -10.1808071 24.8318367 9.27022362 -10.1675091 26.8027859 7.09789562 -10.1419325 25.5618248 4.56608677 -10.1580362 24.0194588 6.56664562 -10.1808071 26.8027859 7.09789562 -10.1419325 129.318039 -7.37670994 -14.714777 126.886162 -7.67648029 -14.4734287 127.557022 -5.02524424 -14.5403128 12.8717346 2.62201696e-15 -3.60701728 10.6885262 2.97315404e-15 -4.03132915 12.7874765 -1.61584496 -3.97312713 0.212300181 -6.53969097 -9.40093613 0.496278614 -6.12234354 -7.70121479 -0.337134153 -4.5067935 -9.0908823 -0.785047352 -2.49550438 -9.30717659 -0.337134153 -4.5067935 -9.0908823 -0.091400966 -3.71933985 -7.4614706 126.618256 3.61975121 -6.45293379 128.601761 4.1858325 -8.8215065 126.679848 4.55815506 -8.51575184 10.6885262 2.97315404e-15 -4.03132915 10.5917511 -1.61911631 -4.34454584 12.7874765 -1.61584496 -3.97312713 126.618256 3.61975121 -6.45293379 128.389877 3.17750764 -6.44746494 128.601761 4.1858325 -8.8215065 130.529282 -4.95046568 -14.8352041 129.318039 -7.37670994 -14.714777 127.557022 -5.02524424 -14.5403128 128.464844 -2.77327299 -14.6304646 130.529282 -4.95046568 -14.8352041 127.557022 -5.02524424 -14.5403128 7.07544041 5.01579952 -10.7133207 4.85301399 7.6064558 -10.8251295 7.3335247 7.90905142 -10.7006578 126.679848 4.55815506 -8.51575184 128.601761 4.1858325 -8.8215065 126.747887 5.56505489 -10.5125074 126.552643 -2.7193017 -4.42372465 128.218964 -2.42516899 -4.50004911 127.933838 -1.56378388 -2.40402746 21.4138985 4.894382 -10.2276812 19.7070484 6.83622885 -10.263958 21.8472099 7.05637598 -10.2192869 135.505722 3.82192588 -15.3103943 137.056854 4.43711472 -15.4402475 137.417877 2.07408643 -15.4685135 126.747887 5.56505489 -10.5125074 128.601761 4.1858325 -8.8215065 128.862 5.37751436 -11.062233 24.830986 1.57569528 -1.60886657 22.7625256 4.40063924e-16 -0.969840944 24.8309689 -3.62183241e-16 5.50821028e-07 126.747887 5.56505489 -10.5125074 128.862 5.37751436 -11.062233 126.817894 6.61794996 -12.4980555 10.6885262 2.97315404e-15 -4.03132915 8.08659935 -1.62281501 -4.72622442 10.5917511 -1.61911631 -4.34454584 130.810913 4.40879726 -14.8634596 128.246246 4.98989248 -14.6088619 129.318039 7.37670994 -14.714777 126.817894 6.61794996 -12.4980555 128.862 5.37751436 -11.062233 129.077545 6.32858181 -12.7854643 126.817894 6.61794996 -12.4980555 129.077545 6.32858181 -12.7854643 126.886162 7.67648029 -14.4734287 126.886162 7.67648029 -14.4734287 129.077545 6.32858181 -12.7854643 129.318039 7.37670994 -14.714777 7.3335247 7.90905142 -10.7006578 9.83100414 8.17628193 -10.585474 8.71380234 6.38344526 -10.636734 127.613228 -0.947018504 -1.21720588 127.138351 -0.184377536 -0.141613021 126.125694 -0.687159181 -0.737520635 36.7774506 -5.9227972 -10.1086369 38.219677 -8.04191208 -10.1188421 35.3418884 -8.10089493 -10.0984783 127.613228 -0.947018504 -1.21720588 126.34314 -1.26142704 -1.53884041 127.933838 -1.56378388 -2.40402746 132.220505 -1.24793613 2.03319621 133.215057 -1.11835873 2.27714539 131.898941 -1.15414645e-15 2.17008615 126.552643 -2.7193017 -4.42372465 126.615669 -3.58164763 -6.36538649 128.218964 -2.42516899 -4.50004911 126.615669 -3.58164763 -6.36538649 128.404495 -3.24622226 -6.6242075 128.218964 -2.42516899 -4.50004911 126.615669 -3.58164763 -6.36538649 126.679848 -4.55818176 -8.51580811 128.404495 -3.24622226 -6.6242075 126.679848 -4.55818176 -8.51580811 128.591705 -4.13845968 -8.72239113 128.404495 -3.24622226 -6.6242075 126.679848 -4.55818176 -8.51580811 126.747833 -5.56422567 -10.5109224 128.591705 -4.13845968 -8.72239113 126.747833 -5.56422567 -10.5109224 128.820374 -5.19126558 -10.7268839 128.591705 -4.13845968 -8.72239113 138.808975 3.71360731 -15.574173 137.417877 2.07408643 -15.4685135 137.056854 4.43711472 -15.4402475 126.747833 -5.56422567 -10.5109224 126.817886 -6.61773968 -12.4976616 128.820374 -5.19126558 -10.7268839 10.6885262 2.97315404e-15 -4.03132915 7.40528154 3.4357901e-15 -4.59031868 8.08659935 -1.62281501 -4.72622442 126.817886 -6.61773968 -12.4976616 129.069351 -6.29270649 -12.7199678 128.820374 -5.19126558 -10.7268839 147.495193 -1.83123076 -15.0738373 146.419113 -3.10819197 -16.0140114 148.806534 -2.03434205 -16.1041088 126.817886 -6.61773968 -12.4976616 126.886162 -7.67648029 -14.4734287 129.069351 -6.29270649 -12.7199678 129.069351 -6.29270649 -12.7199678 126.886162 -7.67648029 -14.4734287 129.318039 -7.37670994 -14.714777 130.891983 6.34455299 -13.507988 129.318039 7.37670994 -14.714777 129.077545 6.32858181 -12.7854643 40.4733315 -7.19649744 -10.1405001 39.4710464 -9.9137516 -10.1275806 38.219677 -8.04191208 -10.1188421 137.985825 5.73041344 -15.5130396 138.808975 3.71360731 -15.574173 137.056854 4.43711472 -15.4402475 142.478149 3.57479858 -14.5635281 144.427322 3.83590937 -15.9213171 142.241409 4.54133606 -15.8022547 24.8313065 7.83272457 -5.57185984 26.3153439 8.67840004 -7.1366477 24.8316116 8.78666592 -7.9220252 135.505722 3.82192588 -15.3103943 135.830643 6.23865891 -15.3391657 137.056854 4.43711472 -15.4402475 148.319901 0.113836236 -16.0879002 148.806534 -2.03434205 -16.1041088 147.161606 -1.35431695 -16.0447407 39.4710464 -9.9137516 -10.1275806 36.600502 -9.82107353 -10.1025305 38.219677 -8.04191208 -10.1188421 146.419113 -3.10819197 -16.0140114 145.441742 -1.14292705 -15.9701242 147.161606 -1.35431695 -16.0447407 36.7774506 -5.9227972 -10.1086369 39.5931244 -4.44889021 -10.129117 38.219677 -8.04191208 -10.1188421 121.574547 -6.91617727 -10.9383936 120.117523 -6.59673691 -9.50396061 119.796768 -7.80904436 -12.2186661 145.441742 -1.14292705 -15.9701242 145.991043 0.872478008 -15.994978 147.161606 -1.35431695 -16.0447407 4.85301399 7.6064558 -10.8251295 7.07544041 5.01579952 -10.7133207 3.96361494 5.0926795 -10.8556557 2.35989428 7.27029228 -10.9541616 4.85301399 7.6064558 -10.8251295 3.96361494 5.0926795 -10.8556557 33.3719254 9.69367599 -10.0944071 36.2883453 9.80978394 -10.1007872 34.8502083 7.74996948 -10.0957699 7.07544041 5.01579952 -10.7133207 7.3335247 7.90905142 -10.7006578 8.71380234 6.38344526 -10.636734 32.2127571 6.8087225 -10.1017942 33.3719254 9.69367599 -10.0944071 34.8502083 7.74996948 -10.0957699 148.806534 -2.03434205 -16.1041088 146.419113 -3.10819197 -16.0140114 147.161606 -1.35431695 -16.0447407 10.1905594 4.66223383 -10.570693 7.07544041 5.01579952 -10.7133207 8.71380234 6.38344526 -10.636734 138.555664 -5.58552456 -15.5560341 135.619568 -6.28507233 -15.3211536 137.124588 -4.20037365 -15.4456396 7.40528154 3.4357901e-15 -4.59031868 5.43129158 -1.63225627 -5.07775736 8.08659935 -1.62281501 -4.72622442 7.40528154 3.4357901e-15 -4.59031868 4.2858839 3.812616e-15 -5.04556322 5.43129158 -1.63225627 -5.07775736 135.237869 -3.01180959 -15.2875242 138.331894 -2.15059328 -15.538929 137.124588 -4.20037365 -15.4456396 146.698395 2.99664879 -16.0258408 145.991043 0.872478008 -15.994978 144.78064 2.40790272 -15.937808 16.988987 -5.94866467 -10.3312607 19.6670341 -5.57193661 -10.2648573 17.3224907 -8.80326271 -10.3221188 -0.091400966 -3.71933985 -7.4614706 0.345407695 -3.49310374 -5.78816509 -0.411765963 -1.69205189 -7.56638718 142.878815 2.10429668 -15.8385191 144.427322 3.83590937 -15.9213171 144.78064 2.40790272 -15.937808 2.35989428 7.27029228 -10.9541616 3.96361494 5.0926795 -10.8556557 1.32722712 5.50707817 -10.9819069 -0.110592701 6.9188199 -11.0804691 2.35989428 7.27029228 -10.9541616 1.32722712 5.50707817 -10.9819069 4.2858839 3.812616e-15 -5.04556322 3.06588554 -1.6461221 -5.35159588 5.43129158 -1.63225627 -5.07775736 45.5851097 -10.0477743 -10.2220669 43.0289574 -7.78279161 -10.1783752 45.767807 -7.40864611 -10.2264662 4.2858839 3.812616e-15 -5.04556322 2.04411507 4.0550453e-15 -5.33841038 3.06588554 -1.6461221 -5.35159588 2.04411507 4.0550453e-15 -5.33841038 0.139816105 -1.75482452 -5.66360617 3.06588554 -1.6461221 -5.35159588 2.04411507 4.0550453e-15 -5.33841038 0.0305905603 4.26263486e-15 -5.58915854 0.139816105 -1.75482452 -5.66360617 24.830986 -1.57945764 -1.61154795 22.3838978 -3.76867533 -3.21948504 24.8310051 -3.81325674 -2.90905523 -0.743212521 4.91450787 -11.0798864 -0.110592701 6.9188199 -11.0804691 1.32722712 5.50707817 -10.9819069 0.584847391 5.17979002 -6.18647242 0.496277273 6.1223464 -7.70122337 0.112614349 4.66798878 -7.5316782 24.830986 -1.57945764 -1.61154795 21.1271152 -1.63480639 -2.33480334 22.3838978 -3.76867533 -3.21948504 121.573853 -4.38084793 -5.48304272 121.573532 -2.87844872 -3.09237194 119.744011 -3.9332118 -4.14835739 21.1271152 -1.63480639 -2.33480334 19.437582 -3.71285462 -3.60184383 22.3838978 -3.76867533 -3.21948504 21.1271152 -1.63480639 -2.33480334 18.1083012 -1.62431431 -2.95773339 19.437582 -3.71285462 -3.60184383 18.1083012 -1.62431431 -2.95773339 16.1960068 -3.65100908 -4.03128529 19.437582 -3.71285462 -3.60184383 1.98246431 3.25483203 -10.9382019 -0.743212521 4.91450787 -11.0798864 1.32722712 5.50707817 -10.9819069 18.1083012 -1.62431431 -2.95773339 15.1863737 -1.61654019 -3.53367662 16.1960068 -3.65100908 -4.03128529 15.1863737 -1.61654019 -3.53367662 13.2971897 -3.59808111 -4.417521 16.1960068 -3.65100908 -4.03128529 15.1863737 -1.61654019 -3.53367662 12.7874765 -1.61584496 -3.97312713 13.2971897 -3.59808111 -4.417521 0.212299392 6.53969193 -9.40093994 -0.311265588 4.50161648 -8.98598862 0.496277273 6.1223464 -7.70122337 12.7874765 -1.61584496 -3.97312713 10.6886005 -3.55572724 -4.75570345 13.2971897 -3.59808111 -4.417521 -0.753280878 2.27576923 -9.08029079 -0.984021127 7.03917413e-15 -9.4821434 -0.476715267 5.6509045e-15 -7.53565121 -0.22495535 2.77332401 -7.32494259 0.345409483 3.49311686 -5.78816605 0.112614349 4.66798878 -7.5316782 148.319901 0.113836236 -16.0879002 147.161606 -1.35431695 -16.0447407 145.991043 0.872478008 -15.994978 12.7874765 -1.61584496 -3.97312713 10.5917511 -1.61911631 -4.34454584 10.6886005 -3.55572724 -4.75570345 10.5917511 -1.61911631 -4.34454584 8.31661129 -3.52552652 -5.04077721 10.6886005 -3.55572724 -4.75570345 10.5917511 -1.61911631 -4.34454584 8.08659935 -1.62281501 -4.72622442 8.31661129 -3.52552652 -5.04077721 8.08659935 -1.62281501 -4.72622442 6.10577631 -3.5077188 -5.27449131 8.31661129 -3.52552652 -5.04077721 8.08659935 -1.62281501 -4.72622442 5.43129158 -1.63225627 -5.07775736 6.10577631 -3.5077188 -5.27449131 5.43129158 -1.63225627 -5.07775736 3.916816 -3.49873233 -5.47912502 6.10577631 -3.5077188 -5.27449131 48.9695206 -9.66414738 -8.03600025 47.4739456 -9.3461895 -6.40990973 46.7613258 -9.72873592 -8.56614304 27.8337574 -9.43101025 -10.1285648 29.607935 -5.86266518 -10.1129208 30.7746544 -9.57632542 -10.1035452 27.4824142 -3.43833137 -2.35710859 28.9787235 -4.89127541 -2.91726971 30.2090569 -3.53713751 -2.06499362 5.43129158 -1.63225627 -5.07775736 3.06588554 -1.6461221 -5.35159588 3.916816 -3.49873233 -5.47912502 3.06588554 -1.6461221 -5.35159588 2.00191998 -3.4949367 -5.64600468 3.916816 -3.49873233 -5.47912502 3.06588554 -1.6461221 -5.35159588 0.139816105 -1.75482452 -5.66360617 2.00191998 -3.4949367 -5.64600468 2.00191998 -3.4949367 -5.64600468 0.139816105 -1.75482452 -5.66360617 0.345407695 -3.49310374 -5.78816509 24.8310051 -3.81325674 -2.90905523 22.3838978 -3.76867533 -3.21948504 24.8311005 -5.97076607 -4.00395823 22.3838978 -3.76867533 -3.21948504 20.8893681 -6.03056955 -4.47195911 24.8311005 -5.97076607 -4.00395823 90.1061401 -9.76315403 -9.60959339 88.7653351 -9.45663071 -7.47201252 87.5127335 -9.87965298 -9.88734818 120.18119 -1.55867863 -1.25300765 121.573151 3.96172938e-12 -0.000436792034 119.524529 5.20607136e-06 -0.000390844565 138.529312 0.317241639 -2.39669442 137.714279 0.456884563 -3.23387074 137.371521 0.439737648 -2.39989424 22.3838978 -3.76867533 -3.21948504 19.437582 -3.71285462 -3.60184383 20.8893681 -6.03056955 -4.47195911 117.774376 -8.64182758 -13.5488482 115.798027 -8.08991814 -11.3058052 113.854996 -8.97596264 -13.2105713 112.881378 -5.45724583 -13.1341114 117.188835 -5.1420331 -13.4954004 113.854996 -8.97596264 -13.2105713 101.3703 -5.09352867e-05 1.83907389e-06 102.985344 -1.60058916 -0.532649934 103.689339 -4.55753616e-05 -2.0647085e-06 145.975937 -2.36163163 -14.8211393 146.419113 -3.10819197 -16.0140114 147.495193 -1.83123076 -15.0738373 92.2053375 -10.0052958 -11.8765287 90.1061401 -9.76315403 -9.60959339 88.5468903 -10.0913239 -11.7057562 70.4167328 -9.89950848 -8.54249954 69.7304688 -10.2697392 -10.9170904 72.7279053 -9.97572708 -9.08136177 101.379318 -8.7460928 -7.82013321 100.048981 -9.11747074 -8.86550426 101.935585 -9.24923134 -10.1837196 102.950272 -8.64184856 -7.98507166 101.379318 -8.7460928 -7.82013321 101.935585 -9.24923134 -10.1837196 86.5048141 -9.6267643 -8.00314522 87.5127335 -9.87965298 -9.88734818 88.7653351 -9.45663071 -7.47201252 38.0810051 -8.98982716 -6.18722153 36.5415726 -9.04204273 -6.55841541 38.1729736 -9.49889278 -8.31738758 53.3063774 -1.72580481 -0.16995433 52.6583748 -0.000256621308 1.06421851e-06 51.3757248 -2.249367 -0.274559796 -0.476715267 5.6509045e-15 -7.53565121 0.0305905603 4.26263486e-15 -5.58915854 0.139811188 1.75477231 -5.66360283 36.600502 -9.82107353 -10.1025305 39.4710464 -9.9137516 -10.1275806 38.1729736 -9.49889278 -8.31738758 62.581543 -7.15276575 -10.6695652 66.0821152 -10.2542267 -10.7834148 62.5078506 -10.2285337 -10.6608009 84.0104218 -9.69394398 -8.03309822 81.8520889 -9.93977928 -9.44056702 85.320488 -9.9128809 -9.73652363 65.0492325 -4.67353725 -0.549738169 66.4898376 -2.74415398 -0.19246313 63.2196617 -3.4056046 -0.297877878 61.959671 -0.000151612461 1.33448953e-06 61.5045052 -1.85437262 -0.116309851 64.4286728 -1.77143192 -0.100447446 64.179718 1.75240254 -0.099424541 61.959671 -0.000151612461 1.33448953e-06 64.2649994 -0.000140215852 1.39162876e-06 -0.311265588 4.50161648 -8.98598862 -0.753280878 2.27576923 -9.08029079 -0.22495535 2.77332401 -7.32494259 63.2196617 -3.4056046 -0.297877878 64.4286728 -1.77143192 -0.100447446 61.5045052 -1.85437262 -0.116309851 59.8734055 -3.03780341 -0.267228723 61.3110657 -4.43027925 -0.524375677 61.5045052 -1.85437262 -0.116309851 58.3588867 -1.72191072 -0.121840023 59.8734055 -3.03780341 -0.267228723 59.6688004 -0.000167388032 1.27479723e-06 59.9549522 2.9708159 -0.256268263 59.6688004 -0.000167388032 1.27479723e-06 61.959671 -0.000151612461 1.33448953e-06 -0.311265588 4.50161648 -8.98598862 -0.22495535 2.77332401 -7.32494259 0.112614349 4.66798878 -7.5316782 73.3437881 -10.2700329 -11.0567627 72.7279053 -9.97572708 -9.08136177 69.7304688 -10.2697392 -10.9170904 121.573204 -8.25954056 -13.9375429 121.574547 -6.91617727 -10.9383936 119.796768 -7.80904436 -12.2186661 117.774376 -8.64182758 -13.5488482 121.573204 -8.25954056 -13.9375429 119.796768 -7.80904436 -12.2186661 146.378433 0.583181918 -12.7643709 146.369583 8.91092975e-15 -12.1147346 147.917801 9.83164525e-15 -13.4214211 66.4898376 -2.74415398 -0.19246313 68.7273712 -3.76509762 -0.345475107 68.7037888 -1.84268022 -0.104004823 91.106514 -9.38393879 -7.592206 90.1061401 -9.76315403 -9.60959339 92.6935349 -9.72870636 -10.0133762 1.91552603 -2.01940298 -10.9409914 2.34135723 -4.57698059 -10.9236031 -0.743212819 -4.91450691 -11.0798864 93.1620255 -9.38977528 -8.10464954 91.106514 -9.38393879 -7.592206 92.6935349 -9.72870636 -10.0133762 94.9185486 -9.56929874 -9.60879612 93.1620255 -9.38977528 -8.10464954 92.6935349 -9.72870636 -10.0133762 93.5121918 -6.76108599 -11.9407368 95.7432404 -9.90304375 -12.0516901 92.2053375 -10.0052958 -11.8765287 39.3219643 9.90943813 -10.1259041 36.2883453 9.80978394 -10.1007872 38.6955299 9.50777435 -8.28794765 19.437582 -3.71285462 -3.60184383 17.7711182 -5.92355442 -4.75039148 20.8893681 -6.03056955 -4.47195911 4.85318756 -7.60647869 -10.82512 5.22836733 -5.19715166 -10.8029594 7.33279562 -7.90896797 -10.7006931 33.76408 1.36339009 -0.597408354 31.7843323 -0.000831435376 -1.52644702e-07 34.1076241 -0.000686978863 1.9875996e-08 31.0246983 -8.96066475 -7.1824398 29.555788 -8.3225956 -5.75716686 29.2104073 -9.14286327 -8.38080406 118.045914 -7.43509197 -10.5376663 117.774376 -8.64182758 -13.5488482 119.796768 -7.80904436 -12.2186661 40.4733315 -7.19649744 -10.1405001 42.4916611 -9.98976898 -10.1688423 39.4710464 -9.9137516 -10.1275806 24.8315964 -8.75878048 -7.8041935 26.5929375 -9.05950737 -8.67055607 26.3281078 -8.22147751 -5.9896245 80.8551025 -10.2170677 -11.3666563 81.8520889 -9.93977928 -9.44056702 78.8954849 -9.90060329 -8.87157536 27.4824142 -3.43833137 -2.35710859 30.2090569 -3.53713751 -2.06499362 28.7380981 -1.82926333 -1.20310879 26.666008 -1.79262078 -1.43182695 27.4824142 -3.43833137 -2.35710859 28.7380981 -1.82926333 -1.20310879 -0.22495535 2.77332401 -7.32494259 0.139811188 1.75477231 -5.66360283 0.345409483 3.49311686 -5.78816605 121.574181 -5.66699886 -8.13730812 119.674774 -5.20927238 -6.227283 118.855568 -6.23538685 -8.03720188 0.0305905603 4.26263486e-15 -5.58915854 -0.476715267 5.6509045e-15 -7.53565121 0.139816105 -1.75482452 -5.66360617 70.4167328 -9.89950848 -8.54249954 72.2261887 -9.6558609 -6.92045832 69.1843338 -9.56097221 -6.24853182 68.9373169 -7.48781109 -1.7942462 69.0791016 -5.72751856 -0.861116171 66.5922012 -6.55777454 -1.20246971 66.5922012 -6.55777454 -1.20246971 67.3010941 -5.00385189 -0.629755497 65.0492325 -4.67353725 -0.549738169 68.7273712 -3.76509762 -0.345475107 66.4898376 -2.74415398 -0.19246313 67.3010941 -5.00385189 -0.629755497 63.2196617 -3.4056046 -0.297877878 62.9669113 -5.68418217 -0.871387482 65.0492325 -4.67353725 -0.549738169 64.4286728 -1.77143192 -0.100447446 63.2196617 -3.4056046 -0.297877878 66.4898376 -2.74415398 -0.19246313 66.4898376 -2.74415398 -0.19246313 65.0492325 -4.67353725 -0.549738169 67.3010941 -5.00385189 -0.629755497 62.9669113 -5.68418217 -0.871387482 64.6602325 -6.85385036 -1.36491001 65.0492325 -4.67353725 -0.549738169 115.798027 -8.08991814 -11.3058052 116.858711 -6.7375164 -8.25170231 114.751633 -7.54371214 -9.33173466 112.740013 -8.41644192 -11.0515594 115.798027 -8.08991814 -11.3058052 114.751633 -7.54371214 -9.33173466 115.132111 -6.56393337 -7.08162308 113.496498 -7.06785965 -7.56345797 114.751633 -7.54371214 -9.33173466 116.858711 -6.7375164 -8.25170231 115.132111 -6.56393337 -7.08162308 114.751633 -7.54371214 -9.33173466 84.7396774 -10.1623096 -11.5354538 88.5468903 -10.0913239 -11.7057562 87.5127335 -9.87965298 -9.88734818 117.452179 6.88044882 -8.87678719 119.856194 5.68089294 -7.28396416 119.629463 6.62645721 -9.33097935 77.0492554 -10.2528467 -11.2066069 80.8551025 -10.2170677 -11.3666563 78.8954849 -9.90060329 -8.87157536 137.371521 0.439737648 -2.39989424 136.244217 0.679282844 -3.5345149 136.2202 0.56332612 -2.40197301 24.8318367 -9.27022362 -10.1675091 27.8337574 -9.43101025 -10.1285648 26.5929375 -9.05950737 -8.67055607 51.8901672 -9.45325851 -6.48591089 50.1580238 -9.40320873 -6.39544916 51.6385689 -9.78721809 -8.53682137 29.2104073 -9.14286327 -8.38080406 27.7805042 -8.68016434 -6.8472023 26.5929375 -9.05950737 -8.67055607 27.8337574 -9.43101025 -10.1285648 29.2104073 -9.14286327 -8.38080406 26.5929375 -9.05950737 -8.67055607 52.1101913 -10.1309156 -10.3621655 51.6385689 -9.78721809 -8.53682137 48.8015366 -10.0934095 -10.2866011 136.542892 0.651837647 -1.52432823 137.371521 0.439737648 -2.39989424 136.2202 0.56332612 -2.40197301 19.437582 -3.71285462 -3.60184383 16.1960068 -3.65100908 -4.03128529 17.7711182 -5.92355442 -4.75039148 69.1843338 -9.56097221 -6.24853182 68.2365646 -9.84983063 -8.21591473 70.4167328 -9.89950848 -8.54249954 79.0509872 -1.98927712 -0.157191306 78.1755524 -0.000103979779 1.70786052e-06 77.216774 -1.52471077 -0.101841986 116.858711 -6.7375164 -8.25170231 118.045914 -7.43509197 -10.5376663 118.855568 -6.23538685 -8.03720188 116.858711 -6.7375164 -8.25170231 118.855568 -6.23538685 -8.03720188 117.863564 -5.36070538 -5.79539061 118.045914 -7.43509197 -10.5376663 119.796768 -7.80904436 -12.2186661 120.117523 -6.59673691 -9.50396061 104.328133 -8.80195332 -9.09479046 104.117119 -9.24952316 -10.9769344 105.928719 -9.01484108 -10.6008234 48.9695206 -9.66414738 -8.03600025 50.1580238 -9.40320873 -6.39544916 47.4739456 -9.3461895 -6.40990973 108.061958 -8.89856625 -10.9348373 106.232437 -8.49336815 -8.68192768 105.928719 -9.01484108 -10.6008234 44.0176353 -1.67710149 -0.33392784 43.3828812 -0.000439026946 6.6483949e-07 42.2410393 -2.24413371 -0.536310673 59.4772491 -5.50751638 -0.871165335 59.1400833 -7.70383453 -2.09344316 61.0560036 -6.6343956 -1.30207241 16.1960068 -3.65100908 -4.03128529 14.7070761 -5.81557465 -5.02999401 17.7711182 -5.92355442 -4.75039148 16.1960068 -3.65100908 -4.03128529 13.2971897 -3.59808111 -4.417521 14.7070761 -5.81557465 -5.02999401 68.8672028 -8.90494156 -3.75112772 66.5924606 -9.03954029 -4.07558537 69.1843338 -9.56097221 -6.24853182 13.2971897 -3.59808111 -4.417521 11.9600658 -5.71646547 -5.28164339 14.7070761 -5.81557465 -5.02999401 13.2971897 -3.59808111 -4.417521 10.6886005 -3.55572724 -4.75570345 11.9600658 -5.71646547 -5.28164339 40.3554497 1.63692427 -0.434750944 38.7034645 -0.000527107739 3.64893822e-07 41.055378 -0.000480870309 5.25182145e-07 54.7078209 -3.06083536 -0.347794414 56.6188965 -3.0656271 -0.31442681 55.7922974 -1.44552279 -0.11422424 35.5596962 1.977036 -0.783055663 33.76408 1.36339009 -0.597408354 36.4175911 -0.000590035808 1.9581914e-07 38.7034645 -0.000527107739 3.64893822e-07 40.2252579 -1.66720963 -0.448361665 41.055378 -0.000480870309 5.25182145e-07 30.8923168 -5.42381001 -2.97733951 32.5265961 -6.20403051 -3.26508474 32.4933624 -4.12600374 -2.09493136 33.1320877 -2.10411406 -1.0077467 30.9401398 -1.85555053 -1.03305924 32.4933624 -4.12600374 -2.09493136 34.63591 -3.97956967 -1.77908862 33.1320877 -2.10411406 -1.0077467 32.4933624 -4.12600374 -2.09493136 32.5265961 -6.20403051 -3.26508474 34.5280533 -5.77007771 -2.74726772 32.4933624 -4.12600374 -2.09493136 43.7660446 -9.41058922 -7.17792416 44.5583115 -9.73444653 -8.77444172 45.6711006 -9.3453722 -6.61805153 40.9612541 -5.25961637 -1.77097714 42.619873 -4.40723705 -1.24756789 40.438633 -3.50162911 -1.04880953 134.634094 1.65389132 -15.233283 133.328461 4.20112801 -15.1122942 135.505722 3.82192588 -15.3103943 129.071808 -0.909491539 -1.30569077 129.643158 -0.559442937 -0.549408197 128.705109 -0.386892229 -0.357538253 48.9695206 -9.66414738 -8.03600025 48.8015366 -10.0934095 -10.2866011 51.6385689 -9.78721809 -8.53682137 106.332962 -9.45795441 -12.6662235 108.061958 -8.89856625 -10.9348373 105.928719 -9.01484108 -10.6008234 104.117119 -9.24952316 -10.9769344 106.332962 -9.45795441 -12.6662235 105.928719 -9.01484108 -10.6008234 74.1601715 -9.76137161 -7.67529488 72.7279053 -9.97572708 -9.08136177 75.9066544 -9.95139408 -9.03164577 140.142014 5.15842533 -15.668952 140.296158 2.15882134 -15.6782818 138.808975 3.71360731 -15.574173 72.2261887 -9.6558609 -6.92045832 74.1601715 -9.76137161 -7.67529488 73.8045959 -9.29772091 -5.05209875 123.081459 -2.99868131 -3.67758656 122.966721 -1.93624187 -2.05487895 121.573532 -2.87844872 -3.09237194 46.7613258 -9.72873592 -8.56614304 45.6711006 -9.3453722 -6.61805153 44.5583115 -9.73444653 -8.77444172 27.6465931 9.42135239 -10.1306162 29.5076923 9.22510433 -8.69739342 30.4955559 9.56306839 -10.1052999 51.8901672 -9.45325851 -6.48591089 51.6385689 -9.78721809 -8.53682137 53.5007858 -9.51642704 -6.70586061 34.8985443 -9.05321503 -6.84304428 33.417244 -9.20080185 -7.71565342 35.7893105 -9.46842766 -8.54182816 36.5415726 -9.04204273 -6.55841541 34.8985443 -9.05321503 -6.84304428 35.7893105 -9.46842766 -8.54182816 36.600502 -9.82107353 -10.1025305 38.1729736 -9.49889278 -8.31738758 35.7893105 -9.46842766 -8.54182816 40.143364 -9.12704945 -6.37818289 39.1674614 -8.46235085 -4.88579512 38.0810051 -8.98982716 -6.18722153 38.1729736 -9.49889278 -8.31738758 40.2202415 -9.55736446 -8.33512497 38.0810051 -8.98982716 -6.18722153 35.7893105 -9.46842766 -8.54182816 38.1729736 -9.49889278 -8.31738758 36.5415726 -9.04204273 -6.55841541 10.6886005 -3.55572724 -4.75570345 9.4764719 -5.62560701 -5.50302601 11.9600658 -5.71646547 -5.28164339 -0.984021127 7.03917413e-15 -9.4821434 -0.411765963 -1.69205189 -7.56638718 -0.476715267 5.6509045e-15 -7.53565121 -0.337134153 -4.5067935 -9.0908823 -0.743212819 -4.91450691 -11.0798864 0.212300181 -6.53969097 -9.40093613 88.5468903 -10.0913239 -11.7057562 90.1061401 -9.76315403 -9.60959339 87.5127335 -9.87965298 -9.88734818 81.9884949 -9.58139324 -7.10601759 81.8520889 -9.93977928 -9.44056702 84.0104218 -9.69394398 -8.03309822 83.5259781 -9.31795311 -6.01573372 81.9884949 -9.58139324 -7.10601759 84.0104218 -9.69394398 -8.03309822 73.3437881 -10.2700329 -11.0567627 77.0492554 -10.2528467 -11.2066069 75.9066544 -9.95139408 -9.03164577 100.920021 -1.78268456 -0.535997748 102.133751 -3.17682362 -1.19492912 102.985344 -1.60058916 -0.532649934 101.3703 -5.09352867e-05 1.83907389e-06 100.920021 -1.78268456 -0.535997748 102.985344 -1.60058916 -0.532649934 102.771935 1.6315577 -0.538005114 101.3703 -5.09352867e-05 1.83907389e-06 103.689339 -4.55753616e-05 -2.0647085e-06 104.072319 -3.30000091 -1.40249658 104.996429 -1.75257516 -0.662224889 102.985344 -1.60058916 -0.532649934 86.5048141 -9.6267643 -8.00314522 84.0104218 -9.69394398 -8.03309822 85.320488 -9.9128809 -9.73652363 42.4916611 -9.98976898 -10.1688423 45.5851097 -10.0477743 -10.2220669 44.5583115 -9.73444653 -8.77444172 101.935585 -9.24923134 -10.1837196 102.761955 -9.63402462 -12.441514 104.117119 -9.24952316 -10.9769344 104.328133 -8.80195332 -9.09479046 105.928719 -9.01484108 -10.6008234 106.232437 -8.49336815 -8.68192768 60.4109268 -9.94075203 -9.00210857 60.9651871 -9.62701702 -6.88343048 58.5674591 -9.73609543 -7.78187084 60.4109268 -9.94075203 -9.00210857 58.5674591 -9.73609543 -7.78187084 59.0224724 -10.1975727 -10.5503826 59.2263565 -9.45563221 -5.87084007 56.8287926 -9.52865028 -6.48249912 58.5674591 -9.73609543 -7.78187084 32.2127571 6.8087225 -10.1017942 30.4955559 9.56306839 -10.1052999 33.3719254 9.69367599 -10.0944071 10.6886005 -3.55572724 -4.75570345 8.31661129 -3.52552652 -5.04077721 9.4764719 -5.62560701 -5.50302601 42.2410393 -2.24413371 -0.536310673 44.2045174 -3.54116559 -0.83089757 44.0176353 -1.67710149 -0.33392784 30.9401398 -1.85555053 -1.03305924 30.2090569 -3.53713751 -2.06499362 32.4933624 -4.12600374 -2.09493136 68.2365646 -9.84983063 -8.21591473 69.1843338 -9.56097221 -6.24853182 66.5014267 -9.56838512 -6.29631901 66.5924606 -9.03954029 -4.07558537 66.5014267 -9.56838512 -6.29631901 69.1843338 -9.56097221 -6.24853182 59.2263565 -9.45563221 -5.87084007 60.9651871 -9.62701702 -6.88343048 61.2172318 -9.21672821 -4.73271132 59.725708 -8.82869053 -3.73519611 59.2263565 -9.45563221 -5.87084007 61.2172318 -9.21672821 -4.73271132 62.9231606 -8.8460741 -3.65746546 61.1690407 -8.24676418 -2.65093541 61.2172318 -9.21672821 -4.73271132 62.8193321 -9.4681406 -5.76707125 62.9231606 -8.8460741 -3.65746546 61.2172318 -9.21672821 -4.73271132 40.143364 -9.12704945 -6.37818289 42.0509186 -9.16470814 -6.2826395 41.1030045 -8.32263565 -4.43234825 59.2263565 -9.45563221 -5.87084007 58.5674591 -9.73609543 -7.78187084 60.9651871 -9.62701702 -6.88343048 62.8193321 -9.4681406 -5.76707125 61.2172318 -9.21672821 -4.73271132 60.9651871 -9.62701702 -6.88343048 141.218384 0.525251567 -7.80944443 141.995239 4.53765672e-15 -5.94170713 142.928696 6.05175818e-15 -7.77279425 111.031387 -1.91463971 -1.00889087 110.639236 -3.64737654 -2.27862549 112.264435 -3.37391329 -2.2195189 68.7037888 -1.84268022 -0.104004823 68.7273712 -3.76509762 -0.345475107 70.8448639 -2.50150442 -0.16864942 72.7771759 -1.77884769 -0.106317222 71.2192459 -0.000120106517 1.55324722e-06 70.8448639 -2.50150442 -0.16864942 62.9669113 -5.68418217 -0.871387482 61.3110657 -4.43027925 -0.524375677 61.0560036 -6.6343956 -1.30207241 62.9053879 -7.58849716 -1.88904095 62.9669113 -5.68418217 -0.871387482 61.0560036 -6.6343956 -1.30207241 59.1400833 -7.70383453 -2.09344316 61.1690407 -8.24676418 -2.65093541 61.0560036 -6.6343956 -1.30207241 98.0767288 -8.96516228 -7.5991106 96.2835388 -9.20213795 -8.05048656 97.9717407 -9.39726067 -9.56674671 119.2267 -2.73256063 -2.46045041 119.744011 -3.9332118 -4.14835739 121.573532 -2.87844872 -3.09237194 64.4561234 -9.68563747 -7.15868187 62.8193321 -9.4681406 -5.76707125 62.4164848 -9.8270874 -8.20228577 8.31661129 -3.52552652 -5.04077721 7.20026731 -5.54274321 -5.69318247 9.4764719 -5.62560701 -5.50302601 64.4561234 -9.68563747 -7.15868187 66.4627762 -9.93629932 -8.80590534 66.5014267 -9.56838512 -6.29631901 60.4109268 -9.94075203 -9.00210857 62.5078506 -10.2285337 -10.6608009 62.4164848 -9.8270874 -8.20228577 66.5014267 -9.56838512 -6.29631901 64.677063 -9.28272533 -4.86774921 64.4561234 -9.68563747 -7.15868187 62.9669113 -5.68418217 -0.871387482 63.2196617 -3.4056046 -0.297877878 61.3110657 -4.43027925 -0.524375677 59.4772491 -5.50751638 -0.871165335 61.0560036 -6.6343956 -1.30207241 61.3110657 -4.43027925 -0.524375677 59.8734055 -3.03780341 -0.267228723 59.4772491 -5.50751638 -0.871165335 61.3110657 -4.43027925 -0.524375677 63.2196617 -3.4056046 -0.297877878 61.5045052 -1.85437262 -0.116309851 61.3110657 -4.43027925 -0.524375677 59.1400833 -7.70383453 -2.09344316 59.725708 -8.82869053 -3.73519611 61.1690407 -8.24676418 -2.65093541 62.9053879 -7.58849716 -1.88904095 61.0560036 -6.6343956 -1.30207241 61.1690407 -8.24676418 -2.65093541 62.9231606 -8.8460741 -3.65746546 62.9053879 -7.58849716 -1.88904095 61.1690407 -8.24676418 -2.65093541 59.725708 -8.82869053 -3.73519611 61.2172318 -9.21672821 -4.73271132 61.1690407 -8.24676418 -2.65093541 68.9373169 -7.48781109 -1.7942462 71.9674988 -7.48539686 -1.85267353 70.6799393 -6.45484018 -1.17606425 69.0791016 -5.72751856 -0.861116171 68.9373169 -7.48781109 -1.7942462 70.6799393 -6.45484018 -1.17606425 72.3973999 -5.78617907 -0.910412133 70.7976532 -4.6409111 -0.539784014 70.6799393 -6.45484018 -1.17606425 71.9674988 -7.48539686 -1.85267353 72.3973999 -5.78617907 -0.910412133 70.6799393 -6.45484018 -1.17606425 69.0791016 -5.72751856 -0.861116171 70.6799393 -6.45484018 -1.17606425 70.7976532 -4.6409111 -0.539784014 68.7273712 -3.76509762 -0.345475107 69.0791016 -5.72751856 -0.861116171 70.7976532 -4.6409111 -0.539784014 70.8448639 -2.50150442 -0.16864942 68.7273712 -3.76509762 -0.345475107 70.7976532 -4.6409111 -0.539784014 72.3973999 -5.78617907 -0.910412133 72.476181 -3.80607009 -0.365349263 70.7976532 -4.6409111 -0.539784014 114.005783 -3.21976781 -2.27877235 112.911942 -1.68294835 -0.949941158 112.264435 -3.37391329 -2.2195189 113.248306 -4.57145262 -3.58259439 114.005783 -3.21976781 -2.27877235 112.264435 -3.37391329 -2.2195189 110.639236 -3.64737654 -2.27862549 110.997589 -4.96047878 -3.63593125 112.264435 -3.37391329 -2.2195189 86.5009995 -1.89723516 -0.229534581 88.5486603 -3.35078454 -0.571890771 88.4478912 -1.56156981 -0.206526175 84.8641815 1.65009904 -0.173443705 82.8133774 -9.32478943e-05 1.80914105e-06 85.1326752 -8.79138388e-05 1.85962415e-06 90.3811035 -2.24896359 -0.367832094 89.7608032 -7.73534848e-05 1.96087262e-06 88.4478912 -1.56156981 -0.206526175 88.5486603 -3.35078454 -0.571890771 90.3811035 -2.24896359 -0.367832094 88.4478912 -1.56156981 -0.206526175 72.2261887 -9.6558609 -6.92045832 72.0384293 -9.23001862 -4.73182726 70.6470184 -9.38016701 -5.28998518 70.6470184 -9.38016701 -5.28998518 69.1843338 -9.56097221 -6.24853182 72.2261887 -9.6558609 -6.92045832 70.6015701 -8.49577808 -2.99455047 68.8672028 -8.90494156 -3.75112772 70.6470184 -9.38016701 -5.28998518 72.0384293 -9.23001862 -4.73182726 70.6015701 -8.49577808 -2.99455047 70.6470184 -9.38016701 -5.28998518 96.7305756 -6.15298923e-05 2.11726388e-06 94.4104309 -6.67994755e-05 2.06454979e-06 95.4604492 -1.61848986 -0.343090445 95.880394 -3.79437852 -1.08817577 97.1714935 -2.15568829 -0.537883937 95.4604492 -1.61848986 -0.343090445 93.9102631 -2.60613441 -0.559345543 95.880394 -3.79437852 -1.08817577 95.4604492 -1.61848986 -0.343090445 92.2716522 -1.62995172 -0.281248212 94.4104309 -6.67994755e-05 2.06454979e-06 92.0888062 -7.20671087e-05 2.01247212e-06 80.5129242 -5.55650234 -1.01771176 82.0792084 -4.4161768 -0.655911863 80.5626984 -3.37690425 -0.373941451 8.31661129 -3.52552652 -5.04077721 6.10577631 -3.5077188 -5.27449131 7.20026731 -5.54274321 -5.69318247 97.9717407 -9.39726067 -9.56674671 95.7432404 -9.90304375 -12.0516901 99.6140442 -9.50513649 -10.7219391 82.0792084 -4.4161768 -0.655911863 83.1973648 -2.9705627 -0.346406251 80.5626984 -3.37690425 -0.373941451 62.9669113 -5.68418217 -0.871387482 62.9053879 -7.58849716 -1.88904095 64.6602325 -6.85385036 -1.36491001 66.5922012 -6.55777454 -1.20246971 65.0492325 -4.67353725 -0.549738169 64.6602325 -6.85385036 -1.36491001 66.9357452 -8.06791878 -2.34512544 66.5922012 -6.55777454 -1.20246971 64.6602325 -6.85385036 -1.36491001 62.9053879 -7.58849716 -1.88904095 64.7881622 -8.3885355 -2.7822001 64.6602325 -6.85385036 -1.36491001 66.5924606 -9.03954029 -4.07558537 66.9357452 -8.06791878 -2.34512544 64.7881622 -8.3885355 -2.7822001 62.9231606 -8.8460741 -3.65746546 64.677063 -9.28272533 -4.86774921 64.7881622 -8.3885355 -2.7822001 62.9053879 -7.58849716 -1.88904095 62.9231606 -8.8460741 -3.65746546 64.7881622 -8.3885355 -2.7822001 66.9357452 -8.06791878 -2.34512544 64.6602325 -6.85385036 -1.36491001 64.7881622 -8.3885355 -2.7822001 101.419701 -7.06772852 -4.41669369 102.898743 -6.02388811 -3.503901 100.809555 -6.02670717 -3.21208835 99.358963 -5.22229195 -2.30870008 98.4726791 -6.52880001 -3.37973881 100.809555 -6.02670717 -3.21208835 101.17337 -4.64026022 -2.05122614 99.358963 -5.22229195 -2.30870008 100.809555 -6.02670717 -3.21208835 102.898743 -6.02388811 -3.503901 102.847534 -4.66658449 -2.25477934 100.809555 -6.02670717 -3.21208835 119.2267 -2.73256063 -2.46045041 120.18119 -1.55867863 -1.25300765 118.29007 -1.43282056 -1.01459837 116.567688 -1.62954485 -1.08668649 117.250374 -3.03582692 -2.51417899 118.29007 -1.43282056 -1.01459837 117.12265 1.16290003e-05 -0.000343275489 114.904541 1.76730573e-05 -0.000247580494 116.567688 -1.62954485 -1.08668649 120.18119 -1.55867863 -1.25300765 119.524529 5.20607136e-06 -0.000390844565 118.29007 -1.43282056 -1.01459837 72.7771759 -1.77884769 -0.106317222 70.8448639 -2.50150442 -0.16864942 72.476181 -3.80607009 -0.365349263 55.5055504 -10.1643276 -10.449358 59.0224724 -10.1975727 -10.5503826 56.9628487 -9.91985798 -9.01987648 117.250374 -3.03582692 -2.51417899 117.72049 -4.23108149 -4.05472231 119.2267 -2.73256063 -2.46045041 72.3973999 -5.78617907 -0.910412133 73.9552002 -5.027318 -0.671771049 72.476181 -3.80607009 -0.365349263 70.8448639 -2.50150442 -0.16864942 70.7976532 -4.6409111 -0.539784014 72.476181 -3.80607009 -0.365349263 6.10577631 -3.5077188 -5.27449131 5.03976297 -5.46370125 -5.86487246 7.20026731 -5.54274321 -5.69318247 6.10577631 -3.5077188 -5.27449131 3.916816 -3.49873233 -5.47912502 5.03976297 -5.46370125 -5.86487246 100.048981 -9.11747074 -8.86550426 98.0767288 -8.96516228 -7.5991106 97.9717407 -9.39726067 -9.56674671 62.9231606 -8.8460741 -3.65746546 62.8193321 -9.4681406 -5.76707125 64.677063 -9.28272533 -4.86774921 66.5924606 -9.03954029 -4.07558537 64.7881622 -8.3885355 -2.7822001 64.677063 -9.28272533 -4.86774921 66.5014267 -9.56838512 -6.29631901 66.5924606 -9.03954029 -4.07558537 64.677063 -9.28272533 -4.86774921 62.8193321 -9.4681406 -5.76707125 64.4561234 -9.68563747 -7.15868187 64.677063 -9.28272533 -4.86774921 3.916816 -3.49873233 -5.47912502 3.06059551 -5.38710976 -6.02554417 5.03976297 -5.46370125 -5.86487246 3.916816 -3.49873233 -5.47912502 2.00191998 -3.4949367 -5.64600468 3.06059551 -5.38710976 -6.02554417 71.3215408 9.99869728 -9.20656776 73.706337 10.2691317 -11.0711393 69.9233017 10.2701702 -10.9243708 7.33279562 -7.90896797 -10.7006931 8.08544636 -4.89287853 -10.664834 9.83097935 -8.17627907 -10.585475 89.5957413 6.45177174 -11.7547884 85.3804398 6.88083172 -11.564168 89.0183487 10.0812712 -11.7272949 123.988762 4.53408194 -6.97976542 126.618256 3.61975121 -6.45293379 126.679848 4.55815506 -8.51575184 117.759911 8.64318752 -13.5475035 118.963036 7.64194489 -11.4609661 121.573204 8.25954056 -13.9375429 58.5674591 -9.73609543 -7.78187084 56.8287926 -9.52865028 -6.48249912 56.9628487 -9.91985798 -9.01987648 115.829544 8.04375744 -11.1897774 117.452179 6.88044882 -8.87678719 118.963036 7.64194489 -11.4609661 133.669693 6.68333149 -15.1454992 130.810913 4.40879726 -14.8634596 131.497818 7.06091166 -14.9324675 45.5851097 -10.0477743 -10.2220669 48.8015366 -10.0934095 -10.2866011 46.7613258 -9.72873592 -8.56614304 77.5280151 10.2493448 -11.2264166 73.706337 10.2691317 -11.0711393 76.3995743 9.997962 -9.3788681 71.3215408 9.99869728 -9.20656776 72.7723999 9.66667747 -7.00513315 73.6212921 9.97246075 -9.08367634 81.0429611 6.46426678 -11.3749971 77.5280151 10.2493448 -11.2264166 81.3845901 10.2106686 -11.3893642 78.4987946 2.45094442 -0.205262527 77.1983948 3.95079231 -0.438195646 76.5510025 1.77735543 -0.120719261 78.8207321 9.7988596 -8.16786098 76.3995743 9.997962 -9.3788681 77.1776123 9.58127022 -6.67258787 72.2261887 -9.6558609 -6.92045832 70.4167328 -9.89950848 -8.54249954 72.7279053 -9.97572708 -9.08136177 72.4427872 3.45763898 -0.303680688 70.8321304 4.45397758 -0.49429369 71.0224762 1.85035944 -0.107944593 73.5378876 -0.00011473924 1.6052843e-06 73.8951645 1.94355643 -0.123975679 71.0224762 1.85035944 -0.107944593 69.3699341 3.35662699 -0.277372599 68.2267761 1.85465801 -0.104637951 71.0224762 1.85035944 -0.107944593 73.9934998 4.55885792 -0.542420566 72.4427872 3.45763898 -0.303680688 73.8951645 1.94355643 -0.123975679 75.3846359 3.47763109 -0.326994985 73.9934998 4.55885792 -0.542420566 73.8951645 1.94355643 -0.123975679 75.8565521 -0.000109360917 1.65678955e-06 76.5510025 1.77735543 -0.120719261 73.8951645 1.94355643 -0.123975679 72.7771759 -1.77884769 -0.106317222 75.3194962 -1.82350135 -0.119079776 73.5378876 -0.00011473924 1.6052843e-06 2.00191998 -3.4949367 -5.64600468 0.584847927 -5.17979431 -6.18647528 3.06059551 -5.38710976 -6.02554417 30.8923168 -5.42381001 -2.97733951 32.4933624 -4.12600374 -2.09493136 30.2090569 -3.53713751 -2.06499362 2.00191998 -3.4949367 -5.64600468 0.345407695 -3.49310374 -5.78816509 0.584847927 -5.17979431 -6.18647528 74.1601715 -9.76137161 -7.67529488 72.2261887 -9.6558609 -6.92045832 72.7279053 -9.97572708 -9.08136177 47.4739456 -9.3461895 -6.40990973 45.6711006 -9.3453722 -6.61805153 46.7613258 -9.72873592 -8.56614304 86.1675034 9.68889332 -8.33207512 88.7820663 9.46447849 -7.51476812 87.5534134 9.89660549 -10.0191784 131.240616 -0.852414668 1.95690894 131.898941 -1.15414645e-15 2.17008615 130.472931 -9.71651823e-16 1.91080236 -0.091400966 -3.71933985 -7.4614706 -0.337134153 -4.5067935 -9.0908823 0.496278614 -6.12234354 -7.70121479 99.2579041 -9.78026104 -12.2388115 99.6140442 -9.50513649 -10.7219391 95.7432404 -9.90304375 -12.0516901 68.8996429 -0.000125581035 1.50054109e-06 71.0224762 1.85035944 -0.107944593 68.2267761 1.85465801 -0.104637951 91.1338501 9.38151741 -7.58657217 93.2445602 9.37921906 -8.07198811 92.8231735 9.71702099 -9.96913242 92.6401978 9.99378967 -11.8974609 90.2393951 9.75757694 -9.60189533 92.8231735 9.71702099 -9.96913242 94.9529877 9.5494585 -9.49824715 96.1676102 9.88939571 -12.0735216 92.8231735 9.71702099 -9.96913242 93.2445602 9.37921906 -8.07198811 94.9529877 9.5494585 -9.49824715 92.8231735 9.71702099 -9.96913242 45.3908806 1.95097518 -0.357854486 45.6203918 4.34187126 -1.0271455 44.1900024 3.43224645 -0.796689808 24.8311005 -5.97076607 -4.00395823 22.3841743 -7.7331357 -5.72899961 24.8313046 -7.82239056 -5.55824614 118.62149 2.82270098 -2.47438717 118.073776 4.25640106 -4.17355537 116.924377 2.80382538 -2.21670365 90.2393951 9.75757694 -9.60189533 89.0183487 10.0812712 -11.7272949 87.5534134 9.89660549 -10.0191784 24.8311005 -5.97076607 -4.00395823 20.8893681 -6.03056955 -4.47195911 22.3841743 -7.7331357 -5.72899961 123.988762 4.53408194 -6.97976542 121.574211 5.77581501 -8.38240337 121.573898 4.55596972 -5.80613756 87.5127335 -9.87965298 -9.88734818 86.5048141 -9.6267643 -8.00314522 85.320488 -9.9128809 -9.73652363 124.1409 5.5196085 -9.1745491 121.57457 6.98802948 -11.0988846 121.574211 5.77581501 -8.38240337 9.83097935 -8.17627907 -10.585475 11.2104301 -5.12443447 -10.528019 12.326087 -8.41049862 -10.4837275 58.3122482 1.715698 -0.121572442 59.6688004 -0.000167388032 1.27479723e-06 59.9549522 2.9708159 -0.256268263 61.2895546 4.31604576 -0.497281224 59.9549522 2.9708159 -0.256268263 62.5383415 2.81336474 -0.214239866 20.8893681 -6.03056955 -4.47195911 19.437851 -7.60965204 -5.93907738 22.3841743 -7.7331357 -5.72899961 20.8893681 -6.03056955 -4.47195911 17.7711182 -5.92355442 -4.75039148 19.437851 -7.60965204 -5.93907738 24.8318367 -9.27022362 -10.1675091 26.5929375 -9.05950737 -8.67055607 24.8315964 -8.75878048 -7.8041935 81.3845901 10.2106686 -11.3893642 77.5280151 10.2493448 -11.2264166 79.4978104 10.0470686 -9.96262074 17.7711182 -5.92355442 -4.75039148 16.1962719 -7.44559097 -6.18547106 19.437851 -7.60965204 -5.93907738 17.7711182 -5.92355442 -4.75039148 14.7070761 -5.81557465 -5.02999401 16.1962719 -7.44559097 -6.18547106 99.0204544 -1.46032882 -0.379700601 97.1714935 -2.15568829 -0.537883937 98.6490479 -3.10043478 -0.946267009 75.3846359 3.47763109 -0.326994985 73.8951645 1.94355643 -0.123975679 76.5510025 1.77735543 -0.120719261 77.1983948 3.95079231 -0.438195646 75.3846359 3.47763109 -0.326994985 76.5510025 1.77735543 -0.120719261 99.8046341 3.48549175 -1.19893885 98.4891663 2.22149086 -0.604684711 100.520767 1.70233917 -0.496062428 101.996788 3.13559103 -1.16428852 99.8046341 3.48549175 -1.19893885 100.520767 1.70233917 -0.496062428 101.3703 -5.09352867e-05 1.83907389e-06 102.771935 1.6315577 -0.538005114 100.520767 1.70233917 -0.496062428 84.7396774 -10.1623096 -11.5354538 87.5127335 -9.87965298 -9.88734818 85.320488 -9.9128809 -9.73652363 80.4944382 -9.86059094e-05 1.75860043e-06 82.8133774 -9.32478943e-05 1.80914105e-06 80.1136475 1.53087282 -0.118495271 14.822135 8.61768913 -10.3961525 15.3727379 6.32884073 -10.3789062 12.3261309 8.41050243 -10.4837255 78.4987946 2.45094442 -0.205262527 78.1755524 -0.000103979779 1.70786052e-06 80.1136475 1.53087282 -0.118495271 82.0385132 2.0498848 -0.191885114 80.3879547 3.56576753 -0.407862306 80.1136475 1.53087282 -0.118495271 14.7070761 -5.81557465 -5.02999401 13.2974415 -7.26808548 -6.42499447 16.1962719 -7.44559097 -6.18547106 69.9233017 10.2701702 -10.9243708 68.5506058 9.86535263 -8.31706619 71.3215408 9.99869728 -9.20656776 73.3437881 -10.2700329 -11.0567627 75.9066544 -9.95139408 -9.03164577 72.7279053 -9.97572708 -9.08136177 115.361397 1.88131487 -1.22009945 113.447464 1.52445471 -0.867637515 114.904541 1.76730573e-05 -0.000247580494 14.7070761 -5.81557465 -5.02999401 11.9600658 -5.71646547 -5.28164339 13.2974415 -7.26808548 -6.42499447 126.450867 1.74845982 -2.40429425 124.958389 1.66882157 -1.98382998 126.243271 0.960774899 -1.09776664 99.8235626 9.14380264 -8.90934277 98.5889282 9.54819012 -10.6303644 97.9335709 9.11923599 -8.17419624 115.829544 8.04375744 -11.1897774 115.248672 7.27283144 -8.83548355 117.452179 6.88044882 -8.87678719 121.574211 5.77581501 -8.38240337 121.57457 6.98802948 -11.0988846 119.629463 6.62645721 -9.33097935 116.008255 6.29269886 -6.85836935 118.095261 5.67924309 -6.4738059 117.452179 6.88044882 -8.87678719 115.248672 7.27283144 -8.83548355 116.008255 6.29269886 -6.85836935 117.452179 6.88044882 -8.87678719 66.5928955 9.56271744 -6.258286 66.3267517 9.93908024 -8.82598495 64.5867081 9.70412636 -7.28601694 62.5416489 9.53153515 -6.15400505 64.6563568 9.37029552 -5.2297678 64.5867081 9.70412636 -7.28601694 63.2827492 9.94090176 -8.90662575 62.5416489 9.53153515 -6.15400505 64.5867081 9.70412636 -7.28601694 66.3267517 9.93908024 -8.82598495 63.2827492 9.94090176 -8.90662575 64.5867081 9.70412636 -7.28601694 69.4181519 8.87150955 -3.68311739 70.9384232 9.36085701 -5.21087933 67.9541245 9.2310524 -4.65844154 66.2467346 8.96319294 -3.88058615 67.6551361 8.28404522 -2.62761688 67.9541245 9.2310524 -4.65844154 66.5928955 9.56271744 -6.258286 66.2467346 8.96319294 -3.88058615 67.9541245 9.2310524 -4.65844154 69.9233017 10.2701702 -10.9243708 66.3267517 9.93908024 -8.82598495 68.5506058 9.86535263 -8.31706619 68.9682465 9.54880142 -6.16963196 70.6753998 9.70987511 -7.26223803 68.5506058 9.86535263 -8.31706619 66.3267517 9.93908024 -8.82598495 66.5928955 9.56271744 -6.258286 68.5506058 9.86535263 -8.31706619 53.1635399 9.27196789 -5.48858356 54.9495354 9.40359783 -5.91821003 53.2014771 9.68666363 -7.82859993 51.7588387 9.3784399 -6.09812307 53.1635399 9.27196789 -5.48858356 53.2014771 9.68666363 -7.82859993 11.9600658 -5.71646547 -5.28164339 10.6888323 -7.08263302 -6.65713406 13.2974415 -7.26808548 -6.42499447 52.0580215 10.130374 -10.3609028 53.2014771 9.68666363 -7.82859993 55.2699471 9.79186058 -8.33701706 40.9037437 9.61437225 -8.53563118 43.0613899 9.63879967 -8.43094826 42.4598541 9.98907661 -10.1683445 42.4916611 -9.98976898 -10.1688423 44.5583115 -9.73444653 -8.77444172 42.0635605 -9.55981827 -8.13690567 31.825634 3.84199762 -2.0295558 31.3345261 5.52139664 -2.98062205 29.9551563 3.68741155 -2.17536807 118.855568 -6.23538685 -8.03720188 118.045914 -7.43509197 -10.5376663 120.117523 -6.59673691 -9.50396061 26.7281208 1.55274594 -1.24526191 26.9406719 -0.000812629296 -1.39498616e-06 28.664362 1.54565668 -1.01132905 28.0789223 3.35289073 -2.23198819 26.7281208 1.55274594 -1.24526191 28.664362 1.54565668 -1.01132905 30.9401398 -1.85555053 -1.03305924 31.7843323 -0.000831435376 -1.52644702e-07 29.3927059 -0.000991763081 -3.99948931e-07 50.0693665 9.28665924 -5.85527039 51.7588387 9.3784399 -6.09812307 50.7851486 9.71131706 -8.16107941 30.3456879 8.89807224 -7.08256292 31.7355137 9.3321228 -8.68599224 29.5076923 9.22510433 -8.69739342 27.8741894 9.05829239 -8.32471371 26.2698154 9.12397289 -9.06435871 26.3153439 8.67840004 -7.1366477 62.862011 9.10816669 -4.32901096 62.3787079 8.23720932 -2.60483122 64.4270325 8.69556332 -3.31343627 81.4932327 9.88668251 -9.02079201 80.3726578 9.52687931 -6.6369071 82.0459061 9.58110332 -7.11092138 49.2329979 -2.24591827 -0.319394767 50.3390388 -0.00029912396 9.81213361e-07 47.649971 -1.43965769 -0.21031481 83.5321426 9.30208492 -5.94953918 85.2408905 9.28097439 -6.10892057 83.9375992 9.68661499 -7.97666788 83.5321426 9.30208492 -5.94953918 83.9375992 9.68661499 -7.97666788 82.0459061 9.58110332 -7.11092138 104.868767 1.55718589 -0.573519945 104.260689 3.22886252 -1.37383425 102.771935 1.6315577 -0.538005114 101.935585 -9.24923134 -10.1837196 100.048981 -9.11747074 -8.86550426 99.6140442 -9.50513649 -10.7219391 101.996788 3.13559103 -1.16428852 100.520767 1.70233917 -0.496062428 102.771935 1.6315577 -0.538005114 104.260689 3.22886252 -1.37383425 101.996788 3.13559103 -1.16428852 102.771935 1.6315577 -0.538005114 49.9582787 3.76289177 -0.638965428 47.4182701 3.21644807 -0.589308739 49.6019707 1.88744926 -0.249840051 14.2396307 -5.52839184 -10.4154186 16.988987 -5.94866467 -10.3312607 14.8221407 -8.61768913 -10.3961525 45.7043571 -0.00039304205 7.84655754e-07 47.6117973 1.54531455 -0.229102984 45.3908806 1.95097518 -0.357854486 47.6117973 1.54531455 -0.229102984 49.6019707 1.88744926 -0.249840051 47.4182701 3.21644807 -0.589308739 47.1809196 -3.32348585 -0.627218008 49.2329979 -2.24591827 -0.319394767 47.649971 -1.43965769 -0.21031481 11.9600658 -5.71646547 -5.28164339 9.4764719 -5.62560701 -5.50302601 10.6888323 -7.08263302 -6.65713406 111.258781 7.76372623 -8.43133259 113.734818 6.96025848 -7.40676832 113.435982 7.7633419 -9.36412525 62.5383415 2.81336474 -0.214239866 64.179718 1.75240254 -0.099424541 64.4738312 4.02292442 -0.404321313 62.9158287 5.18542051 -0.709857643 62.5383415 2.81336474 -0.214239866 64.4738312 4.02292442 -0.404321313 66.0751801 5.49915218 -0.783462644 64.5271683 6.278543 -1.08482647 64.4738312 4.02292442 -0.404321313 66.2761078 3.34640455 -0.276011616 66.0751801 5.49915218 -0.783462644 64.4738312 4.02292442 -0.404321313 62.5416489 9.53153515 -6.15400505 63.2827492 9.94090176 -8.90662575 60.9933968 9.66437626 -7.14930868 60.8552628 9.00556755 -4.11443138 62.5416489 9.53153515 -6.15400505 59.4671783 9.37579918 -5.45288086 45.7568436 -2.0168891 -0.362030566 47.1809196 -3.32348585 -0.627218008 47.649971 -1.43965769 -0.21031481 63.2827492 9.94090176 -8.90662575 60.4062691 9.94561958 -9.03219891 60.9933968 9.66437626 -7.14930868 66.0751801 5.49915218 -0.783462644 67.7282639 4.45693779 -0.488833547 67.5035019 6.75665236 -1.30474818 65.4889145 7.76460314 -2.02075052 66.0751801 5.49915218 -0.783462644 67.5035019 6.75665236 -1.30474818 69.4888153 7.61038113 -1.90475368 67.6551361 8.28404522 -2.62761688 67.5035019 6.75665236 -1.30474818 120.02784 3.64724636 -3.81367922 119.857948 4.76906347 -5.50117016 118.073776 4.25640106 -4.17355537 107.211998 8.89688015 -10.6051083 106.466171 9.45081329 -12.6749811 105.015656 9.23659897 -11.2375984 121.574181 -5.66699886 -8.13730812 118.855568 -6.23538685 -8.03720188 120.117523 -6.59673691 -9.50396061 44.2045174 -3.54116559 -0.83089757 45.7568436 -2.0168891 -0.362030566 44.0176353 -1.67710149 -0.33392784 42.7632065 1.9625206 -0.441077381 45.3908806 1.95097518 -0.357854486 44.1900024 3.43224645 -0.796689808 42.6061974 4.2615881 -1.1897862 42.7632065 1.9625206 -0.441077381 44.1900024 3.43224645 -0.796689808 45.6203918 4.34187126 -1.0271455 43.5091438 5.72734833 -1.78590274 44.1900024 3.43224645 -0.796689808 36.4671631 6.10154295 -2.72789025 36.7614212 7.49070549 -3.84289002 34.6657372 6.4436841 -3.17651272 33.3058434 5.21624327 -2.57084465 34.9644508 4.27891779 -1.88981748 34.6657372 6.4436841 -3.17651272 34.8317757 7.89420128 -4.53944731 32.7367554 6.96063757 -3.81506276 34.6657372 6.4436841 -3.17651272 36.7614212 7.49070549 -3.84289002 34.8317757 7.89420128 -4.53944731 34.6657372 6.4436841 -3.17651272 62.9158287 5.18542051 -0.709857643 64.4738312 4.02292442 -0.404321313 64.5271683 6.278543 -1.08482647 63.0229492 7.14670277 -1.55933368 62.9158287 5.18542051 -0.709857643 64.5271683 6.278543 -1.08482647 65.4889145 7.76460314 -2.02075052 63.0229492 7.14670277 -1.55933368 64.5271683 6.278543 -1.08482647 66.0751801 5.49915218 -0.783462644 65.4889145 7.76460314 -2.02075052 64.5271683 6.278543 -1.08482647 33.671463 9.31382656 -8.19065857 33.3719254 9.69367599 -10.0944071 31.7355137 9.3321228 -8.68599224 26.9406719 -0.000812629296 -1.39498616e-06 26.666008 -1.79262078 -1.43182695 28.7380981 -1.82926333 -1.20310879 29.3927059 -0.000991763081 -3.99948931e-07 26.9406719 -0.000812629296 -1.39498616e-06 28.7380981 -1.82926333 -1.20310879 35.5596962 1.977036 -0.783055663 38.1353149 2.01865363 -0.654515207 36.6792412 3.34629178 -1.28418398 98.0363541 6.4052434 -3.1981833 98.1359406 7.96496725 -5.10302973 96.6286011 7.41288614 -4.07157993 96.5456467 5.73938417 -2.40472603 98.0363541 6.4052434 -3.1981833 96.6286011 7.41288614 -4.07157993 94.9847031 6.88998032 -3.26300359 96.5456467 5.73938417 -2.40472603 96.6286011 7.41288614 -4.07157993 98.1359406 7.96496725 -5.10302973 96.7806091 8.59271526 -6.14367533 96.6286011 7.41288614 -4.07157993 59.4846115 5.50637817 -0.87060976 59.9549522 2.9708159 -0.256268263 61.2895546 4.31604576 -0.497281224 62.9158287 5.18542051 -0.709857643 61.1834068 6.46180677 -1.21499062 61.2895546 4.31604576 -0.497281224 62.5383415 2.81336474 -0.214239866 62.9158287 5.18542051 -0.709857643 61.2895546 4.31604576 -0.497281224 66.2761078 3.34640455 -0.276011616 68.2267761 1.85465801 -0.104637951 67.7282639 4.45693779 -0.488833547 66.0751801 5.49915218 -0.783462644 66.2761078 3.34640455 -0.276011616 67.7282639 4.45693779 -0.488833547 69.1949387 5.6558094 -0.836191416 67.5035019 6.75665236 -1.30474818 67.7282639 4.45693779 -0.488833547 69.3699341 3.35662699 -0.277372599 69.1949387 5.6558094 -0.836191416 67.7282639 4.45693779 -0.488833547 99.5600739 5.40679073 -2.48604727 101.327385 5.9104929 -3.17118883 99.6159668 6.88809109 -3.92163014 98.0363541 6.4052434 -3.1981833 99.5600739 5.40679073 -2.48604727 99.6159668 6.88809109 -3.92163014 99.9924622 7.93184948 -5.41401625 98.1359406 7.96496725 -5.10302973 99.6159668 6.88809109 -3.92163014 101.698105 7.29989529 -4.76336813 99.9924622 7.93184948 -5.41401625 99.6159668 6.88809109 -3.92163014 60.9933968 9.66437626 -7.14930868 59.4671783 9.37579918 -5.45288086 62.5416489 9.53153515 -6.15400505 62.862011 9.10816669 -4.32901096 62.5416489 9.53153515 -6.15400505 60.8552628 9.00556755 -4.11443138 148.946976 -0.933093429 -15.0337534 147.917801 9.83164525e-15 -13.4214211 147.468369 -0.738386095 -13.7888765 59.4671783 9.37579918 -5.45288086 58.4602394 8.7959547 -3.72702551 60.8552628 9.00556755 -4.11443138 48.7444763 -9.07956696 -5.25527525 47.4739456 -9.3461895 -6.40990973 50.1580238 -9.40320873 -6.39544916 34.1076241 -0.000686978863 1.9875996e-08 36.4175911 -0.000590035808 1.9581914e-07 33.76408 1.36339009 -0.597408354 68.2365646 -9.84983063 -8.21591473 69.7304688 -10.2697392 -10.9170904 70.4167328 -9.89950848 -8.54249954 38.7623215 -4.42220736 -1.57240009 40.9612541 -5.25961637 -1.77097714 40.438633 -3.50162911 -1.04880953 72.5855255 9.06458759 -4.24049044 72.7723999 9.66667747 -7.00513315 70.9384232 9.36085701 -5.21087933 71.1089935 8.48398972 -2.98916078 72.5855255 9.06458759 -4.24049044 70.9384232 9.36085701 -5.21087933 68.9682465 9.54880142 -6.16963196 67.9541245 9.2310524 -4.65844154 70.9384232 9.36085701 -5.21087933 66.2467346 8.96319294 -3.88058615 65.4889145 7.76460314 -2.02075052 67.6551361 8.28404522 -2.62761688 69.4181519 8.87150955 -3.68311739 67.9541245 9.2310524 -4.65844154 67.6551361 8.28404522 -2.62761688 69.4888153 7.61038113 -1.90475368 69.4181519 8.87150955 -3.68311739 67.6551361 8.28404522 -2.62761688 65.4889145 7.76460314 -2.02075052 67.5035019 6.75665236 -1.30474818 67.6551361 8.28404522 -2.62761688 59.9114342 7.87153673 -2.23461413 59.4846115 5.50637817 -0.87060976 61.1834068 6.46180677 -1.21499062 59.9114342 7.87153673 -2.23461413 61.1834068 6.46180677 -1.21499062 62.3787079 8.23720932 -2.60483122 62.9158287 5.18542051 -0.709857643 63.0229492 7.14670277 -1.55933368 61.1834068 6.46180677 -1.21499062 59.4846115 5.50637817 -0.87060976 61.2895546 4.31604576 -0.497281224 61.1834068 6.46180677 -1.21499062 69.3699341 3.35662699 -0.277372599 71.0224762 1.85035944 -0.107944593 70.8321304 4.45397758 -0.49429369 107.211998 8.89688015 -10.6051083 105.015656 9.23659897 -11.2375984 105.552879 8.53516006 -8.5645647 41.055378 -0.000480870309 5.25182145e-07 42.2410393 -2.24413371 -0.536310673 43.3828812 -0.000439026946 6.6483949e-07 30.4594498 2.05150056 -1.1909169 28.664362 1.54565668 -1.01132905 29.3927059 -0.000991763081 -3.99948931e-07 72.2897415 7.52877712 -1.89835525 69.4888153 7.61038113 -1.90475368 70.8738327 6.47292566 -1.18736207 72.5106354 5.65477896 -0.862669528 72.2897415 7.52877712 -1.89835525 70.8738327 6.47292566 -1.18736207 69.1949387 5.6558094 -0.836191416 70.8321304 4.45397758 -0.49429369 70.8738327 6.47292566 -1.18736207 69.4888153 7.61038113 -1.90475368 69.1949387 5.6558094 -0.836191416 70.8738327 6.47292566 -1.18736207 54.9796219 -0.000219711219 1.13973124e-06 55.8444481 1.44497383 -0.113764189 53.1522522 1.52600288 -0.147514313 52.6583748 -0.000256621308 1.06421851e-06 54.9796219 -0.000219711219 1.13973124e-06 53.1522522 1.52600288 -0.147514313 40.2252579 -1.66720963 -0.448361665 38.0905418 -2.13963413 -0.700500488 40.438633 -3.50162911 -1.04880953 53.1878967 3.71830416 -0.522685945 51.4403915 2.44261146 -0.305452853 53.1522522 1.52600288 -0.147514313 66.2467346 8.96319294 -3.88058615 64.6563568 9.37029552 -5.2297678 64.4270325 8.69556332 -3.31343627 65.4889145 7.76460314 -2.02075052 66.2467346 8.96319294 -3.88058615 64.4270325 8.69556332 -3.31343627 63.0229492 7.14670277 -1.55933368 65.4889145 7.76460314 -2.02075052 62.3787079 8.23720932 -2.60483122 66.2467346 8.96319294 -3.88058615 66.5928955 9.56271744 -6.258286 64.6563568 9.37029552 -5.2297678 62.862011 9.10816669 -4.32901096 64.4270325 8.69556332 -3.31343627 64.6563568 9.37029552 -5.2297678 62.5416489 9.53153515 -6.15400505 62.862011 9.10816669 -4.32901096 64.6563568 9.37029552 -5.2297678 66.5928955 9.56271744 -6.258286 64.5867081 9.70412636 -7.28601694 64.6563568 9.37029552 -5.2297678 101.119026 4.52143908 -1.95644403 102.91291 4.63911915 -2.23984122 101.327385 5.9104929 -3.17118883 99.5600739 5.40679073 -2.48604727 101.119026 4.52143908 -1.95644403 101.327385 5.9104929 -3.17118883 101.698105 7.29989529 -4.76336813 99.6159668 6.88809109 -3.92163014 101.327385 5.9104929 -3.17118883 103.083397 6.14751196 -3.65687799 101.698105 7.29989529 -4.76336813 101.327385 5.9104929 -3.17118883 115.984474 3.8719995 -3.25887012 116.430389 5.17428923 -5.04480505 114.52005 4.88313341 -4.19256306 112.792908 4.34486246 -3.2574327 114.21756 3.24273086 -2.32678461 114.52005 4.88313341 -4.19256306 114.130997 6.02136374 -5.69639826 112.11367 5.75701475 -4.79925394 114.52005 4.88313341 -4.19256306 116.430389 5.17428923 -5.04480505 114.130997 6.02136374 -5.69639826 114.52005 4.88313341 -4.19256306 24.8311005 5.97930384 -4.00907326 26.3595924 7.89153719 -5.47564077 24.8313065 7.83272457 -5.57185984 9.4764719 -5.62560701 -5.50302601 8.31682491 -6.89511585 -6.88118839 10.6888323 -7.08263302 -6.65713406 42.2410393 -2.24413371 -0.536310673 40.2252579 -1.66720963 -0.448361665 40.438633 -3.50162911 -1.04880953 118.963036 7.64194489 -11.4609661 117.452179 6.88044882 -8.87678719 119.629463 6.62645721 -9.33097935 119.856194 5.68089294 -7.28396416 121.574211 5.77581501 -8.38240337 119.629463 6.62645721 -9.33097935 126.817886 -6.61773968 -12.4976616 124.022575 -6.83685446 -11.8133411 126.886162 -7.67648029 -14.4734287 24.8313065 7.83272457 -5.57185984 26.3595924 7.89153719 -5.47564077 26.3153439 8.67840004 -7.1366477 34.63591 -3.97956967 -1.77908862 36.8606491 -5.36044121 -2.24088478 36.6644325 -3.54919147 -1.37460232 102.93631 9.62608624 -12.4520493 103.79879 9.01547146 -9.79045582 105.015656 9.23659897 -11.2375984 69.1949387 5.6558094 -0.836191416 69.3699341 3.35662699 -0.277372599 70.8321304 4.45397758 -0.49429369 72.5106354 5.65477896 -0.862669528 70.8738327 6.47292566 -1.18736207 70.8321304 4.45397758 -0.49429369 72.4427872 3.45763898 -0.303680688 72.5106354 5.65477896 -0.862669528 70.8321304 4.45397758 -0.49429369 96.7060928 3.84178877 -1.16546595 94.9681015 3.40289307 -0.8697806 96.7819366 1.91724586 -0.45548293 98.4891663 2.22149086 -0.604684711 96.7060928 3.84178877 -1.16546595 96.7819366 1.91724586 -0.45548293 9.4764719 -5.62560701 -5.50302601 7.20026731 -5.54274321 -5.69318247 8.31682491 -6.89511585 -6.88118839 95.067482 1.60347748 -0.330973953 96.7305756 -6.15298923e-05 2.11726388e-06 96.7819366 1.91724586 -0.45548293 95.009964 5.16235399 -1.7971034 93.3911057 6.07257605 -2.31367493 93.2651215 4.48525858 -1.24296808 93.404808 2.43564415 -0.495728821 94.9681015 3.40289307 -0.8697806 93.2651215 4.48525858 -1.24296808 91.6635895 3.78289223 -0.840211809 93.404808 2.43564415 -0.495728821 93.2651215 4.48525858 -1.24296808 93.3911057 6.07257605 -2.31367493 91.618988 5.68673277 -1.83105397 93.2651215 4.48525858 -1.24296808 35.4751282 -1.89578772 -0.753071189 34.63591 -3.97956967 -1.77908862 36.6644325 -3.54919147 -1.37460232 38.0905418 -2.13963413 -0.700500488 35.4751282 -1.89578772 -0.753071189 36.6644325 -3.54919147 -1.37460232 33.3058434 5.21624327 -2.57084465 31.3345261 5.52139664 -2.98062205 31.825634 3.84199762 -2.0295558 115.711304 -4.2720356 -3.68104362 116.243919 -5.70124722 -5.8227582 117.72049 -4.23108149 -4.05472231 29.9551563 3.68741155 -2.17536807 28.0789223 3.35289073 -2.23198819 30.4594498 2.05150056 -1.1909169 40.2252579 -1.66720963 -0.448361665 42.2410393 -2.24413371 -0.536310673 41.055378 -0.000480870309 5.25182145e-07 36.8606491 -5.36044121 -2.24088478 38.7623215 -4.42220736 -1.57240009 36.6644325 -3.54919147 -1.37460232 55.0000305 -9.36093521 -5.70644236 53.5007858 -9.51642704 -6.70586061 54.5571022 -9.78469753 -8.3368454 62.3787079 8.23720932 -2.60483122 62.862011 9.10816669 -4.32901096 60.8552628 9.00556755 -4.11443138 58.4602394 8.7959547 -3.72702551 59.9114342 7.87153673 -2.23461413 60.8552628 9.00556755 -4.11443138 56.8287926 -9.52865028 -6.48249912 55.0000305 -9.36093521 -5.70644236 54.5571022 -9.78469753 -8.3368454 103.79879 9.01547146 -9.79045582 105.552879 8.53516006 -8.5645647 105.015656 9.23659897 -11.2375984 124.698494 -1.6236515 -1.87663031 122.966721 -1.93624187 -2.05487895 124.979927 -2.4807694 -3.37441373 124.088577 -5.61436415 -9.34691429 126.679848 -4.55818176 -8.51580811 124.038635 -4.55564165 -7.05305767 124.46666 -3.54697776 -5.19543648 124.038635 -4.55564165 -7.05305767 126.615669 -3.58164763 -6.36538649 54.9796219 -0.000219711219 1.13973124e-06 53.3063774 -1.72580481 -0.16995433 55.7922974 -1.44552279 -0.11422424 145.900467 -1.44903886 -13.5694523 147.468369 -0.738386095 -13.7888765 146.021713 -0.466608375 -12.3126898 117.250374 -3.03582692 -2.51417899 115.711304 -4.2720356 -3.68104362 117.72049 -4.23108149 -4.05472231 57.3198814 -0.000189733575 1.2096616e-06 54.9796219 -0.000219711219 1.13973124e-06 55.7922974 -1.44552279 -0.11422424 121.573296 -1.22744238 -1.0222255 121.573532 -2.87844872 -3.09237194 122.966721 -1.93624187 -2.05487895 122.664391 1.08807278 -0.96184963 121.573151 3.96172938e-12 -0.000436792034 122.839394 -3.73298299e-16 -0.000346838526 119.744011 -3.9332118 -4.14835739 117.72049 -4.23108149 -4.05472231 119.674774 -5.20927238 -6.227283 123.081459 -2.99868131 -3.67758656 124.979927 -2.4807694 -3.37441373 122.966721 -1.93624187 -2.05487895 24.830986 1.57569528 -1.60886657 21.1271133 1.62338686 -2.32835317 22.7625256 4.40063924e-16 -0.969840944 126.552643 -2.7193017 -4.42372465 126.450867 -1.74845982 -2.40429425 124.979927 -2.4807694 -3.37441373 123.081459 -2.99868131 -3.67758656 124.46666 -3.54697776 -5.19543648 124.979927 -2.4807694 -3.37441373 56.6188965 -3.0656271 -0.31442681 58.3588867 -1.72191072 -0.121840023 55.7922974 -1.44552279 -0.11422424 135.328171 0.748089075 -1.4240365 136.2202 0.56332612 -2.40197301 135.067123 0.688977599 -2.4029305 48.0227737 -0.000345347187 8.88924319e-07 45.7043571 -0.00039304205 7.84655754e-07 47.649971 -1.43965769 -0.21031481 84.7396774 -10.1623096 -11.5354538 85.320488 -9.9128809 -9.73652363 81.8520889 -9.93977928 -9.44056702 124.1409 5.5196085 -9.1745491 123.985626 6.73237467 -11.5855865 121.57457 6.98802948 -11.0988846 30.4955559 9.56306839 -10.1052999 31.7355137 9.3321228 -8.68599224 33.3719254 9.69367599 -10.0944071 72.7771759 -1.77884769 -0.106317222 72.476181 -3.80607009 -0.365349263 74.407959 -3.28690529 -0.287909389 75.3194962 -1.82350135 -0.119079776 72.7771759 -1.77884769 -0.106317222 74.407959 -3.28690529 -0.287909389 122.983429 3.25939822 -4.08514309 121.573578 3.13141966 -3.45844507 123.15493 2.14476132 -2.37520266 124.958389 1.66882157 -1.98382998 124.984413 2.51468158 -3.43777728 123.15493 2.14476132 -2.37520266 21.1271133 1.62338686 -2.32835317 20.0029945 1.21095578e-15 -1.90166831 22.7625256 4.40063924e-16 -0.969840944 124.958389 1.66882157 -1.98382998 126.450867 1.74845982 -2.40429425 124.984413 2.51468158 -3.43777728 122.983429 3.25939822 -4.08514309 123.15493 2.14476132 -2.37520266 124.984413 2.51468158 -3.43777728 126.552643 2.71928978 -4.4236989 124.656837 3.54223061 -5.27320099 124.984413 2.51468158 -3.43777728 126.450867 1.74845982 -2.40429425 126.552643 2.71928978 -4.4236989 124.984413 2.51468158 -3.43777728 56.9717636 9.49665642 -6.26819038 59.4671783 9.37579918 -5.45288086 58.7582512 9.6599865 -7.24858522 73.9552002 -5.027318 -0.671771049 75.6094589 -4.94858932 -0.670965314 74.407959 -3.28690529 -0.287909389 125.503654 -3.73886325e-16 -1.05655181e-05 125.786179 0.101288311 -0.0535528064 125.149094 0.785500526 -0.775977075 46.0647011 9.39500999 -6.82321692 47.2539368 9.73324776 -8.55143833 44.9699554 9.72755909 -8.70518303 72.476181 -3.80607009 -0.365349263 73.9552002 -5.027318 -0.671771049 74.407959 -3.28690529 -0.287909389 24.8316116 8.78666592 -7.9220252 26.3153439 8.67840004 -7.1366477 26.2698154 9.12397289 -9.06435871 128.705109 -0.386892229 -0.357538253 127.138351 -0.184377536 -0.141613021 127.613228 -0.947018504 -1.21720588 45.7568436 -2.0168891 -0.362030566 47.649971 -1.43965769 -0.21031481 45.7043571 -0.00039304205 7.84655754e-07 131.898941 -1.15414645e-15 2.17008615 130.744614 0.759626687 1.87909412 130.472931 -9.71651823e-16 1.91080236 24.8310032 3.79206228 -2.89876318 26.1362247 4.93291664 -3.28614211 24.8311005 5.97930384 -4.00907326 40.143364 -9.12704945 -6.37818289 38.0810051 -8.98982716 -6.18722153 40.2202415 -9.55736446 -8.33512497 119.524529 5.20607136e-06 -0.000390844565 119.335106 1.33590817 -0.986584246 117.12265 1.16290003e-05 -0.000343275489 30.9401398 -1.85555053 -1.03305924 28.7380981 -1.82926333 -1.20310879 30.2090569 -3.53713751 -2.06499362 33.3322983 3.06763911 -1.47302628 31.9023743 1.54616213 -0.788600028 33.76408 1.36339009 -0.597408354 60.4062691 9.94561958 -9.03219891 57.4598198 9.88117981 -8.76437759 58.7582512 9.6599865 -7.24858522 108.061958 -8.89856625 -10.9348373 106.332962 -9.45795441 -12.6662235 110.057526 -9.24085617 -12.9222527 28.9787235 -4.89127541 -2.91726971 30.8923168 -5.42381001 -2.97733951 30.2090569 -3.53713751 -2.06499362 42.0635605 -9.55981827 -8.13690567 40.143364 -9.12704945 -6.37818289 40.2202415 -9.55736446 -8.33512497 127.933838 -1.56378388 -2.40402746 129.387405 -1.38071454 -2.40385079 129.071808 -0.909491539 -1.30569077 130.362152 5.59381628 -12.054493 129.077545 6.32858181 -12.7854643 128.862 5.37751436 -11.062233 39.4710464 -9.9137516 -10.1275806 42.4916611 -9.98976898 -10.1688423 40.2202415 -9.55736446 -8.33512497 38.1729736 -9.49889278 -8.31738758 39.4710464 -9.9137516 -10.1275806 40.2202415 -9.55736446 -8.33512497 124.263847 -7.98601007 -14.208065 126.886162 -7.67648029 -14.4734287 124.022575 -6.83685446 -11.8133411 101.701683 8.98396015 -8.86139393 103.79879 9.01547146 -9.79045582 101.355347 9.40846062 -10.7893333 99.8235626 9.14380264 -8.90934277 101.701683 8.98396015 -8.86139393 101.355347 9.40846062 -10.7893333 99.5427246 9.76929665 -12.2546549 98.5889282 9.54819012 -10.6303644 101.355347 9.40846062 -10.7893333 102.93631 9.62608624 -12.4520493 99.5427246 9.76929665 -12.2546549 101.355347 9.40846062 -10.7893333 78.8207321 9.7988596 -8.16786098 81.4932327 9.88668251 -9.02079201 79.4978104 10.0470686 -9.96262074 135.830643 6.23865891 -15.3391657 133.328461 4.20112801 -15.1122942 133.669693 6.68333149 -15.1454992 121.574547 -6.91617727 -10.9383936 121.574181 -5.66699886 -8.13730812 120.117523 -6.59673691 -9.50396061 77.5280151 10.2493448 -11.2264166 76.3995743 9.997962 -9.3788681 79.4978104 10.0470686 -9.96262074 43.7660446 -9.41058922 -7.17792416 42.0635605 -9.55981827 -8.13690567 44.5583115 -9.73444653 -8.77444172 30.4594498 2.05150056 -1.1909169 31.9023743 1.54616213 -0.788600028 31.825634 3.84199762 -2.0295558 106.466171 9.45081329 -12.6749811 102.93631 9.62608624 -12.4520493 105.015656 9.23659897 -11.2375984 109.262115 8.19953346 -8.91557312 110.116417 9.23711205 -12.9264975 107.211998 8.89688015 -10.6051083 129.318039 -7.37670994 -14.714777 131.282639 -5.97155237 -13.0478764 129.069351 -6.29270649 -12.7199678 81.4932327 9.88668251 -9.02079201 81.3845901 10.2106686 -11.3893642 79.4978104 10.0470686 -9.96262074 129.069351 -6.29270649 -12.7199678 130.807877 -4.72676754 -10.8377571 128.820374 -5.19126558 -10.7268839 57.4598198 9.88117981 -8.76437759 56.9717636 9.49665642 -6.26819038 58.7582512 9.6599865 -7.24858522 81.3845901 10.2106686 -11.3893642 81.4932327 9.88668251 -9.02079201 83.7633286 9.97604465 -9.95911407 59.4671783 9.37579918 -5.45288086 60.9933968 9.66437626 -7.14930868 58.7582512 9.6599865 -7.24858522 85.2656174 10.153533 -11.558671 81.3845901 10.2106686 -11.3893642 83.7633286 9.97604465 -9.95911407 134.268692 -1.19625604 -0.405803502 135.207214 -0.835698128 -1.20586789 135.337708 -1.55560899 -0.294360399 134.774475 -2.18172598 0.385964632 134.268692 -1.19625604 -0.405803502 135.337708 -1.55560899 -0.294360399 123.985626 6.73237467 -11.5855865 121.573204 8.25954056 -13.9375429 121.57457 6.98802948 -11.0988846 136.20343 -0.722940803 -1.40520251 136.349625 -1.50091088 -0.506438196 135.207214 -0.835698128 -1.20586789 60.4062691 9.94561958 -9.03219891 58.7582512 9.6599865 -7.24858522 60.9933968 9.66437626 -7.14930868 134.029602 -2.03511715 2.00966287 135.130051 -2.00019169 2.29916167 134.435562 -1.02306843 2.51167178 146.369583 8.91092975e-15 -12.1147346 147.468369 -0.738386095 -13.7888765 147.917801 9.83164525e-15 -13.4214211 135.207214 -0.835698128 -1.20586789 134.072113 -0.787432492 -1.37172329 135.075729 -0.688026667 -2.40292621 136.349625 -1.50091088 -0.506438196 137.150848 -2.11531067 -0.207914233 136.149704 -2.59730101 0.445681363 83.9375992 9.68661499 -7.97666788 86.1675034 9.68889332 -8.33207512 83.7633286 9.97604465 -9.95911407 105.552879 8.53516006 -8.5645647 107.523918 8.13241863 -8.01899719 107.211998 8.89688015 -10.6051083 75.1763458 9.74034405 -7.5704236 77.1776123 9.58127022 -6.67258787 76.3995743 9.997962 -9.3788681 22.0850105 -6.74432325 -10.2146807 22.3280888 -9.12607384 -10.209466 19.8249016 -8.97137737 -10.2605238 73.706337 10.2691317 -11.0711393 73.6212921 9.97246075 -9.08367634 76.3995743 9.997962 -9.3788681 7.20026731 -5.54274321 -5.69318247 6.1115489 -6.70620155 -7.09978485 8.31682491 -6.89511585 -6.88118839 133.215057 -1.11835873 2.27714539 134.029602 -2.03511715 2.00966287 134.435562 -1.02306843 2.51167178 134.633163 -1.46988497e-15 2.61872339 133.287552 -1.32144202e-15 2.40778875 134.435562 -1.02306843 2.51167178 45.5851097 -10.0477743 -10.2220669 46.7613258 -9.72873592 -8.56614304 44.5583115 -9.73444653 -8.77444172 80.8551025 -10.2170677 -11.3666563 84.7396774 -10.1623096 -11.5354538 81.8520889 -9.93977928 -9.44056702 45.3908806 1.95097518 -0.357854486 43.3828812 -0.000439026946 6.6483949e-07 45.7043571 -0.00039304205 7.84655754e-07 135.376251 -2.75279307 1.37336767 136.901215 -2.95030284 1.6084795 136.296097 -2.20835805 2.3901186 132.86087 -2.13299966 1.34327793 133.215057 -1.11835873 2.27714539 132.220505 -1.24793613 2.03319621 128.705109 -0.386892229 -0.357538253 129.643158 -0.559442937 -0.549408197 129.116531 -0.531208873 0.486814827 130.730667 -0.670362651 -0.555967331 130.019287 -0.736988246 0.416113347 129.643158 -0.559442937 -0.549408197 129.071808 -0.909491539 -1.30569077 130.002701 -0.949082553 -1.51443911 129.643158 -0.559442937 -0.549408197 128.705109 -0.386892229 -0.357538253 129.116531 -0.531208873 0.486814827 128.265945 -0.492547393 0.741329968 75.0497589 -6.69361687 -11.1253386 77.0492554 -10.2528467 -11.2066069 73.3437881 -10.2700329 -11.0567627 133.101654 1.14369047 2.24885964 131.726059 1.18975365 1.94606078 131.898941 -1.15414645e-15 2.17008615 99.2579041 -9.78026104 -12.2388115 102.761955 -9.63402462 -12.441514 99.6140442 -9.50513649 -10.7219391 52.0580215 10.130374 -10.3609028 48.7957878 10.0933371 -10.2864771 50.7851486 9.71131706 -8.16107941 102.761955 -9.63402462 -12.441514 106.332962 -9.45795441 -12.6662235 104.117119 -9.24952316 -10.9769344 53.1522522 1.52600288 -0.147514313 51.4403915 2.44261146 -0.305452853 50.3390388 -0.00029912396 9.81213361e-07 134.774475 -2.18172598 0.385964632 135.337708 -1.55560899 -0.294360399 136.149704 -2.59730101 0.445681363 104.328133 -8.80195332 -9.09479046 101.935585 -9.24923134 -10.1837196 104.117119 -9.24952316 -10.9769344 141.565781 -3.18615387e-16 -0.0691077113 141.17038 -0.978166401 -0.043832574 141.242447 6.972492e-16 -1.29751563 27.8741894 9.05829239 -8.32471371 28.2300434 8.6387434 -6.64465523 29.5076923 9.22510433 -8.69739342 33.3719254 9.69367599 -10.0944071 35.3728867 9.41088867 -8.33666515 36.2883453 9.80978394 -10.1007872 81.4932327 9.88668251 -9.02079201 83.9375992 9.68661499 -7.97666788 83.7633286 9.97604465 -9.95911407 131.654572 -1.09693384 -2.40357924 131.938065 -0.794534743 -1.15236413 131.03978 -0.89871949 -1.55055666 121.573204 8.25954056 -13.9375429 118.963036 7.64194489 -11.4609661 121.57457 6.98802948 -11.0988846 130.730667 -0.670362651 -0.555967331 130.002701 -0.949082553 -1.51443911 131.03978 -0.89871949 -1.55055666 135.082672 1.28709316 -0.484323084 134.042603 1.53413796 0.018842347 135.5811 2.10443234 0.097688511 135.5811 2.10443234 0.097688511 136.551178 1.95456362 -0.228623658 135.082672 1.28709316 -0.484323084 66.4898376 -2.74415398 -0.19246313 68.7037888 -1.84268022 -0.104004823 66.5808411 -0.000131927518 1.44683042e-06 135.951202 2.87368798 1.2070725 136.889252 2.73088741 0.427369922 135.5811 2.10443234 0.097688511 135.328171 0.748089075 -1.4240365 136.415955 1.19675732 -0.754959702 136.542892 0.651837647 -1.52432823 136.415955 1.19675732 -0.754959702 137.576614 1.8727982 -0.411127776 137.675537 0.729550183 -1.24103594 47.6117973 1.54531455 -0.229102984 45.7043571 -0.00039304205 7.84655754e-07 48.0227737 -0.000345347187 8.88924319e-07 75.8565521 -0.000109360917 1.65678955e-06 73.5378876 -0.00011473924 1.6052843e-06 75.3194962 -1.82350135 -0.119079776 136.889252 2.73088741 0.427369922 135.951202 2.87368798 1.2070725 137.155426 2.97900295 1.61088574 138.280945 3.02541614 1.6712774 138.113281 2.85940552 0.400081247 137.155426 2.97900295 1.61088574 136.461426 2.24865246 2.39058781 137.779312 2.25675464 2.53865552 137.155426 2.97900295 1.61088574 135.951202 2.87368798 1.2070725 136.461426 2.24865246 2.39058781 137.155426 2.97900295 1.61088574 124.088577 -5.61436415 -9.34691429 124.022575 -6.83685446 -11.8133411 126.747833 -5.56422567 -10.5109224 137.293411 1.14898348 2.86382866 138.695663 -1.75188796e-15 3.0196929 138.702652 1.20186639 2.93619847 137.779312 2.25675464 2.53865552 137.293411 1.14898348 2.86382866 138.702652 1.20186639 2.93619847 140.096329 1.24855494 2.84160423 139.102631 2.46244764 2.39630795 138.702652 1.20186639 2.93619847 0.584847927 -5.17979431 -6.18647528 -0.091400966 -3.71933985 -7.4614706 0.496278614 -6.12234354 -7.70121479 27.8032684 5.2440691 -3.24764323 28.0789223 3.35289073 -2.23198819 29.4914894 5.20247364 -3.02186513 117.863564 -5.36070538 -5.79539061 119.674774 -5.20927238 -6.227283 117.72049 -4.23108149 -4.05472231 119.2267 -2.73256063 -2.46045041 117.72049 -4.23108149 -4.05472231 119.744011 -3.9332118 -4.14835739 138.113281 2.85940552 0.400081247 139.307938 3.0636971 1.10207808 138.815201 2.27990007 -0.204548508 137.576614 1.8727982 -0.411127776 138.113281 2.85940552 0.400081247 138.815201 2.27990007 -0.204548508 135.613617 -0.84144479 -3.9894309 136.425903 -0.631068289 -3.34854388 135.075729 -0.688026667 -2.40292621 129.387405 -1.38071454 -2.40385079 129.185852 -1.99528062 -3.88448238 130.070831 -1.61207891 -3.25654411 133.908936 0.819527745 -2.4032743 132.865479 0.808101177 -1.51948583 134.084686 0.833463967 -1.16410697 100.048981 -9.11747074 -8.86550426 97.9717407 -9.39726067 -9.56674671 99.6140442 -9.50513649 -10.7219391 132.993484 0.936383307 -0.489499688 134.042603 1.53413796 0.018842347 134.084686 0.833463967 -1.16410697 132.865479 0.808101177 -1.51948583 132.993484 0.936383307 -0.489499688 134.084686 0.833463967 -1.16410697 135.067123 0.688977599 -2.4029305 133.908936 0.819527745 -2.4032743 135.328171 0.748089075 -1.4240365 -0.753280878 2.27576923 -9.08029079 -0.311265588 4.50161648 -8.98598862 -0.743212521 4.91450787 -11.0798864 135.082672 1.28709316 -0.484323084 135.328171 0.748089075 -1.4240365 134.084686 0.833463967 -1.16410697 124.698494 -1.6236515 -1.87663031 124.718735 -0.775379121 -0.733813703 123.387039 -0.995929301 -0.907784164 50.3390388 -0.00029912396 9.81213361e-07 51.4403915 2.44261146 -0.305452853 49.6019707 1.88744926 -0.249840051 75.1763458 9.74034405 -7.5704236 76.3995743 9.997962 -9.3788681 73.6212921 9.97246075 -9.08367634 72.7723999 9.66667747 -7.00513315 75.1763458 9.74034405 -7.5704236 73.6212921 9.97246075 -9.08367634 100.158081 -3.56699538 -1.26643419 100.920021 -1.78268456 -0.535997748 98.6490479 -3.10043478 -0.946267009 122.966721 -1.93624187 -2.05487895 124.698494 -1.6236515 -1.87663031 123.387039 -0.995929301 -0.907784164 73.706337 10.2691317 -11.0711393 71.3215408 9.99869728 -9.20656776 73.6212921 9.97246075 -9.08367634 140.672546 0.739562273 -0.510353565 141.242447 6.972492e-16 -1.29751563 140.052444 0.30757457 -1.39352465 140.779449 0.103933923 -2.39242673 140.052444 0.30757457 -1.39352465 141.242447 6.972492e-16 -1.29751563 118.095261 5.67924309 -6.4738059 118.073776 4.25640106 -4.17355537 119.857948 4.76906347 -5.50117016 45.6612968 10.0490007 -10.2234907 44.9699554 9.72755909 -8.70518303 47.2539368 9.73324776 -8.55143833 129.462143 0.532498479 0.329140455 130.216766 0.642439008 -0.661847115 128.769714 0.475057095 -0.536506593 24.8315964 -8.75878048 -7.8041935 26.3281078 -8.22147751 -5.9896245 24.8313046 -7.82239056 -5.55824614 130.492142 1.44581354 1.18261087 130.65387 0.831502557 0.309483618 129.297668 1.02115834 0.947258055 131.529007 1.68139362 0.883717835 130.65387 0.831502557 0.309483618 130.492142 1.44581354 1.18261087 51.3757248 -2.249367 -0.274559796 50.3390388 -0.00029912396 9.81213361e-07 49.2329979 -2.24591827 -0.319394767 130.278702 -1.17549837 1.56649387 131.240616 -0.852414668 1.95690894 130.472931 -9.71651823e-16 1.91080236 130.744614 0.759626687 1.87909412 131.726059 1.18975365 1.94606078 130.492142 1.44581354 1.18261087 136.415955 1.19675732 -0.754959702 137.675537 0.729550183 -1.24103594 136.542892 0.651837647 -1.52432823 138.815201 2.27990007 -0.204548508 139.865463 2.30913138 -0.024216231 139.59935 1.30395257 -0.62939769 136.2202 0.56332612 -2.40197301 134.97377 0.879783273 -3.61948323 135.067123 0.688977599 -2.4029305 132.45195 1.36867523 -3.85462379 131.656509 1.09668553 -2.403579 132.783844 0.954143524 -2.40342736 138.940079 0.50971508 -1.35356271 138.529312 0.317241639 -2.39669442 137.675537 0.729550183 -1.24103594 117.12265 1.16290003e-05 -0.000343275489 117.27224 1.41183376 -0.946767151 114.904541 1.76730573e-05 -0.000247580494 17.3224907 8.80326271 -10.3221188 15.3727379 6.32884073 -10.3789062 14.822135 8.61768913 -10.3961525 132.571472 -6.88256884 -15.0394115 131.282639 -5.97155237 -13.0478764 129.318039 -7.37670994 -14.714777 126.679848 -4.55818176 -8.51580811 124.088577 -5.61436415 -9.34691429 126.747833 -5.56422567 -10.5109224 127.119347 -5.18462567e-16 1.26695395 126.447624 -1.31122712e-15 1.13335359 126.798996 -0.0654609799 0.497024834 133.636368 -5.40722418 -13.1186895 132.725861 -4.07144213 -10.6428766 131.282639 -5.97155237 -13.0478764 132.571472 -6.88256884 -15.0394115 133.636368 -5.40722418 -13.1186895 131.282639 -5.97155237 -13.0478764 130.807877 -4.72676754 -10.8377571 129.069351 -6.29270649 -12.7199678 131.282639 -5.97155237 -13.0478764 136.171341 -4.78905582 -13.2669964 135.619568 -6.28507233 -15.3211536 138.002197 -4.78849411 -14.103179 138.602158 -3.58406949 -12.6089554 136.171341 -4.78905582 -13.2669964 138.002197 -4.78849411 -14.103179 140.131973 -4.21337223 -14.2848682 138.602158 -3.58406949 -12.6089554 138.002197 -4.78849411 -14.103179 135.619568 -6.28507233 -15.3211536 138.555664 -5.58552456 -15.5560341 138.002197 -4.78849411 -14.103179 144.566345 -2.12559104 -13.6774559 144.134903 -1.32950974 -12.1889029 142.921921 -2.52528858 -13.3092442 144.245316 -3.09904456 -14.837678 144.566345 -2.12559104 -13.6774559 142.921921 -2.52528858 -13.3092442 142.256424 -3.65767002 -14.5653782 144.245316 -3.09904456 -14.837678 142.921921 -2.52528858 -13.3092442 142.122269 -1.93580449 -11.9313536 140.930634 -3.02480888 -12.9655218 142.921921 -2.52528858 -13.3092442 68.7037888 -1.84268022 -0.104004823 68.8996429 -0.000125581035 1.50054109e-06 66.5808411 -0.000131927518 1.44683042e-06 131.783188 -1.9901948 -5.48527908 130.525482 -2.78688359 -6.84624052 132.434662 -2.49705958 -7.38691282 132.725861 -4.07144213 -10.6428766 133.160049 -2.98493648 -8.93612576 130.924835 -3.51168537 -8.76134205 132.725861 -4.07144213 -10.6428766 130.924835 -3.51168537 -8.76134205 130.807877 -4.72676754 -10.8377571 134.850464 -3.12103963 -10.0689774 135.892181 -2.30753994 -9.09435463 133.160049 -2.98493648 -8.93612576 134.716782 -4.13323545 -11.6253395 134.850464 -3.12103963 -10.0689774 132.725861 -4.07144213 -10.6428766 132.434662 -2.49705958 -7.38691282 130.924835 -3.51168537 -8.76134205 133.160049 -2.98493648 -8.93612576 134.458771 -2.15426493 -7.86555481 132.434662 -2.49705958 -7.38691282 133.160049 -2.98493648 -8.93612576 129.779114 -2.45735526 -5.45717907 128.404495 -3.24622226 -6.6242075 130.525482 -2.78688359 -6.84624052 131.783188 -1.9901948 -5.48527908 129.779114 -2.45735526 -5.45717907 130.525482 -2.78688359 -6.84624052 130.924835 -3.51168537 -8.76134205 132.434662 -2.49705958 -7.38691282 130.525482 -2.78688359 -6.84624052 128.404495 -3.24622226 -6.6242075 128.591705 -4.13845968 -8.72239113 130.525482 -2.78688359 -6.84624052 135.892181 -2.30753994 -9.09435463 137.429153 -2.05690575 -9.46133232 136.307053 -1.56939328 -7.5568943 135.123245 -1.4994266 -6.45485687 134.458771 -2.15426493 -7.86555481 136.307053 -1.56939328 -7.5568943 135.963196 -1.02901769 -5.31466818 135.123245 -1.4994266 -6.45485687 137.153854 -1.01072562 -6.29473877 137.979202 -1.22940624 -7.74697971 137.153854 -1.01072562 -6.29473877 136.307053 -1.56939328 -7.5568943 98.6490479 -3.10043478 -0.946267009 97.7728195 -4.60352373 -1.6860559 100.158081 -3.56699538 -1.26643419 138.602158 -3.58406949 -12.6089554 140.930634 -3.02480888 -12.9655218 139.793732 -2.46547651 -11.4977884 138.596085 -2.17336416 -10.343874 136.931076 -3.26904917 -11.3190823 139.793732 -2.46547651 -11.4977884 140.183411 -1.45554435 -9.82959747 138.596085 -2.17336416 -10.343874 139.793732 -2.46547651 -11.4977884 7.20026731 -5.54274321 -5.69318247 5.03976297 -5.46370125 -5.86487246 6.1115489 -6.70620155 -7.09978485 129.387405 -1.38071454 -2.40385079 127.933838 -1.56378388 -2.40402746 129.185852 -1.99528062 -3.88448238 135.830643 6.23865891 -15.3391657 135.290817 5.16140461 -13.4453506 137.100204 5.21325064 -14.3259153 129.779114 -2.45735526 -5.45717907 130.664276 -1.84810412 -4.26463461 129.185852 -1.99528062 -3.88448238 137.153854 -1.01072562 -6.29473877 138.437408 -0.664808571 -5.81299543 136.997543 -0.727762997 -4.68641806 126.34314 -1.26142704 -1.53884041 126.125694 -0.687159181 -0.737520635 125.512314 -1.15710163 -1.29805946 118.29007 -1.43282056 -1.01459837 119.524529 5.20607136e-06 -0.000390844565 117.12265 1.16290003e-05 -0.000343275489 5.03976297 -5.46370125 -5.86487246 3.95202971 -6.50084686 -7.32500982 6.1115489 -6.70620155 -7.09978485 5.03976297 -5.46370125 -5.86487246 3.06059551 -5.38710976 -6.02554417 3.95202971 -6.50084686 -7.32500982 138.523895 -0.317806125 -2.39671087 137.662018 -0.479361385 -3.41673279 139.189209 -0.316882998 -3.68880987 139.762924 -0.571240008 -6.63412285 139.849014 -0.329166025 -4.97399426 138.437408 -0.664808571 -5.81299543 26.2282295 3.13100719 -2.35806942 24.8310032 3.79206228 -2.89876318 24.830986 1.57569528 -1.60886657 133.429077 -1.10206819 -3.48410583 132.181732 -1.42745364 -3.87891293 133.224701 -1.43857932 -4.71800041 134.562347 -0.943506122 -3.61450386 133.429077 -1.10206819 -3.48410583 134.559753 -1.24200487 -5.02916718 131.783188 -1.9901948 -5.48527908 133.457687 -1.81837082 -6.2141552 133.224701 -1.43857932 -4.71800041 132.181732 -1.42745364 -3.87891293 131.783188 -1.9901948 -5.48527908 133.224701 -1.43857932 -4.71800041 135.963196 -1.02901769 -5.31466818 136.997543 -0.727762997 -4.68641806 135.613617 -0.84144479 -3.9894309 134.562347 -0.943506122 -3.61450386 134.559753 -1.24200487 -5.02916718 135.613617 -0.84144479 -3.9894309 133.929047 -0.817203104 -2.4032712 134.562347 -0.943506122 -3.61450386 135.075729 -0.688026667 -2.40292621 135.337708 -1.55560899 -0.294360399 136.349625 -1.50091088 -0.506438196 136.149704 -2.59730101 0.445681363 35.5596962 1.977036 -0.783055663 33.3322983 3.06763911 -1.47302628 33.76408 1.36339009 -0.597408354 31.0246983 -8.96066475 -7.1824398 29.2104073 -9.14286327 -8.38080406 32.0653114 -9.37631989 -8.82657528 64.2161484 -10.0063486 -9.29303169 64.4561234 -9.68563747 -7.15868187 62.4164848 -9.8270874 -8.20228577 136.997543 -0.727762997 -4.68641806 137.662018 -0.479361385 -3.41673279 136.425903 -0.631068289 -3.34854388 118.095261 5.67924309 -6.4738059 116.430389 5.17428923 -5.04480505 118.073776 4.25640106 -4.17355537 60.9651871 -9.62701702 -6.88343048 60.4109268 -9.94075203 -9.00210857 62.4164848 -9.8270874 -8.20228577 129.415466 -0.956233621 1.46239901 130.278702 -1.17549837 1.56649387 130.472931 -9.71651823e-16 1.91080236 134.645859 4.07752752 -11.508256 135.962891 3.09445715 -10.5711813 136.497726 3.84345722 -11.9915371 135.290817 5.16140461 -13.4453506 135.830643 6.23865891 -15.3391657 133.669693 6.68333149 -15.1454992 140.592087 4.0968008 -14.3454533 140.142014 5.15842533 -15.668952 138.881561 4.55598211 -14.1754885 139.108368 3.47474766 -12.697485 140.592087 4.0968008 -14.3454533 138.881561 4.55598211 -14.1754885 129.449692 2.40733743 -5.11563873 128.389877 3.17750764 -6.44746494 128.193832 2.32605362 -4.25033379 3.06059551 -5.38710976 -6.02554417 2.08867645 -6.30410576 -7.52652216 3.95202971 -6.50084686 -7.32500982 133.215057 -1.11835873 2.27714539 134.435562 -1.02306843 2.51167178 133.287552 -1.32144202e-15 2.40778875 24.8313046 -7.82239056 -5.55824614 26.2453022 -6.75268269 -4.37619209 24.8311005 -5.97076607 -4.00395823 121.574211 5.77581501 -8.38240337 119.856194 5.68089294 -7.28396416 121.573898 4.55596972 -5.80613756 97.1714935 -2.15568829 -0.537883937 95.880394 -3.79437852 -1.08817577 98.6490479 -3.10043478 -0.946267009 119.856194 5.68089294 -7.28396416 118.095261 5.67924309 -6.4738059 119.857948 4.76906347 -5.50117016 129.449692 2.40733743 -5.11563873 130.527435 2.58652115 -6.3151145 128.389877 3.17750764 -6.44746494 121.573898 4.55596972 -5.80613756 119.856194 5.68089294 -7.28396416 119.857948 4.76906347 -5.50117016 58.8710747 10.1961565 -10.5458097 57.4598198 9.88117981 -8.76437759 60.4062691 9.94561958 -9.03219891 124.718735 -0.775379121 -0.733813703 124.698494 -1.6236515 -1.87663031 125.512314 -1.15710163 -1.29805946 33.417244 -9.20080185 -7.71565342 31.0246983 -8.96066475 -7.1824398 32.0653114 -9.37631989 -8.82657528 130.891983 6.34455299 -13.507988 130.362152 5.59381628 -12.054493 132.090515 5.1227212 -12.0225792 135.962891 3.09445715 -10.5711813 134.645859 4.07752752 -11.508256 134.209457 3.00757861 -9.54137516 33.7212334 -9.70853329 -10.094224 33.417244 -9.20080185 -7.71565342 32.0653114 -9.37631989 -8.82657528 131.898941 -1.15414645e-15 2.17008615 131.726059 1.18975365 1.94606078 130.744614 0.759626687 1.87909412 30.7746544 -9.57632542 -10.1035452 32.0653114 -9.37631989 -8.82657528 29.2104073 -9.14286327 -8.38080406 143.172699 2.59845376 -13.5555096 141.065277 3.06824994 -13.1004028 142.251678 2.13029718 -12.3254051 143.649185 1.3511622 -11.8919201 143.172699 2.59845376 -13.5555096 142.251678 2.13029718 -12.3254051 141.594376 1.56980419 -10.9516592 143.036316 0.867912412 -10.4738226 142.251678 2.13029718 -12.3254051 42.0635605 -9.55981827 -8.13690567 40.2202415 -9.55736446 -8.33512497 42.4916611 -9.98976898 -10.1688423 141.065277 3.06824994 -13.1004028 140.216476 2.44864416 -11.6982603 142.251678 2.13029718 -12.3254051 138.083496 1.34812593 -8.17818642 137.693619 2.11670041 -9.73280239 136.46431 1.59933138 -7.75433302 137.056747 1.04846489 -6.36719513 138.083496 1.34812593 -8.17818642 136.46431 1.59933138 -7.75433302 135.383438 1.42501295 -6.40461302 137.056747 1.04846489 -6.36719513 136.46431 1.59933138 -7.75433302 135.931885 2.25997853 -9.01771355 134.297958 2.20070243 -7.87616062 136.46431 1.59933138 -7.75433302 45.767807 -7.40864611 -10.2264662 48.8015366 -10.0934095 -10.2866011 45.5851097 -10.0477743 -10.2220669 131.411011 1.98657238 -5.19982529 132.45195 1.36867523 -3.85462379 132.867767 1.66106451 -5.24035168 133.86705 1.74834919 -6.30368948 132.293869 2.367275 -6.95131111 132.867767 1.66106451 -5.24035168 126.34314 -1.26142704 -1.53884041 125.512314 -1.15710163 -1.29805946 126.450867 -1.74845982 -2.40429425 134.453445 1.23077226 -4.89190626 133.86705 1.74834919 -6.30368948 132.867767 1.66106451 -5.24035168 132.45195 1.36867523 -3.85462379 133.630096 1.10947728 -3.67279577 132.867767 1.66106451 -5.24035168 135.830643 6.23865891 -15.3391657 137.100204 5.21325064 -14.3259153 137.985825 5.73041344 -15.5130396 139.608566 0.811994553 -7.57633114 140.352707 0.392532766 -6.17996264 141.218384 0.525251567 -7.80944443 141.597748 0.886805475 -9.39644814 139.698792 1.27772427 -9.09111977 141.218384 0.525251567 -7.80944443 137.056854 4.43711472 -15.4402475 135.830643 6.23865891 -15.3391657 137.985825 5.73041344 -15.5130396 139.608566 0.811994553 -7.57633114 141.218384 0.525251567 -7.80944443 139.698792 1.27772427 -9.09111977 138.083496 1.34812593 -8.17818642 139.608566 0.811994553 -7.57633114 139.698792 1.27772427 -9.09111977 139.696991 1.87441468 -10.4017382 137.693619 2.11670041 -9.73280239 139.698792 1.27772427 -9.09111977 141.597748 0.886805475 -9.39644814 139.696991 1.87441468 -10.4017382 139.698792 1.27772427 -9.09111977 80.5626984 -3.37690425 -0.373941451 81.6267776 -1.75391138 -0.153175041 79.0509872 -1.98927712 -0.157191306 141.218384 0.525251567 -7.80944443 142.928696 6.05175818e-15 -7.77279425 141.597748 0.886805475 -9.39644814 143.819717 6.88068411e-15 -9.23325539 143.036316 0.867912412 -10.4738226 141.597748 0.886805475 -9.39644814 126.125694 -0.687159181 -0.737520635 124.718735 -0.775379121 -0.733813703 125.512314 -1.15710163 -1.29805946 141.565781 -3.18615387e-16 -0.0691077113 142.021317 -1.26694403e-15 1.07761252 141.17038 -0.978166401 -0.043832574 78.1755524 -0.000103979779 1.70786052e-06 79.0509872 -1.98927712 -0.157191306 80.4944382 -9.86059094e-05 1.75860043e-06 120.02784 3.64724636 -3.81367922 121.573898 4.55596972 -5.80613756 119.857948 4.76906347 -5.50117016 64.2161484 -10.0063486 -9.29303169 66.0821152 -10.2542267 -10.7834148 66.4627762 -9.93629932 -8.80590534 137.265182 0.612223089 -4.15719748 138.586838 0.413649827 -3.99558854 137.974899 0.644209146 -5.19552565 137.056747 1.04846489 -6.36719513 136.002869 0.949426949 -4.96232033 137.974899 0.644209146 -5.19552565 138.62323 0.753822923 -6.46101999 137.056747 1.04846489 -6.36719513 137.974899 0.644209146 -5.19552565 138.586838 0.413649827 -3.99558854 139.702728 0.341857493 -4.8882308 137.974899 0.644209146 -5.19552565 68.2365646 -9.84983063 -8.21591473 66.5014267 -9.56838512 -6.29631901 66.4627762 -9.93629932 -8.80590534 24.8318367 9.27022362 -10.1675091 24.8316116 8.78666592 -7.9220252 26.2698154 9.12397289 -9.06435871 130.18042 1.82098484 -3.90524101 131.411011 1.98657238 -5.19982529 129.449692 2.40733743 -5.11563873 29.4914894 5.20247364 -3.02186513 29.9551563 3.68741155 -2.17536807 31.3345261 5.52139664 -2.98062205 27.6465931 9.42135239 -10.1306162 24.8318367 9.27022362 -10.1675091 26.2698154 9.12397289 -9.06435871 134.633163 -1.46988497e-15 2.61872339 134.590408 1.10011506 2.52267957 133.287552 -1.32144202e-15 2.40778875 129.297668 1.02115834 0.947258055 129.842758 0.554600179 1.74190009 130.492142 1.44581354 1.18261087 135.383438 1.42501295 -6.40461302 133.86705 1.74834919 -6.30368948 134.453445 1.23077226 -4.89190626 136.002869 0.949426949 -4.96232033 135.383438 1.42501295 -6.40461302 134.453445 1.23077226 -4.89190626 134.97377 0.879783273 -3.61948323 136.002869 0.949426949 -4.96232033 134.453445 1.23077226 -4.89190626 112.681641 2.36123142e-05 -0.000149777174 114.784462 -1.49496984 -0.901770055 114.904541 1.76730573e-05 -0.000247580494 136.002869 0.949426949 -4.96232033 134.97377 0.879783273 -3.61948323 136.244217 0.679282844 -3.5345149 137.265182 0.612223089 -4.15719748 136.002869 0.949426949 -4.96232033 136.244217 0.679282844 -3.5345149 137.371521 0.439737648 -2.39989424 137.714279 0.456884563 -3.23387074 136.244217 0.679282844 -3.5345149 140.779449 0.103933923 -2.39242673 141.23877 2.50516347e-15 -3.48376966 139.924805 0.224814907 -3.50148487 131.656509 1.09668553 -2.403579 132.865479 0.808101177 -1.51948583 132.783844 0.954143524 -2.40342736 139.702728 0.341857493 -4.8882308 138.586838 0.413649827 -3.99558854 139.924805 0.224814907 -3.50148487 141.23877 2.50516347e-15 -3.48376966 139.702728 0.341857493 -4.8882308 139.924805 0.224814907 -3.50148487 135.290817 5.16140461 -13.4453506 133.666458 4.99431896 -12.4914169 134.645859 4.07752752 -11.508256 133.908936 0.819527745 -2.4032743 135.067123 0.688977599 -2.4029305 134.97377 0.879783273 -3.61948323 137.379608 -0.438873202 -2.3998754 136.425903 -0.631068289 -3.34854388 137.662018 -0.479361385 -3.41673279 3.06059551 -5.38710976 -6.02554417 0.584847927 -5.17979431 -6.18647528 2.08867645 -6.30410576 -7.52652216 24.8311005 -5.97076607 -4.00395823 26.9660454 -5.21129608 -3.33042669 24.8310051 -3.81325674 -2.90905523 141.007629 -0.526312053 -7.61313534 141.7957 -0.736001492 -9.11012268 142.928696 6.05175818e-15 -7.77279425 124.698494 -1.6236515 -1.87663031 126.450867 -1.74845982 -2.40429425 125.512314 -1.15710163 -1.29805946 77.216774 -1.52471077 -0.101841986 78.1755524 -0.000103979779 1.70786052e-06 75.8565521 -0.000109360917 1.65678955e-06 99.0505676 -5.62456298e-05 2.17064485e-06 99.0204544 -1.46032882 -0.379700601 101.3703 -5.09352867e-05 1.83907389e-06 148.954895 1.95629096 -16.1087723 147.192963 1.91859245 -14.9916134 149.053223 0.945966899 -15.1181965 45.6612968 10.0490007 -10.2234907 43.2252731 6.90922356 -10.1815023 42.4598541 9.98907661 -10.1683445 2.08867645 -6.30410576 -7.52652216 0.584847927 -5.17979431 -6.18647528 0.496278614 -6.12234354 -7.70121479 27.8741894 9.05829239 -8.32471371 27.6465931 9.42135239 -10.1306162 26.2698154 9.12397289 -9.06435871 146.419113 -3.10819197 -16.0140114 144.245316 -3.09904456 -14.837678 143.945328 -3.99811673 -15.8966856 150.366379 -1.12130141 -16.1465588 151.826584 1.29986472e-14 -16.1747036 149.63205 1.07291851e-14 -14.6951809 143.470016 -1.94515598 -15.8713217 146.419113 -3.10819197 -16.0140114 143.945328 -3.99811673 -15.8966856 44.4074745 9.41181946 -7.10814095 46.0647011 9.39500999 -6.82321692 44.9699554 9.72755909 -8.70518303 151.826584 1.29986472e-14 -16.1747036 150.366379 1.12130141 -16.1465588 149.63205 1.07291851e-14 -14.6951809 141.594376 1.56980419 -10.9516592 141.597748 0.886805475 -9.39644814 143.036316 0.867912412 -10.4738226 125.786179 -0.101288311 -0.0535528064 127.138351 -0.184377536 -0.141613021 126.798996 -0.0654609799 0.497024834 126.97715 0.105287984 0.1664408 126.447624 -1.31122712e-15 1.13335359 127.119347 -5.18462567e-16 1.26695395 135.981812 -1.59868098e-15 2.80176973 134.590408 1.10011506 2.52267957 134.633163 -1.46988497e-15 2.61872339 136.997543 -0.727762997 -4.68641806 138.199677 -0.513014674 -4.4654994 137.662018 -0.479361385 -3.41673279 130.8591 4.62384796 -10.6940031 132.090515 5.1227212 -12.0225792 130.362152 5.59381628 -12.054493 130.522095 -1.24071372 -2.40372205 130.070831 -1.61207891 -3.25654411 131.22966 -1.42874897 -3.27811742 33.3322983 3.06763911 -1.47302628 33.3058434 5.21624327 -2.57084465 31.825634 3.84199762 -2.0295558 24.8313046 -7.82239056 -5.55824614 22.3841743 -7.7331357 -5.72899961 24.8315964 -8.75878048 -7.8041935 43.0289574 -7.78279161 -10.1783752 45.5851097 -10.0477743 -10.2220669 42.4916611 -9.98976898 -10.1688423 28.664362 1.54565668 -1.01132905 30.4594498 2.05150056 -1.1909169 28.0789223 3.35289073 -2.23198819 130.664276 -1.84810412 -4.26463461 131.22966 -1.42874897 -3.27811742 130.070831 -1.61207891 -3.25654411 30.7746544 -9.57632542 -10.1035452 33.7212334 -9.70853329 -10.094224 32.0653114 -9.37631989 -8.82657528 138.586838 0.413649827 -3.99558854 137.265182 0.612223089 -4.15719748 137.714279 0.456884563 -3.23387074 138.881561 4.55598211 -14.1754885 137.377258 4.31619596 -13.1081429 139.108368 3.47474766 -12.697485 134.453445 1.23077226 -4.89190626 133.630096 1.10947728 -3.67279577 134.97377 0.879783273 -3.61948323 43.0613899 9.63879967 -8.43094826 44.4074745 9.41181946 -7.10814095 44.9699554 9.72755909 -8.70518303 66.4898376 -2.74415398 -0.19246313 66.5808411 -0.000131927518 1.44683042e-06 64.4286728 -1.77143192 -0.100447446 113.447464 1.52445471 -0.867637515 112.681641 2.36123142e-05 -0.000149777174 114.904541 1.76730573e-05 -0.000247580494 128.862 5.37751436 -11.062233 130.8591 4.62384796 -10.6940031 130.362152 5.59381628 -12.054493 130.891983 6.34455299 -13.507988 129.077545 6.32858181 -12.7854643 130.362152 5.59381628 -12.054493 144.680344 0.361834168 -10.8903284 143.649185 1.3511622 -11.8919201 143.036316 0.867912412 -10.4738226 133.666458 4.99431896 -12.4914169 132.807739 3.94997168 -10.4839029 134.645859 4.07752752 -11.508256 127.933479 -1.55230085e-15 1.4246676 128.314911 0.312599093 0.453507811 127.119347 -5.18462567e-16 1.26695395 127.138351 -0.184377536 -0.141613021 128.705109 -0.386892229 -0.357538253 128.265945 -0.492547393 0.741329968 45.6612968 10.0490007 -10.2234907 42.4598541 9.98907661 -10.1683445 44.9699554 9.72755909 -8.70518303 127.119347 -5.18462567e-16 1.26695395 126.798996 -0.0654609799 0.497024834 128.265945 -0.492547393 0.741329968 68.7037888 -1.84268022 -0.104004823 70.8448639 -2.50150442 -0.16864942 71.2192459 -0.000120106517 1.55324722e-06 130.472931 -9.71651823e-16 1.91080236 130.744614 0.759626687 1.87909412 129.842758 0.554600179 1.74190009 31.7843323 -0.000831435376 -1.52644702e-07 31.9023743 1.54616213 -0.788600028 29.3927059 -0.000991763081 -3.99948931e-07 126.243271 0.960774899 -1.09776664 127.53125 0.788837492 -0.992872715 126.450867 1.74845982 -2.40429425 75.209938 -9.55469894 -6.39726925 73.8045959 -9.29772091 -5.05209875 74.1601715 -9.76137161 -7.67529488 75.9066544 -9.95139408 -9.03164577 75.209938 -9.55469894 -6.39726925 74.1601715 -9.76137161 -7.67529488 102.93631 9.62608624 -12.4520493 101.355347 9.40846062 -10.7893333 103.79879 9.01547146 -9.79045582 64.2161484 -10.0063486 -9.29303169 62.4164848 -9.8270874 -8.20228577 62.5078506 -10.2285337 -10.6608009 128.993195 -7.74084988e-16 1.63011515 130.472931 -9.71651823e-16 1.91080236 129.842758 0.554600179 1.74190009 43.7660446 -9.41058922 -7.17792416 44.118 -8.9876833 -5.48243189 42.0509186 -9.16470814 -6.2826395 40.143364 -9.12704945 -6.37818289 42.0635605 -9.55981827 -8.13690567 42.0509186 -9.16470814 -6.2826395 86.5833511 2.60262036 -0.349057972 84.8641815 1.65009904 -0.173443705 87.4495544 -8.26155374e-05 1.91014874e-06 119.674774 -5.20927238 -6.227283 121.574181 -5.66699886 -8.13730812 121.573853 -4.38084793 -5.48304272 88.1921387 1.9628334 -0.268022776 86.5833511 2.60262036 -0.349057972 87.4495544 -8.26155374e-05 1.91014874e-06 51.3757248 -2.249367 -0.274559796 49.2329979 -2.24591827 -0.319394767 50.3547668 -3.94180155 -0.673683703 48.660759 -4.53010702 -0.931138635 50.3547668 -3.94180155 -0.673683703 49.2329979 -2.24591827 -0.319394767 75.3194962 -1.82350135 -0.119079776 76.9144287 -3.55082965 -0.355254591 77.216774 -1.52471077 -0.101841986 75.8565521 -0.000109360917 1.65678955e-06 75.3194962 -1.82350135 -0.119079776 77.216774 -1.52471077 -0.101841986 129.297668 1.02115834 0.947258055 128.993195 -7.74084988e-16 1.63011515 129.842758 0.554600179 1.74190009 47.1809196 -3.32348585 -0.627218008 48.660759 -4.53010702 -0.931138635 49.2329979 -2.24591827 -0.319394767 132.181732 -1.42745364 -3.87891293 131.654572 -1.09693384 -2.40357924 131.22966 -1.42874897 -3.27811742 96.7170105 9.54841423 -10.0298195 97.9335709 9.11923599 -8.17419624 98.5889282 9.54819012 -10.6303644 117.863564 -5.36070538 -5.79539061 116.243919 -5.70124722 -5.8227582 116.858711 -6.7375164 -8.25170231 119.674774 -5.20927238 -6.227283 117.863564 -5.36070538 -5.79539061 118.855568 -6.23538685 -8.03720188 83.1973648 -2.9705627 -0.346406251 85.0370026 -3.40720439 -0.476688594 84.3907547 -1.56245255 -0.157343492 81.6267776 -1.75391138 -0.153175041 83.1973648 -2.9705627 -0.346406251 82.8133774 -9.32478943e-05 1.80914105e-06 86.5009995 -1.89723516 -0.229534581 85.1326752 -8.79138388e-05 1.85962415e-06 84.3907547 -1.56245255 -0.157343492 85.0370026 -3.40720439 -0.476688594 86.5009995 -1.89723516 -0.229534581 84.3907547 -1.56245255 -0.157343492 103.246346 8.59195995 -7.91855478 103.79879 9.01547146 -9.79045582 101.701683 8.98396015 -8.86139393 124.958389 1.66882157 -1.98382998 123.960281 1.07490492 -1.05223262 125.149094 0.785500526 -0.775977075 134.435562 -1.02306843 2.51167178 135.80188 -1.06181002 2.70936155 134.633163 -1.46988497e-15 2.61872339 130.744614 0.759626687 1.87909412 130.492142 1.44581354 1.18261087 129.842758 0.554600179 1.74190009 116.430389 5.17428923 -5.04480505 115.984474 3.8719995 -3.25887012 118.073776 4.25640106 -4.17355537 127.138351 -0.184377536 -0.141613021 128.265945 -0.492547393 0.741329968 126.798996 -0.0654609799 0.497024834 126.447624 -1.31122712e-15 1.13335359 125.786179 -0.101288311 -0.0535528064 126.798996 -0.0654609799 0.497024834 90.2393951 9.75757694 -9.60189533 87.5534134 9.89660549 -10.0191784 88.7820663 9.46447849 -7.51476812 22.3841743 -7.7331357 -5.72899961 20.9754429 -8.31843948 -7.17054987 24.8315964 -8.75878048 -7.8041935 86.1675034 9.68889332 -8.33207512 87.5534134 9.89660549 -10.0191784 83.7633286 9.97604465 -9.95911407 56.330452 -8.99458313 -4.33939314 56.8994408 -8.03465652 -2.55522847 54.8488045 -8.40797901 -3.21995378 53.2026062 -7.761765 -2.47260284 54.8488045 -8.40797901 -3.21995378 55.3208351 -6.94279194 -1.67476368 76.9144287 -3.55082965 -0.355254591 77.1511078 -5.71349621 -0.97546792 78.8030624 -4.11383581 -0.500073493 22.3841743 -7.7331357 -5.72899961 19.437851 -7.60965204 -5.93907738 20.9754429 -8.31843948 -7.17054987 79.0509872 -1.98927712 -0.157191306 76.9144287 -3.55082965 -0.355254591 78.8030624 -4.11383581 -0.500073493 80.5626984 -3.37690425 -0.373941451 79.0509872 -1.98927712 -0.157191306 78.8030624 -4.11383581 -0.500073493 78.7646713 -5.8308382 -1.0768503 80.5129242 -5.55650234 -1.01771176 78.8030624 -4.11383581 -0.500073493 89.0183487 10.0812712 -11.7272949 85.2656174 10.153533 -11.558671 87.5534134 9.89660549 -10.0191784 128.314911 0.312599093 0.453507811 127.933479 -1.55230085e-15 1.4246676 128.993195 -7.74084988e-16 1.63011515 139.189209 -0.316882998 -3.68880987 139.849014 -0.329166025 -4.97399426 140.243347 -0.177774832 -3.13302708 51.7660828 -4.91722059 -0.922161937 51.3757248 -2.249367 -0.274559796 50.3547668 -3.94180155 -0.673683703 48.660759 -4.53010702 -0.931138635 50.1764297 -5.82584667 -1.36264563 50.3547668 -3.94180155 -0.673683703 40.9037437 9.61437225 -8.53563118 42.4566269 9.24504662 -6.55108929 43.0613899 9.63879967 -8.43094826 30.4594498 2.05150056 -1.1909169 31.825634 3.84199762 -2.0295558 29.9551563 3.68741155 -2.17536807 110.565529 -6.40075159 -5.33834028 109.007698 -7.17714834 -6.228652 110.559219 -7.36882782 -7.14665794 111.998085 -7.7915678 -8.82228279 112.041725 -6.83988857 -6.51431561 110.559219 -7.36882782 -7.14665794 109.706871 -8.00967312 -8.50751495 111.998085 -7.7915678 -8.82228279 110.559219 -7.36882782 -7.14665794 109.007698 -7.17714834 -6.228652 109.706871 -8.00967312 -8.50751495 110.559219 -7.36882782 -7.14665794 80.4944382 -9.86059094e-05 1.75860043e-06 79.0509872 -1.98927712 -0.157191306 81.6267776 -1.75391138 -0.153175041 29.4914894 5.20247364 -3.02186513 28.0789223 3.35289073 -2.23198819 29.9551563 3.68741155 -2.17536807 47.6117973 1.54531455 -0.229102984 48.0227737 -0.000345347187 8.88924319e-07 49.6019707 1.88744926 -0.249840051 51.4403915 2.44261146 -0.305452853 49.9582787 3.76289177 -0.638965428 49.6019707 1.88744926 -0.249840051 48.7957878 10.0933371 -10.2864771 48.6343422 9.53567791 -7.32435369 50.7851486 9.71131706 -8.16107941 51.7588387 9.3784399 -6.09812307 53.2014771 9.68666363 -7.82859993 50.7851486 9.71131706 -8.16107941 104.996429 -1.75257516 -0.662224889 105.892395 -3.66965985 -1.80255103 106.806908 -1.46376312 -0.593634486 19.437851 -7.60965204 -5.93907738 18.1569176 -8.13805771 -7.32459259 20.9754429 -8.31843948 -7.17054987 131.654572 -1.09693384 -2.40357924 130.522095 -1.24071372 -2.40372205 131.22966 -1.42874897 -3.27811742 139.924805 0.224814907 -3.50148487 138.586838 0.413649827 -3.99558854 139.086929 0.296297044 -3.16414261 85.2656174 10.153533 -11.558671 83.7633286 9.97604465 -9.95911407 87.5534134 9.89660549 -10.0191784 115.248672 7.27283144 -8.83548355 115.829544 8.04375744 -11.1897774 113.435982 7.7633419 -9.36412525 48.7957878 10.0933371 -10.2864771 47.2539368 9.73324776 -8.55143833 48.6343422 9.53567791 -7.32435369 50.0693665 9.28665924 -5.85527039 50.7851486 9.71131706 -8.16107941 48.6343422 9.53567791 -7.32435369 46.0647011 9.39500999 -6.82321692 47.2289963 9.17453766 -5.72755241 47.2539368 9.73324776 -8.55143833 139.644257 -0.204674914 -2.39373207 139.189209 -0.316882998 -3.68880987 140.243347 -0.177774832 -3.13302708 106.007668 4.01332763e-05 -1.42436202e-05 104.996429 -1.75257516 -0.662224889 106.806908 -1.46376312 -0.593634486 145.004868 7.94219342e-15 -10.7398558 146.369583 8.91092975e-15 -12.1147346 145.734406 0.486335456 -12.0910025 42.7632065 1.9625206 -0.441077381 40.3554497 1.63692427 -0.434750944 41.055378 -0.000480870309 5.25182145e-07 43.3828812 -0.000439026946 6.6483949e-07 42.7632065 1.9625206 -0.441077381 41.055378 -0.000480870309 5.25182145e-07 130.664276 -1.84810412 -4.26463461 132.181732 -1.42745364 -3.87891293 131.22966 -1.42874897 -3.27811742 128.265945 -0.492547393 0.741329968 127.933479 -1.55230085e-15 1.4246676 127.119347 -5.18462567e-16 1.26695395 140.910431 -0.128646642 -3.57064891 140.243347 -0.177774832 -3.13302708 139.849014 -0.329166025 -4.97399426 108.235519 3.47893292e-05 -3.87441723e-05 106.007668 4.01332763e-05 -1.42436202e-05 106.806908 -1.46376312 -0.593634486 52.0580215 10.130374 -10.3609028 50.7851486 9.71131706 -8.16107941 53.2014771 9.68666363 -7.82859993 30.4955559 9.56306839 -10.1052999 29.5076923 9.22510433 -8.69739342 31.7355137 9.3321228 -8.68599224 32.481926 8.9541254 -6.88973141 33.671463 9.31382656 -8.19065857 31.7355137 9.3321228 -8.68599224 34.9644508 4.27891779 -1.88981748 35.5596962 1.977036 -0.783055663 36.6792412 3.34629178 -1.28418398 37.2561531 4.93807888 -1.97361875 34.9644508 4.27891779 -1.88981748 36.6792412 3.34629178 -1.28418398 38.1353149 2.01865363 -0.654515207 38.9866753 4.03028822 -1.37725556 36.6792412 3.34629178 -1.28418398 50.0693665 9.28665924 -5.85527039 48.6343422 9.53567791 -7.32435369 48.6496887 8.95736027 -4.91936636 50.4357796 8.73392963 -4.213305 50.0693665 9.28665924 -5.85527039 48.6496887 8.95736027 -4.91936636 48.7831726 8.0585165 -3.20572925 50.4357796 8.73392963 -4.213305 48.6496887 8.95736027 -4.91936636 47.2289963 9.17453766 -5.72755241 47.0938148 8.34022522 -3.80316758 48.6496887 8.95736027 -4.91936636 68.2267761 1.85465801 -0.104637951 66.2761078 3.34640455 -0.276011616 66.19561 1.6269412 -0.0873034894 48.7957878 10.0933371 -10.2864771 45.6612968 10.0490007 -10.2234907 47.2539368 9.73324776 -8.55143833 111.258781 7.76372623 -8.43133259 109.536026 7.23494673 -6.50486231 112.00119 6.85572577 -6.53258514 66.5808411 -0.000131927518 1.44683042e-06 68.2267761 1.85465801 -0.104637951 66.19561 1.6269412 -0.0873034894 64.179718 1.75240254 -0.099424541 64.2649994 -0.000140215852 1.39162876e-06 66.19561 1.6269412 -0.0873034894 112.137405 8.50526333 -11.1003323 113.435982 7.7633419 -9.36412525 115.829544 8.04375744 -11.1897774 66.2761078 3.34640455 -0.276011616 64.179718 1.75240254 -0.099424541 66.19561 1.6269412 -0.0873034894 -0.091400966 -3.71933985 -7.4614706 0.584847927 -5.17979431 -6.18647528 0.345407695 -3.49310374 -5.78816509 30.4594498 2.05150056 -1.1909169 29.3927059 -0.000991763081 -3.99948931e-07 31.9023743 1.54616213 -0.788600028 33.3322983 3.06763911 -1.47302628 31.825634 3.84199762 -2.0295558 31.9023743 1.54616213 -0.788600028 31.7843323 -0.000831435376 -1.52644702e-07 33.76408 1.36339009 -0.597408354 31.9023743 1.54616213 -0.788600028 83.9375992 9.68661499 -7.97666788 81.4932327 9.88668251 -9.02079201 82.0459061 9.58110332 -7.11092138 47.4182701 3.21644807 -0.589308739 45.3908806 1.95097518 -0.357854486 47.6117973 1.54531455 -0.229102984 19.8248482 8.97137356 -10.2605257 19.7070484 6.83622885 -10.263958 17.3224907 8.80326271 -10.3221188 51.6626472 4.72306919 -0.860729277 50.1664543 5.84213543 -1.37065542 49.9582787 3.76289177 -0.638965428 51.4403915 2.44261146 -0.305452853 51.6626472 4.72306919 -0.860729277 49.9582787 3.76289177 -0.638965428 80.3726578 9.52687931 -6.6369071 81.8979721 9.12404251 -5.08494377 82.0459061 9.58110332 -7.11092138 47.4182701 3.21644807 -0.589308739 49.9582787 3.76289177 -0.638965428 48.6398048 4.72087097 -0.999623001 127.53125 0.788837492 -0.992872715 126.97715 0.105287984 0.1664408 128.769714 0.475057095 -0.536506593 121.573578 3.13141966 -3.45844507 121.573898 4.55596972 -5.80613756 120.02784 3.64724636 -3.81367922 124.230446 -3.73616333e-16 -0.000157959206 125.149094 0.785500526 -0.775977075 123.960281 1.07490492 -1.05223262 99.8235626 9.14380264 -8.90934277 101.355347 9.40846062 -10.7893333 98.5889282 9.54819012 -10.6303644 95.1166534 8.2218647 -4.99662733 96.6286011 7.41288614 -4.07157993 96.7806091 8.59271526 -6.14367533 19.437851 -7.60965204 -5.93907738 16.1962719 -7.44559097 -6.18547106 18.1569176 -8.13805771 -7.32459259 94.7068176 8.97180939 -6.78200817 95.1166534 8.2218647 -4.99662733 96.7806091 8.59271526 -6.14367533 96.1089783 9.17990494 -7.90268278 94.7068176 8.97180939 -6.78200817 96.7806091 8.59271526 -6.14367533 98.1359406 7.96496725 -5.10302973 99.2585297 8.65563774 -6.92507362 96.7806091 8.59271526 -6.14367533 121.573578 3.13141966 -3.45844507 120.02784 3.64724636 -3.81367922 120.274948 2.32430172 -2.1191411 118.62149 2.82270098 -2.47438717 120.274948 2.32430172 -2.1191411 120.02784 3.64724636 -3.81367922 123.387039 -0.995929301 -0.907784164 124.230446 -3.73616333e-16 -0.000157959206 122.839394 -3.73298299e-16 -0.000346838526 119.335106 1.33590817 -0.986584246 119.524529 5.20607136e-06 -0.000390844565 121.573334 1.60491538 -1.42532313 31.3345261 5.52139664 -2.98062205 30.7982216 7.0210948 -4.09211922 29.4914894 5.20247364 -3.02186513 55.403759 10.1633606 -10.446599 52.0580215 10.130374 -10.3609028 55.2699471 9.79186058 -8.33701706 29.030714 6.65388966 -3.99454546 27.8032684 5.2440691 -3.24764323 29.4914894 5.20247364 -3.02186513 61.959671 -0.000151612461 1.33448953e-06 64.179718 1.75240254 -0.099424541 62.5383415 2.81336474 -0.214239866 59.9549522 2.9708159 -0.256268263 61.959671 -0.000151612461 1.33448953e-06 62.5383415 2.81336474 -0.214239866 83.5321426 9.30208492 -5.94953918 82.0459061 9.58110332 -7.11092138 81.8979721 9.12404251 -5.08494377 107.576576 -2.61707568 -1.23845935 109.101654 -1.44911575 -0.66179508 106.806908 -1.46376312 -0.593634486 48.6343422 9.53567791 -7.32435369 47.2539368 9.73324776 -8.55143833 47.2289963 9.17453766 -5.72755241 44.4074745 9.41181946 -7.10814095 44.0956879 9.01219082 -5.55418158 46.0647011 9.39500999 -6.82321692 56.5986938 3.1262877 -0.325274259 54.7131805 2.88301086 -0.316064179 55.8444481 1.44497383 -0.113764189 140.779449 -0.103933923 -2.39242673 139.644257 -0.204674914 -2.39373207 140.243347 -0.177774832 -3.13302708 109.262115 8.19953346 -8.91557312 109.536026 7.23494673 -6.50486231 111.258781 7.76372623 -8.43133259 68.9682465 9.54880142 -6.16963196 70.9384232 9.36085701 -5.21087933 70.6753998 9.70987511 -7.26223803 96.1676102 9.88939571 -12.0735216 96.7170105 9.54841423 -10.0298195 98.5889282 9.54819012 -10.6303644 72.7723999 9.66667747 -7.00513315 71.3215408 9.99869728 -9.20656776 70.6753998 9.70987511 -7.26223803 71.3215408 9.99869728 -9.20656776 68.5506058 9.86535263 -8.31706619 70.6753998 9.70987511 -7.26223803 119.335106 1.33590817 -0.986584246 121.573334 1.60491538 -1.42532313 120.274948 2.32430172 -2.1191411 38.6955299 9.50777435 -8.28794765 36.2883453 9.80978394 -10.1007872 37.0824242 9.26568604 -7.37134361 70.9384232 9.36085701 -5.21087933 72.7723999 9.66667747 -7.00513315 70.6753998 9.70987511 -7.26223803 137.335007 -1.69718721e-15 2.94182134 135.925995 1.15766168 2.71037912 135.981812 -1.59868098e-15 2.80176973 118.62149 2.82270098 -2.47438717 119.335106 1.33590817 -0.986584246 120.274948 2.32430172 -2.1191411 55.0522957 8.28287601 -3.00820374 53.3125801 7.5684557 -2.27058864 55.3347359 6.81175232 -1.59395826 57.0199661 7.95467949 -2.45270848 55.0522957 8.28287601 -3.00820374 55.3347359 6.81175232 -1.59395826 122.664391 1.08807278 -0.96184963 123.15493 2.14476132 -2.37520266 121.573334 1.60491538 -1.42532313 121.573151 3.96172938e-12 -0.000436792034 122.664391 1.08807278 -0.96184963 121.573334 1.60491538 -1.42532313 123.15493 2.14476132 -2.37520266 121.573578 3.13141966 -3.45844507 121.573334 1.60491538 -1.42532313 122.664391 1.08807278 -0.96184963 122.839394 -3.73298299e-16 -0.000346838526 123.960281 1.07490492 -1.05223262 121.573151 3.96172938e-12 -0.000436792034 121.573296 -1.22744238 -1.0222255 122.839394 -3.73298299e-16 -0.000346838526 124.230446 -3.73616333e-16 -0.000157959206 123.960281 1.07490492 -1.05223262 122.839394 -3.73298299e-16 -0.000346838526 16.1962719 -7.44559097 -6.18547106 15.3669891 -7.93344069 -7.49184227 18.1569176 -8.13805771 -7.32459259 124.958389 1.66882157 -1.98382998 123.15493 2.14476132 -2.37520266 123.960281 1.07490492 -1.05223262 125.786179 0.101288311 -0.0535528064 126.243271 0.960774899 -1.09776664 125.149094 0.785500526 -0.775977075 57.3198814 -0.000189733575 1.2096616e-06 58.3122482 1.715698 -0.121572442 55.8444481 1.44497383 -0.113764189 125.786179 0.101288311 -0.0535528064 126.447624 -1.31122712e-15 1.13335359 126.97715 0.105287984 0.1664408 54.9796219 -0.000219711219 1.13973124e-06 57.3198814 -0.000189733575 1.2096616e-06 55.8444481 1.44497383 -0.113764189 127.613228 -0.947018504 -1.21720588 126.125694 -0.687159181 -0.737520635 126.34314 -1.26142704 -1.53884041 126.450867 -1.74845982 -2.40429425 127.933838 -1.56378388 -2.40402746 126.34314 -1.26142704 -1.53884041 140.910431 -0.128646642 -3.57064891 140.779449 -0.103933923 -2.39242673 140.243347 -0.177774832 -3.13302708 129.297668 1.02115834 0.947258055 128.314911 0.312599093 0.453507811 128.993195 -7.74084988e-16 1.63011515 138.529312 0.317241639 -2.39669442 139.086929 0.296297044 -3.16414261 137.714279 0.456884563 -3.23387074 0.139816105 -1.75482452 -5.66360617 -0.411765963 -1.69205189 -7.56638718 0.345407695 -3.49310374 -5.78816509 16.1962719 -7.44559097 -6.18547106 13.2974415 -7.26808548 -6.42499447 15.3669891 -7.93344069 -7.49184227 139.66803 0.202401519 -2.39348221 139.924805 0.224814907 -3.50148487 139.086929 0.296297044 -3.16414261 100.520767 1.70233917 -0.496062428 99.0505676 -5.62456298e-05 2.17064485e-06 101.3703 -5.09352867e-05 1.83907389e-06 138.529312 0.317241639 -2.39669442 139.66803 0.202401519 -2.39348221 139.086929 0.296297044 -3.16414261 22.2635918 9.12222862 -10.2106638 21.8472099 7.05637598 -10.2192869 19.8248482 8.97137356 -10.2605257 147.468369 -0.738386095 -13.7888765 146.369583 8.91092975e-15 -12.1147346 146.021713 -0.466608375 -12.3126898 112.681641 2.36123142e-05 -0.000149777174 111.15007 1.63357925 -0.842237771 110.460114 2.9299812e-05 -8.1529819e-05 111.031387 -1.91463971 -1.00889087 112.911942 -1.68294835 -0.949941158 110.460114 2.9299812e-05 -8.1529819e-05 144.629547 1.63308585 -12.9986696 143.649185 1.3511622 -11.8919201 145.734406 0.486335456 -12.0910025 144.680344 0.361834168 -10.8903284 145.734406 0.486335456 -12.0910025 143.649185 1.3511622 -11.8919201 138.199677 -0.513014674 -4.4654994 136.997543 -0.727762997 -4.68641806 138.437408 -0.664808571 -5.81299543 13.2974415 -7.26808548 -6.42499447 12.739995 -7.71423817 -7.66205835 15.3669891 -7.93344069 -7.49184227 135.80188 -1.06181002 2.70936155 137.06546 -1.15370011 2.84220028 135.981812 -1.59868098e-15 2.80176973 127.53125 0.788837492 -0.992872715 126.243271 0.960774899 -1.09776664 126.97715 0.105287984 0.1664408 138.586838 0.413649827 -3.99558854 137.714279 0.456884563 -3.23387074 139.086929 0.296297044 -3.16414261 144.680344 0.361834168 -10.8903284 145.004868 7.94219342e-15 -10.7398558 145.734406 0.486335456 -12.0910025 146.378433 0.583181918 -12.7643709 144.629547 1.63308585 -12.9986696 145.734406 0.486335456 -12.0910025 128.389877 3.17750764 -6.44746494 130.177414 3.21059442 -7.66550446 128.601761 4.1858325 -8.8215065 129.124985 0.986167252 -1.46511734 127.933838 1.56378388 -2.40402746 127.53125 0.788837492 -0.992872715 128.769714 0.475057095 -0.536506593 129.124985 0.986167252 -1.46511734 127.53125 0.788837492 -0.992872715 21.1271133 1.62338686 -2.32835317 18.1083012 1.61447597 -2.953578 20.0029945 1.21095578e-15 -1.90166831 141.587418 -0.977000177 2.01416016 141.073349 -2.14525604 1.6332345 141.706284 -1.30631948 0.891689956 142.021317 -1.26694403e-15 1.07761252 141.587418 -0.977000177 2.01416016 141.706284 -1.30631948 0.891689956 138.369034 -2.38215327 -0.125077277 138.061249 -1.3969171 -0.683940887 139.470444 -1.66955543 -0.491811335 139.575424 -2.50604105 0.0708725452 138.369034 -2.38215327 -0.125077277 139.470444 -1.66955543 -0.491811335 140.345901 -0.824602365 -0.645177245 140.758499 -2.01038241 0.209431067 139.470444 -1.66955543 -0.491811335 139.087677 -0.877528846 -0.929956853 140.345901 -0.824602365 -0.645177245 139.470444 -1.66955543 -0.491811335 135.130051 -2.00019169 2.29916167 136.296097 -2.20835805 2.3901186 135.80188 -1.06181002 2.70936155 135.981812 -1.59868098e-15 2.80176973 134.633163 -1.46988497e-15 2.61872339 135.80188 -1.06181002 2.70936155 137.335007 -1.69718721e-15 2.94182134 135.981812 -1.59868098e-15 2.80176973 137.06546 -1.15370011 2.84220028 136.296097 -2.20835805 2.3901186 137.06546 -1.15370011 2.84220028 135.80188 -1.06181002 2.70936155 139.714111 -2.61381507 2.12747359 141.073349 -2.14525604 1.6332345 140.523392 -1.23301959 2.72339034 139.300461 -1.6569829 2.82353306 139.714111 -2.61381507 2.12747359 140.523392 -1.23301959 2.72339034 109.101654 -1.44911575 -0.66179508 110.460114 2.9299812e-05 -8.1529819e-05 108.235519 3.47893292e-05 -3.87441723e-05 141.706284 -1.30631948 0.891689956 141.17038 -0.978166401 -0.043832574 142.021317 -1.26694403e-15 1.07761252 131.240616 -0.852414668 1.95690894 131.547791 -1.76354337 1.10262108 132.220505 -1.24793613 2.03319621 136.425903 -0.631068289 -3.34854388 137.379608 -0.438873202 -2.3998754 136.22551 -0.562753618 -2.40196705 131.547791 -1.76354337 1.10262108 132.86087 -2.13299966 1.34327793 132.220505 -1.24793613 2.03319621 135.130051 -2.00019169 2.29916167 135.376251 -2.75279307 1.37336767 136.296097 -2.20835805 2.3901186 140.345901 -0.824602365 -0.645177245 141.242447 6.972492e-16 -1.29751563 141.17038 -0.978166401 -0.043832574 140.758499 -2.01038241 0.209431067 140.345901 -0.824602365 -0.645177245 141.17038 -0.978166401 -0.043832574 133.101654 1.14369047 2.24885964 134.590408 1.10011506 2.52267957 133.983322 2.06898046 1.96655059 141.706284 -1.30631948 0.891689956 140.758499 -2.01038241 0.209431067 141.17038 -0.978166401 -0.043832574 135.207214 -0.835698128 -1.20586789 135.075729 -0.688026667 -2.40292621 136.20343 -0.722940803 -1.40520251 118.963036 7.64194489 -11.4609661 119.629463 6.62645721 -9.33097935 121.57457 6.98802948 -11.0988846 137.379608 -0.438873202 -2.3998754 137.206955 -0.827376842 -1.15622461 136.20343 -0.722940803 -1.40520251 133.548889 -1.65672302 0.265827388 132.86087 -2.13299966 1.34327793 132.452194 -1.52132702 0.440342158 131.847885 -0.869205832 -0.153435379 133.053787 -0.937266111 -0.50986886 132.452194 -1.52132702 0.440342158 131.547791 -1.76354337 1.10262108 130.986877 -1.0669713 0.447681606 132.452194 -1.52132702 0.440342158 132.86087 -2.13299966 1.34327793 131.547791 -1.76354337 1.10262108 132.452194 -1.52132702 0.440342158 13.2974415 -7.26808548 -6.42499447 10.6888323 -7.08263302 -6.65713406 12.739995 -7.71423817 -7.66205835 129.415466 -0.956233621 1.46239901 128.265945 -0.492547393 0.741329968 129.116531 -0.531208873 0.486814827 130.019287 -0.736988246 0.416113347 129.415466 -0.956233621 1.46239901 129.116531 -0.531208873 0.486814827 130.019287 -0.736988246 0.416113347 129.116531 -0.531208873 0.486814827 129.643158 -0.559442937 -0.549408197 139.307938 3.0636971 1.10207808 140.316971 2.42786098 2.07628489 140.481216 2.64837337 0.888121068 139.865463 2.30913138 -0.024216231 139.307938 3.0636971 1.10207808 140.481216 2.64837337 0.888121068 140.911499 1.64818931 0.0743484348 139.865463 2.30913138 -0.024216231 140.481216 2.64837337 0.888121068 112.137405 8.50526333 -11.1003323 111.258781 7.76372623 -8.43133259 113.435982 7.7633419 -9.36412525 132.684235 2.0151155 1.52786934 133.101654 1.14369047 2.24885964 133.983322 2.06898046 1.96655059 135.213577 2.34045243 2.05831337 134.777573 2.54889154 0.856343329 133.983322 2.06898046 1.96655059 134.590408 1.10011506 2.52267957 135.213577 2.34045243 2.05831337 133.983322 2.06898046 1.96655059 136.461426 2.24865246 2.39058781 135.213577 2.34045243 2.05831337 135.925995 1.15766168 2.71037912 132.684235 2.0151155 1.52786934 133.665756 2.23900294 0.806223094 132.685364 1.48348951 0.350282192 133.983322 2.06898046 1.96655059 134.777573 2.54889154 0.856343329 133.665756 2.23900294 0.806223094 126.450867 -1.74845982 -2.40429425 126.552643 -2.7193017 -4.42372465 127.933838 -1.56378388 -2.40402746 138.940079 0.50971508 -1.35356271 137.675537 0.729550183 -1.24103594 138.404251 1.29195642 -0.734246433 138.815201 2.27990007 -0.204548508 139.59935 1.30395257 -0.62939769 138.404251 1.29195642 -0.734246433 140.481216 2.64837337 0.888121068 140.316971 2.42786098 2.07628489 141.258148 2.03589678 1.28714919 140.911499 1.64818931 0.0743484348 140.481216 2.64837337 0.888121068 141.258148 2.03589678 1.28714919 134.590408 1.10011506 2.52267957 135.925995 1.15766168 2.71037912 135.213577 2.34045243 2.05831337 137.576614 1.8727982 -0.411127776 138.815201 2.27990007 -0.204548508 138.404251 1.29195642 -0.734246433 137.675537 0.729550183 -1.24103594 137.576614 1.8727982 -0.411127776 138.404251 1.29195642 -0.734246433 135.5811 2.10443234 0.097688511 136.889252 2.73088741 0.427369922 136.551178 1.95456362 -0.228623658 139.865463 2.30913138 -0.024216231 140.911499 1.64818931 0.0743484348 139.59935 1.30395257 -0.62939769 138.940079 0.50971508 -1.35356271 138.404251 1.29195642 -0.734246433 139.59935 1.30395257 -0.62939769 136.2202 0.56332612 -2.40197301 135.328171 0.748089075 -1.4240365 136.542892 0.651837647 -1.52432823 136.415955 1.19675732 -0.754959702 135.082672 1.28709316 -0.484323084 136.551178 1.95456362 -0.228623658 137.576614 1.8727982 -0.411127776 136.415955 1.19675732 -0.754959702 136.551178 1.95456362 -0.228623658 136.889252 2.73088741 0.427369922 137.576614 1.8727982 -0.411127776 136.551178 1.95456362 -0.228623658 18.1083012 1.61447597 -2.953578 16.9721966 1.86092037e-15 -2.68722391 20.0029945 1.21095578e-15 -1.90166831 113.734818 6.96025848 -7.40676832 115.248672 7.27283144 -8.83548355 113.435982 7.7633419 -9.36412525 134.042603 1.53413796 0.018842347 132.685364 1.48348951 0.350282192 133.665756 2.23900294 0.806223094 130.522095 -1.24071372 -2.40372205 129.387405 -1.38071454 -2.40385079 130.070831 -1.61207891 -3.25654411 129.185852 -1.99528062 -3.88448238 130.664276 -1.84810412 -4.26463461 130.070831 -1.61207891 -3.25654411 129.449692 2.40733743 -5.11563873 131.411011 1.98657238 -5.19982529 130.527435 2.58652115 -6.3151145 130.177414 3.21059442 -7.66550446 128.389877 3.17750764 -6.44746494 130.527435 2.58652115 -6.3151145 131.411011 1.98657238 -5.19982529 132.293869 2.367275 -6.95131111 130.527435 2.58652115 -6.3151145 139.189209 -0.316882998 -3.68880987 138.199677 -0.513014674 -4.4654994 139.849014 -0.329166025 -4.97399426 139.762924 -0.571240008 -6.63412285 138.437408 -0.664808571 -5.81299543 137.979202 -1.22940624 -7.74697971 147.468369 -0.738386095 -13.7888765 145.900467 -1.44903886 -13.5694523 147.495193 -1.83123076 -15.0738373 -0.411765963 -1.69205189 -7.56638718 0.139816105 -1.75482452 -5.66360617 -0.476715267 5.6509045e-15 -7.53565121 148.806534 -2.03434205 -16.1041088 148.946976 -0.933093429 -15.0337534 147.495193 -1.83123076 -15.0738373 133.287552 -1.32144202e-15 2.40778875 131.898941 -1.15414645e-15 2.17008615 133.215057 -1.11835873 2.27714539 141.395828 -1.48655427 -10.6615047 142.122269 -1.93580449 -11.9313536 143.117599 -0.92309618 -10.6631622 143.819717 6.88068411e-15 -9.23325539 141.7957 -0.736001492 -9.11012268 143.117599 -0.92309618 -10.6631622 144.134903 -1.32950974 -12.1889029 145.004868 7.94219342e-15 -10.7398558 143.117599 -0.92309618 -10.6631622 142.122269 -1.93580449 -11.9313536 144.134903 -1.32950974 -12.1889029 143.117599 -0.92309618 -10.6631622 136.22551 -0.562753618 -2.40196705 135.075729 -0.688026667 -2.40292621 136.425903 -0.631068289 -3.34854388 135.613617 -0.84144479 -3.9894309 136.997543 -0.727762997 -4.68641806 136.425903 -0.631068289 -3.34854388 125.786179 -0.101288311 -0.0535528064 124.718735 -0.775379121 -0.733813703 126.125694 -0.687159181 -0.737520635 138.120819 2.85873151 -11.2612791 136.497726 3.84345722 -11.9915371 135.962891 3.09445715 -10.5711813 137.377258 4.31619596 -13.1081429 135.290817 5.16140461 -13.4453506 136.497726 3.84345722 -11.9915371 139.108368 3.47474766 -12.697485 137.377258 4.31619596 -13.1081429 138.120819 2.85873151 -11.2612791 144.427322 3.83590937 -15.9213171 142.878815 2.10429668 -15.8385191 142.241409 4.54133606 -15.8022547 138.881561 4.55598211 -14.1754885 137.985825 5.73041344 -15.5130396 137.100204 5.21325064 -14.3259153 137.377258 4.31619596 -13.1081429 138.881561 4.55598211 -14.1754885 137.100204 5.21325064 -14.3259153 128.193832 2.32605362 -4.25033379 128.915024 1.85303867 -3.40557909 129.449692 2.40733743 -5.11563873 130.924835 -3.51168537 -8.76134205 128.591705 -4.13845968 -8.72239113 130.807877 -4.72676754 -10.8377571 110.460114 2.9299812e-05 -8.1529819e-05 109.08416 1.61277342 -0.74774462 108.235519 3.47893292e-05 -3.87441723e-05 139.189209 -0.316882998 -3.68880987 139.644257 -0.204674914 -2.39373207 138.523895 -0.317806125 -2.39671087 143.819717 6.88068411e-15 -9.23325539 143.117599 -0.92309618 -10.6631622 145.004868 7.94219342e-15 -10.7398558 131.240616 -0.852414668 1.95690894 132.220505 -1.24793613 2.03319621 131.898941 -1.15414645e-15 2.17008615 130.891983 6.34455299 -13.507988 132.090515 5.1227212 -12.0225792 132.842575 5.96636152 -13.6691294 130.85643 0.90869838 -1.5485481 131.656509 1.09668553 -2.403579 130.521332 1.24080861 -2.40372229 134.645859 4.07752752 -11.508256 136.497726 3.84345722 -11.9915371 135.290817 5.16140461 -13.4453506 137.06546 -1.15370011 2.84220028 138.492615 -0.967531741 2.96321201 137.335007 -1.69718721e-15 2.94182134 143.649185 1.3511622 -11.8919201 142.251678 2.13029718 -12.3254051 143.036316 0.867912412 -10.4738226 136.497726 3.84345722 -11.9915371 138.120819 2.85873151 -11.2612791 137.377258 4.31619596 -13.1081429 139.849014 -0.329166025 -4.97399426 139.762924 -0.571240008 -6.63412285 141.2901 -0.130066544 -4.8195467 139.702728 0.341857493 -4.8882308 141.23877 2.50516347e-15 -3.48376966 141.6185 3.52543138e-15 -4.7176013 134.777573 2.54889154 0.856343329 134.042603 1.53413796 0.018842347 133.665756 2.23900294 0.806223094 132.684235 2.0151155 1.52786934 133.983322 2.06898046 1.96655059 133.665756 2.23900294 0.806223094 126.618256 3.61975121 -6.45293379 124.656837 3.54223061 -5.27320099 126.552643 2.71928978 -4.4236989 137.265182 0.612223089 -4.15719748 136.244217 0.679282844 -3.5345149 137.714279 0.456884563 -3.23387074 125.786179 0.101288311 -0.0535528064 125.752396 7.50240098e-19 -0.000979791977 126.447624 -1.31122712e-15 1.13335359 130.18042 1.82098484 -3.90524101 129.449692 2.40733743 -5.11563873 128.915024 1.85303867 -3.40557909 133.287552 -1.32144202e-15 2.40778875 133.101654 1.14369047 2.24885964 131.898941 -1.15414645e-15 2.17008615 133.666458 4.99431896 -12.4914169 135.290817 5.16140461 -13.4453506 132.842575 5.96636152 -13.6691294 24.8310051 -3.81325674 -2.90905523 26.666008 -1.79262078 -1.43182695 24.830986 -1.57945764 -1.61154795 133.669693 6.68333149 -15.1454992 132.842575 5.96636152 -13.6691294 135.290817 5.16140461 -13.4453506 129.387405 1.38071454 -2.40385079 130.18042 1.82098484 -3.90524101 128.915024 1.85303867 -3.40557909 127.933838 1.56378388 -2.40402746 129.387405 1.38071454 -2.40385079 128.915024 1.85303867 -3.40557909 140.779449 -0.103933923 -2.39242673 139.834076 -0.296262234 -1.51805186 139.644257 -0.204674914 -2.39373207 131.343597 1.52829957 -3.67106867 130.18042 1.82098484 -3.90524101 130.521332 1.24080861 -2.40372229 126.615669 -3.58164763 -6.36538649 124.038635 -4.55564165 -7.05305767 126.679848 -4.55818176 -8.51580811 48.7957878 10.0933371 -10.2864771 46.3846931 6.73039722 -10.2379885 45.6612968 10.0490007 -10.2234907 139.644257 -0.204674914 -2.39373207 139.834076 -0.296262234 -1.51805186 138.523895 -0.317806125 -2.39671087 139.59935 1.30395257 -0.62939769 140.672546 0.739562273 -0.510353565 140.052444 0.30757457 -1.39352465 138.523895 -0.317806125 -2.39671087 138.271912 -0.528059065 -1.46500897 137.379608 -0.438873202 -2.3998754 137.662018 -0.479361385 -3.41673279 138.523895 -0.317806125 -2.39671087 137.379608 -0.438873202 -2.3998754 124.46666 -3.54697776 -5.19543648 126.615669 -3.58164763 -6.36538649 126.552643 -2.7193017 -4.42372465 137.379608 -0.438873202 -2.3998754 136.20343 -0.722940803 -1.40520251 136.22551 -0.562753618 -2.40196705 138.940079 0.50971508 -1.35356271 139.59935 1.30395257 -0.62939769 140.052444 0.30757457 -1.39352465 121.573578 3.13141966 -3.45844507 120.274948 2.32430172 -2.1191411 121.573334 1.60491538 -1.42532313 136.22551 -0.562753618 -2.40196705 136.20343 -0.722940803 -1.40520251 135.075729 -0.688026667 -2.40292621 18.1083012 1.61447597 -2.953578 15.1863737 1.60832334 -3.53112888 16.9721966 1.86092037e-15 -2.68722391 135.075729 -0.688026667 -2.40292621 134.072113 -0.787432492 -1.37172329 133.929047 -0.817203104 -2.4032712 15.1863737 1.60832334 -3.53112888 14.4366894 2.3470311e-15 -3.27470565 16.9721966 1.86092037e-15 -2.68722391 133.929047 -0.817203104 -2.4032712 132.917252 -0.80869925 -1.56748354 132.788162 -0.953609407 -2.40342665 133.429077 -1.10206819 -3.48410583 133.929047 -0.817203104 -2.4032712 132.788162 -0.953609407 -2.40342665 130.924835 -3.51168537 -8.76134205 130.525482 -2.78688359 -6.84624052 128.591705 -4.13845968 -8.72239113 132.788162 -0.953609407 -2.40342665 132.917252 -0.80869925 -1.56748354 131.654572 -1.09693384 -2.40357924 132.181732 -1.42745364 -3.87891293 132.788162 -0.953609407 -2.40342665 131.654572 -1.09693384 -2.40357924 52.0580215 10.130374 -10.3609028 49.1705017 7.35437775 -10.2948751 48.7957878 10.0933371 -10.2864771 145.004868 7.94219342e-15 -10.7398558 144.680344 0.361834168 -10.8903284 143.819717 6.88068411e-15 -9.23325539 131.654572 -1.09693384 -2.40357924 131.03978 -0.89871949 -1.55055666 130.522095 -1.24071372 -2.40372205 134.562347 -0.943506122 -3.61450386 135.613617 -0.84144479 -3.9894309 135.075729 -0.688026667 -2.40292621 138.695663 -1.75188796e-15 3.0196929 137.293411 1.14898348 2.86382866 137.335007 -1.69718721e-15 2.94182134 15.1863737 1.60832334 -3.53112888 12.7874765 1.60914564 -3.97149134 14.4366894 2.3470311e-15 -3.27470565 138.492615 -0.967531741 2.96321201 140.05748 -1.71799447e-15 2.97180629 138.695663 -1.75188796e-15 3.0196929 58.8710747 10.1961565 -10.5458097 56.217804 6.62626219 -10.4707804 55.403759 10.1633606 -10.446599 146.698395 2.99664879 -16.0258408 147.192963 1.91859245 -14.9916134 148.954895 1.95629096 -16.1087723 62.4667511 10.2281942 -10.6594439 60.1111565 6.85959387 -10.5894613 58.8710747 10.1961565 -10.5458097 145.991043 0.872478008 -15.994978 146.698395 2.99664879 -16.0258408 148.954895 1.95629096 -16.1087723 140.05748 -1.71799447e-15 2.97180629 138.702652 1.20186639 2.93619847 138.695663 -1.75188796e-15 3.0196929 66.1429291 10.2545862 -10.7855759 64.161377 7.36791277 -10.7207918 62.4667511 10.2281942 -10.6594439 69.9233017 10.2701702 -10.9243708 68.1194534 6.48556614 -10.859786 66.1429291 10.2545862 -10.7855759 141.332443 -2.43091108e-15 2.48525834 140.096329 1.24855494 2.84160423 140.05748 -1.71799447e-15 2.97180629 73.706337 10.2691317 -11.0711393 72.9301453 6.59698248 -11.0407219 69.9233017 10.2701702 -10.9243708 140.523392 -1.23301959 2.72339034 141.332443 -2.43091108e-15 2.48525834 140.05748 -1.71799447e-15 2.97180629 49.0234108 -7.08127594 -10.2917824 52.1101913 -10.1309156 -10.3621655 48.8015366 -10.0934095 -10.2866011 10.6888323 -7.08263302 -6.65713406 10.2507019 -7.48309803 -7.83520412 12.739995 -7.71423817 -7.66205835 131.656509 1.09668553 -2.403579 131.343597 1.52829957 -3.67106867 130.521332 1.24080861 -2.40372229 127.933838 1.56378388 -2.40402746 128.915024 1.85303867 -3.40557909 128.193832 2.32605362 -4.25033379 133.429077 -1.10206819 -3.48410583 134.562347 -0.943506122 -3.61450386 133.929047 -0.817203104 -2.4032712 85.3804398 6.88083172 -11.564168 81.3845901 10.2106686 -11.3893642 85.2656174 10.153533 -11.558671 55.5055504 -10.1643276 -10.449358 54.5571022 -9.78469753 -8.3368454 52.1101913 -10.1309156 -10.3621655 142.928696 6.05175818e-15 -7.77279425 141.7957 -0.736001492 -9.11012268 143.819717 6.88068411e-15 -9.23325539 92.6401978 9.99378967 -11.8974609 89.5957413 6.45177174 -11.7547884 89.0183487 10.0812712 -11.7272949 62.5078506 -10.2285337 -10.6608009 60.4109268 -9.94075203 -9.00210857 59.0224724 -10.1975727 -10.5503826 66.0821152 -10.2542267 -10.7834148 64.2161484 -10.0063486 -9.29303169 62.5078506 -10.2285337 -10.6608009 128.404495 -3.24622226 -6.6242075 129.779114 -2.45735526 -5.45717907 128.218964 -2.42516899 -4.50004911 141.995239 4.53765672e-15 -5.94170713 141.007629 -0.526312053 -7.61313534 142.928696 6.05175818e-15 -7.77279425 96.1676102 9.88939571 -12.0735216 98.5889282 9.54819012 -10.6303644 99.5427246 9.76929665 -12.2546549 69.7304688 -10.2697392 -10.9170904 66.4627762 -9.93629932 -8.80590534 66.0821152 -10.2542267 -10.7834148 97.1714935 -2.15568829 -0.537883937 99.0204544 -1.46032882 -0.379700601 96.7305756 -6.15298923e-05 2.11726388e-06 106.466171 9.45081329 -12.6749811 107.211998 8.89688015 -10.6051083 110.116417 9.23711205 -12.9264975 12.7874765 1.60914564 -3.97149134 12.8717346 2.62201696e-15 -3.60701728 14.4366894 2.3470311e-15 -3.27470565 110.116417 9.23711205 -12.9264975 112.137405 8.50526333 -11.1003323 113.850128 8.97633648 -13.2101803 111.267021 5.42763519 -13.0108099 110.116417 9.23711205 -12.9264975 113.850128 8.97633648 -13.2101803 12.7874765 1.60914564 -3.97149134 10.6885262 2.97315404e-15 -4.03132915 12.8717346 2.62201696e-15 -3.60701728 99.0505676 -5.62456298e-05 2.17064485e-06 96.7819366 1.91724586 -0.45548293 96.7305756 -6.15298923e-05 2.11726388e-06 12.7874765 1.60914564 -3.97149134 10.5917511 1.61386251 -4.34348488 10.6885262 2.97315404e-15 -4.03132915 10.6888323 -7.08263302 -6.65713406 8.31682491 -6.89511585 -6.88118839 10.2507019 -7.48309803 -7.83520412 141.6185 3.52543138e-15 -4.7176013 140.910431 -0.128646642 -3.57064891 141.2901 -0.130066544 -4.8195467 10.5917511 1.61386251 -4.34348488 8.08659935 1.61895657 -4.72558451 10.6885262 2.97315404e-15 -4.03132915 77.0492554 -10.2528467 -11.2066069 78.7882309 -6.50915146 -11.2790537 80.8551025 -10.2170677 -11.3666563 80.8551025 -10.2170677 -11.3666563 82.9989548 -6.83157539 -11.4596949 84.7396774 -10.1623096 -11.5354538 8.08659935 1.61895657 -4.72558451 7.40528154 3.4357901e-15 -4.59031868 10.6885262 2.97315404e-15 -4.03132915 95.7432404 -9.90304375 -12.0516901 92.6935349 -9.72870636 -10.0133762 92.2053375 -10.0052958 -11.8765287 8.08659935 1.61895657 -4.72558451 5.43127871 1.62973261 -5.07743311 7.40528154 3.4357901e-15 -4.59031868 5.43127871 1.62973261 -5.07743311 4.2858839 3.812616e-15 -5.04556322 7.40528154 3.4357901e-15 -4.59031868 94.4104309 -6.67994755e-05 2.06454979e-06 91.9118271 1.71336055 -0.291374087 92.0888062 -7.20671087e-05 2.01247212e-06 5.43127871 1.62973261 -5.07743311 3.06584859 1.6447773 -5.35146809 4.2858839 3.812616e-15 -5.04556322 3.06584859 1.6447773 -5.35146809 2.04411507 4.0550453e-15 -5.33841038 4.2858839 3.812616e-15 -5.04556322 102.761955 -9.63402462 -12.441514 105.145508 -6.41443253 -12.5898285 106.332962 -9.45795441 -12.6662235 85.1326752 -8.79138388e-05 1.85962415e-06 86.5009995 -1.89723516 -0.229534581 87.4495544 -8.26155374e-05 1.91014874e-06 3.06584859 1.6447773 -5.35146809 0.139811188 1.75477231 -5.66360283 2.04411507 4.0550453e-15 -5.33841038 0.139811188 1.75477231 -5.66360283 0.0305905603 4.26263486e-15 -5.58915854 2.04411507 4.0550453e-15 -5.33841038 106.332962 -9.45795441 -12.6662235 108.769348 -5.58245659 -12.8312798 110.057526 -9.24085617 -12.9222527 82.8133774 -9.32478943e-05 1.80914105e-06 84.3907547 -1.56245255 -0.157343492 85.1326752 -8.79138388e-05 1.85962415e-06 110.057526 -9.24085617 -12.9222527 112.881378 -5.45724583 -13.1341114 113.854996 -8.97596264 -13.2105713 24.8310032 3.79206228 -2.89876318 22.3838978 3.74962473 -3.2108686 24.830986 1.57569528 -1.60886657 80.4944382 -9.86059094e-05 1.75860043e-06 81.6267776 -1.75391138 -0.153175041 82.8133774 -9.32478943e-05 1.80914105e-06 82.0385132 2.0498848 -0.191885114 80.1136475 1.53087282 -0.118495271 82.8133774 -9.32478943e-05 1.80914105e-06 22.3838978 3.74962473 -3.2108686 21.1271133 1.62338686 -2.32835317 24.830986 1.57569528 -1.60886657 80.1136475 1.53087282 -0.118495271 78.1755524 -0.000103979779 1.70786052e-06 80.4944382 -9.86059094e-05 1.75860043e-06 22.3838978 3.74962473 -3.2108686 19.4375801 3.69633484 -3.59524512 21.1271133 1.62338686 -2.32835317 19.4375801 3.69633484 -3.59524512 18.1083012 1.61447597 -2.953578 21.1271133 1.62338686 -2.32835317 19.4375801 3.69633484 -3.59524512 16.1960068 3.63730502 -4.02665091 18.1083012 1.61447597 -2.953578 78.1755524 -0.000103979779 1.70786052e-06 76.5510025 1.77735543 -0.120719261 75.8565521 -0.000109360917 1.65678955e-06 16.1960068 3.63730502 -4.02665091 15.1863737 1.60832334 -3.53112888 18.1083012 1.61447597 -2.953578 75.8565521 -0.000109360917 1.65678955e-06 73.8951645 1.94355643 -0.123975679 73.5378876 -0.00011473924 1.6052843e-06 16.1960068 3.63730502 -4.02665091 13.2971888 3.58696604 -4.41435289 15.1863737 1.60832334 -3.53112888 73.5378876 -0.00011473924 1.6052843e-06 71.0224762 1.85035944 -0.107944593 71.2192459 -0.000120106517 1.55324722e-06 141.23877 2.50516347e-15 -3.48376966 140.910431 -0.128646642 -3.57064891 141.6185 3.52543138e-15 -4.7176013 13.2971888 3.58696604 -4.41435289 12.7874765 1.60914564 -3.97149134 15.1863737 1.60832334 -3.53112888 64.4286728 -1.77143192 -0.100447446 66.5808411 -0.000131927518 1.44683042e-06 64.2649994 -0.000140215852 1.39162876e-06 68.8996429 -0.000125581035 1.50054109e-06 68.2267761 1.85465801 -0.104637951 66.5808411 -0.000131927518 1.44683042e-06 13.2971888 3.58696604 -4.41435289 10.6886005 3.54699826 -4.7536211 12.7874765 1.60914564 -3.97149134 61.959671 -0.000151612461 1.33448953e-06 64.4286728 -1.77143192 -0.100447446 64.2649994 -0.000140215852 1.39162876e-06 66.5808411 -0.000131927518 1.44683042e-06 66.19561 1.6269412 -0.0873034894 64.2649994 -0.000140215852 1.39162876e-06 59.6688004 -0.000167388032 1.27479723e-06 61.5045052 -1.85437262 -0.116309851 61.959671 -0.000151612461 1.33448953e-06 10.6886005 3.54699826 -4.7536211 10.5917511 1.61386251 -4.34348488 12.7874765 1.60914564 -3.97149134 59.6688004 -0.000167388032 1.27479723e-06 58.3122482 1.715698 -0.121572442 57.3198814 -0.000189733575 1.2096616e-06 58.3588867 -1.72191072 -0.121840023 59.6688004 -0.000167388032 1.27479723e-06 57.3198814 -0.000189733575 1.2096616e-06 10.6886005 3.54699826 -4.7536211 8.31661034 3.51900291 -5.03948641 10.5917511 1.61386251 -4.34348488 140.910431 -0.128646642 -3.57064891 139.849014 -0.329166025 -4.97399426 141.2901 -0.130066544 -4.8195467 141.995239 4.53765672e-15 -5.94170713 141.6185 3.52543138e-15 -4.7176013 141.2901 -0.130066544 -4.8195467 53.1522522 1.52600288 -0.147514313 50.3390388 -0.00029912396 9.81213361e-07 52.6583748 -0.000256621308 1.06421851e-06 8.31661034 3.51900291 -5.03948641 8.08659935 1.61895657 -4.72558451 10.5917511 1.61386251 -4.34348488 50.3390388 -0.00029912396 9.81213361e-07 51.3757248 -2.249367 -0.274559796 52.6583748 -0.000256621308 1.06421851e-06 49.6019707 1.88744926 -0.249840051 48.0227737 -0.000345347187 8.88924319e-07 50.3390388 -0.00029912396 9.81213361e-07 8.31661034 3.51900291 -5.03948641 6.10575962 3.50323844 -5.27376175 8.08659935 1.61895657 -4.72558451 48.0227737 -0.000345347187 8.88924319e-07 47.649971 -1.43965769 -0.21031481 50.3390388 -0.00029912396 9.81213361e-07 6.10575962 3.50323844 -5.27376175 5.43127871 1.62973261 -5.07743311 8.08659935 1.61895657 -4.72558451 6.10575962 3.50323844 -5.27376175 3.91674805 3.49614716 -5.47878456 5.43127871 1.62973261 -5.07743311 3.91674805 3.49614716 -5.47878456 3.06584859 1.6447773 -5.35146809 5.43127871 1.62973261 -5.07743311 43.3828812 -0.000439026946 6.6483949e-07 44.0176353 -1.67710149 -0.33392784 45.7043571 -0.00039304205 7.84655754e-07 3.91674805 3.49614716 -5.47878456 2.00183845 3.49382854 -5.64588547 3.06584859 1.6447773 -5.35146809 2.00183845 3.49382854 -5.64588547 0.139811188 1.75477231 -5.66360283 3.06584859 1.6447773 -5.35146809 0.345409483 3.49311686 -5.78816605 0.139811188 1.75477231 -5.66360283 2.00183845 3.49382854 -5.64588547 24.8311005 5.97930384 -4.00907326 22.3838978 3.74962473 -3.2108686 24.8310032 3.79206228 -2.89876318 24.8311005 5.97930384 -4.00907326 20.88937 6.03137302 -4.47242069 22.3838978 3.74962473 -3.2108686 34.1076241 -0.000686978863 1.9875996e-08 35.4751282 -1.89578772 -0.753071189 36.4175911 -0.000590035808 1.9581914e-07 31.7843323 -0.000831435376 -1.52644702e-07 33.1320877 -2.10411406 -1.0077467 34.1076241 -0.000686978863 1.9875996e-08 20.88937 6.03137302 -4.47242069 19.4375801 3.69633484 -3.59524512 22.3838978 3.74962473 -3.2108686 20.88937 6.03137302 -4.47242069 17.7711182 5.92424536 -4.75075912 19.4375801 3.69633484 -3.59524512 17.7711182 5.92424536 -4.75075912 16.1960068 3.63730502 -4.02665091 19.4375801 3.69633484 -3.59524512 17.7711182 5.92424536 -4.75075912 14.7070761 5.8161459 -5.03027725 16.1960068 3.63730502 -4.02665091 146.378433 0.583181918 -12.7643709 145.734406 0.486335456 -12.0910025 146.369583 8.91092975e-15 -12.1147346 14.7070761 5.8161459 -5.03027725 13.2971888 3.58696604 -4.41435289 16.1960068 3.63730502 -4.02665091 29.3927059 -0.000991763081 -3.99948931e-07 28.664362 1.54565668 -1.01132905 26.9406719 -0.000812629296 -1.39498616e-06 14.7070761 5.8161459 -5.03027725 11.9600658 5.71692085 -5.2818594 13.2971888 3.58696604 -4.41435289 11.9600658 5.71692085 -5.2818594 10.6886005 3.54699826 -4.7536211 13.2971888 3.58696604 -4.41435289 11.9600658 5.71692085 -5.2818594 9.4764719 5.6259532 -5.50318813 10.6886005 3.54699826 -4.7536211 9.4764719 5.6259532 -5.50318813 8.31661034 3.51900291 -5.03948641 10.6886005 3.54699826 -4.7536211 9.4764719 5.6259532 -5.50318813 7.20026779 5.54298878 -5.69330025 8.31661034 3.51900291 -5.03948641 7.20026779 5.54298878 -5.69330025 6.10575962 3.50323844 -5.27376175 8.31661034 3.51900291 -5.03948641 7.20026779 5.54298878 -5.69330025 5.03976393 5.46385527 -5.86495256 6.10575962 3.50323844 -5.27376175 5.03976393 5.46385527 -5.86495256 3.91674805 3.49614716 -5.47878456 6.10575962 3.50323844 -5.27376175 5.03976393 5.46385527 -5.86495256 3.06059813 5.38718939 -6.02559137 3.91674805 3.49614716 -5.47878456 3.06059813 5.38718939 -6.02559137 2.00183845 3.49382854 -5.64588547 3.91674805 3.49614716 -5.47878456 3.06059813 5.38718939 -6.02559137 0.584847391 5.17979002 -6.18647242 2.00183845 3.49382854 -5.64588547 0.584847391 5.17979002 -6.18647242 0.345409483 3.49311686 -5.78816605 2.00183845 3.49382854 -5.64588547 24.8313065 7.83272457 -5.57185984 22.3841763 7.74233246 -5.74135447 24.8311005 5.97930384 -4.00907326 22.3841763 7.74233246 -5.74135447 20.88937 6.03137302 -4.47242069 24.8311005 5.97930384 -4.00907326 22.3841763 7.74233246 -5.74135447 19.4378529 7.61744547 -5.95001268 20.88937 6.03137302 -4.47242069 19.4378529 7.61744547 -5.95001268 17.7711182 5.92424536 -4.75075912 20.88937 6.03137302 -4.47242069 19.4378529 7.61744547 -5.95001268 16.1962738 7.45178938 -6.19485617 17.7711182 5.92424536 -4.75075912 16.1962738 7.45178938 -6.19485617 14.7070761 5.8161459 -5.03027725 17.7711182 5.92424536 -4.75075912 16.1962738 7.45178938 -6.19485617 13.2974415 7.27284622 -6.43292904 14.7070761 5.8161459 -5.03027725 13.2974415 7.27284622 -6.43292904 11.9600658 5.71692085 -5.2818594 14.7070761 5.8161459 -5.03027725 13.2974415 7.27284622 -6.43292904 10.6888332 7.08613825 -6.66366482 11.9600658 5.71692085 -5.2818594 10.6888332 7.08613825 -6.66366482 9.4764719 5.6259532 -5.50318813 11.9600658 5.71692085 -5.2818594 10.6888332 7.08613825 -6.66366482 8.31682491 6.89754963 -6.88632298 9.4764719 5.6259532 -5.50318813 8.31682491 6.89754963 -6.88632298 7.20026779 5.54298878 -5.69330025 9.4764719 5.6259532 -5.50318813 8.31682491 6.89754963 -6.88632298 6.1115346 6.70773745 -7.10349798 7.20026779 5.54298878 -5.69330025 6.1115346 6.70773745 -7.10349798 5.03976393 5.46385527 -5.86495256 7.20026779 5.54298878 -5.69330025 6.1115346 6.70773745 -7.10349798 3.9519639 6.50164986 -7.32725763 5.03976393 5.46385527 -5.86495256 3.9519639 6.50164986 -7.32725763 3.06059813 5.38718939 -6.02559137 5.03976393 5.46385527 -5.86495256 3.9519639 6.50164986 -7.32725763 2.08859396 6.30442095 -7.5275259 3.06059813 5.38718939 -6.02559137 2.08859396 6.30442095 -7.5275259 0.584847391 5.17979002 -6.18647242 3.06059813 5.38718939 -6.02559137 0.496277273 6.1223464 -7.70122337 0.584847391 5.17979002 -6.18647242 2.08859396 6.30442095 -7.5275259 24.8316116 8.78666592 -7.9220252 22.3841763 7.74233246 -5.74135447 24.8313065 7.83272457 -5.57185984 24.8316116 8.78666592 -7.9220252 20.95965 8.3200016 -7.17938328 22.3841763 7.74233246 -5.74135447 20.95965 8.3200016 -7.17938328 19.4378529 7.61744547 -5.95001268 22.3841763 7.74233246 -5.74135447 20.95965 8.3200016 -7.17938328 18.1569061 8.14033031 -7.33198881 19.4378529 7.61744547 -5.95001268 18.1569061 8.14033031 -7.33198881 16.1962738 7.45178938 -6.19485617 19.4378529 7.61744547 -5.95001268 18.1569061 8.14033031 -7.33198881 15.3669891 7.93537569 -7.49823809 16.1962738 7.45178938 -6.19485617 15.3669891 7.93537569 -7.49823809 13.2974415 7.27284622 -6.43292904 16.1962738 7.45178938 -6.19485617 15.3669891 7.93537569 -7.49823809 12.7400055 7.71586132 -7.66747141 13.2974415 7.27284622 -6.43292904 12.7400055 7.71586132 -7.66747141 10.6888332 7.08613825 -6.66366482 13.2974415 7.27284622 -6.43292904 12.7400055 7.71586132 -7.66747141 10.2507191 7.48441887 -7.83963871 10.6888332 7.08613825 -6.66366482 10.2507191 7.48441887 -7.83963871 8.31682491 6.89754963 -6.88632298 10.6888332 7.08613825 -6.66366482 10.2507191 7.48441887 -7.83963871 7.87122154 7.24463177 -8.01453114 8.31682491 6.89754963 -6.88632298 7.87122154 7.24463177 -8.01453114 6.1115346 6.70773745 -7.10349798 8.31682491 6.89754963 -6.88632298 7.87122154 7.24463177 -8.01453114 5.56763792 6.99653053 -8.19472218 6.1115346 6.70773745 -7.10349798 5.56763792 6.99653053 -8.19472218 3.9519639 6.50164986 -7.32725763 6.1115346 6.70773745 -7.10349798 5.56763792 6.99653053 -8.19472218 3.36762476 6.74093819 -8.37671947 3.9519639 6.50164986 -7.32725763 3.36762476 6.74093819 -8.37671947 2.08859396 6.30442095 -7.5275259 3.9519639 6.50164986 -7.32725763 3.36762476 6.74093819 -8.37671947 0.212299392 6.53969193 -9.40093994 2.08859396 6.30442095 -7.5275259 0.212299392 6.53969193 -9.40093994 0.496277273 6.1223464 -7.70122337 2.08859396 6.30442095 -7.5275259 24.8318367 9.27022362 -10.1675091 22.2635918 9.12222862 -10.2106638 24.8316116 8.78666592 -7.9220252 22.2635918 9.12222862 -10.2106638 20.95965 8.3200016 -7.17938328 24.8316116 8.78666592 -7.9220252 22.2635918 9.12222862 -10.2106638 19.8248482 8.97137356 -10.2605257 20.95965 8.3200016 -7.17938328 19.8248482 8.97137356 -10.2605257 18.1569061 8.14033031 -7.33198881 20.95965 8.3200016 -7.17938328 19.8248482 8.97137356 -10.2605257 17.3224907 8.80326271 -10.3221188 18.1569061 8.14033031 -7.33198881 17.3224907 8.80326271 -10.3221188 15.3669891 7.93537569 -7.49823809 18.1569061 8.14033031 -7.33198881 17.3224907 8.80326271 -10.3221188 14.822135 8.61768913 -10.3961525 15.3669891 7.93537569 -7.49823809 14.822135 8.61768913 -10.3961525 12.7400055 7.71586132 -7.66747141 15.3669891 7.93537569 -7.49823809 14.822135 8.61768913 -10.3961525 12.3261309 8.41050243 -10.4837255 12.7400055 7.71586132 -7.66747141 12.3261309 8.41050243 -10.4837255 10.2507191 7.48441887 -7.83963871 12.7400055 7.71586132 -7.66747141 12.3261309 8.41050243 -10.4837255 9.83100414 8.17628193 -10.585474 10.2507191 7.48441887 -7.83963871 9.83100414 8.17628193 -10.585474 7.87122154 7.24463177 -8.01453114 10.2507191 7.48441887 -7.83963871 9.83100414 8.17628193 -10.585474 7.3335247 7.90905142 -10.7006578 7.87122154 7.24463177 -8.01453114 7.3335247 7.90905142 -10.7006578 5.56763792 6.99653053 -8.19472218 7.87122154 7.24463177 -8.01453114 7.3335247 7.90905142 -10.7006578 4.85301399 7.6064558 -10.8251295 5.56763792 6.99653053 -8.19472218 4.85301399 7.6064558 -10.8251295 3.36762476 6.74093819 -8.37671947 5.56763792 6.99653053 -8.19472218 4.85301399 7.6064558 -10.8251295 2.35989428 7.27029228 -10.9541616 3.36762476 6.74093819 -8.37671947 2.35989428 7.27029228 -10.9541616 0.212299392 6.53969193 -9.40093994 3.36762476 6.74093819 -8.37671947 -0.110592701 6.9188199 -11.0804691 0.212299392 6.53969193 -9.40093994 2.35989428 7.27029228 -10.9541616 8.31682491 -6.89511585 -6.88118839 7.87103128 -7.24360037 -8.01109982 10.2507019 -7.48309803 -7.83520412 8.31682491 -6.89511585 -6.88118839 6.1115489 -6.70620155 -7.09978485 7.87103128 -7.24360037 -8.01109982 6.1115489 -6.70620155 -7.09978485 5.5675211 -6.99583101 -8.19233322 7.87103128 -7.24360037 -8.01109982 6.1115489 -6.70620155 -7.09978485 3.95202971 -6.50084686 -7.32500982 5.5675211 -6.99583101 -8.19233322 3.95202971 -6.50084686 -7.32500982 3.36835575 -6.74065685 -8.37532234 5.5675211 -6.99583101 -8.19233322 3.95202971 -6.50084686 -7.32500982 2.08867645 -6.30410576 -7.52652216 3.36835575 -6.74065685 -8.37532234 2.08867645 -6.30410576 -7.52652216 0.212300181 -6.53969097 -9.40093613 3.36835575 -6.74065685 -8.37532234 2.08867645 -6.30410576 -7.52652216 0.496278614 -6.12234354 -7.70121479 0.212300181 -6.53969097 -9.40093613 24.8315964 -8.75878048 -7.8041935 22.3280888 -9.12607384 -10.209466 24.8318367 -9.27022362 -10.1675091 24.8315964 -8.75878048 -7.8041935 20.9754429 -8.31843948 -7.17054987 22.3280888 -9.12607384 -10.209466 20.9754429 -8.31843948 -7.17054987 19.8249016 -8.97137737 -10.2605238 22.3280888 -9.12607384 -10.209466 20.9754429 -8.31843948 -7.17054987 18.1569176 -8.13805771 -7.32459259 19.8249016 -8.97137737 -10.2605238 18.1569176 -8.13805771 -7.32459259 17.3224907 -8.80326271 -10.3221188 19.8249016 -8.97137737 -10.2605238 18.1569176 -8.13805771 -7.32459259 15.3669891 -7.93344069 -7.49184227 17.3224907 -8.80326271 -10.3221188 15.3669891 -7.93344069 -7.49184227 14.8221407 -8.61768913 -10.3961525 17.3224907 -8.80326271 -10.3221188 15.3669891 -7.93344069 -7.49184227 12.739995 -7.71423817 -7.66205835 14.8221407 -8.61768913 -10.3961525 12.739995 -7.71423817 -7.66205835 12.326087 -8.41049862 -10.4837275 14.8221407 -8.61768913 -10.3961525 12.739995 -7.71423817 -7.66205835 10.2507019 -7.48309803 -7.83520412 12.326087 -8.41049862 -10.4837275 10.2507019 -7.48309803 -7.83520412 9.83097935 -8.17627907 -10.585475 12.326087 -8.41049862 -10.4837275 10.2507019 -7.48309803 -7.83520412 7.87103128 -7.24360037 -8.01109982 9.83097935 -8.17627907 -10.585475 7.87103128 -7.24360037 -8.01109982 7.33279562 -7.90896797 -10.7006931 9.83097935 -8.17627907 -10.585475 7.87103128 -7.24360037 -8.01109982 5.5675211 -6.99583101 -8.19233322 7.33279562 -7.90896797 -10.7006931 5.5675211 -6.99583101 -8.19233322 4.85318756 -7.60647869 -10.82512 7.33279562 -7.90896797 -10.7006931 5.5675211 -6.99583101 -8.19233322 3.36835575 -6.74065685 -8.37532234 4.85318756 -7.60647869 -10.82512 3.36835575 -6.74065685 -8.37532234 2.36271787 -7.27068615 -10.9540157 4.85318756 -7.60647869 -10.82512 3.36835575 -6.74065685 -8.37532234 0.212300181 -6.53969097 -9.40093613 2.36271787 -7.27068615 -10.9540157 2.36271787 -7.27068615 -10.9540157 0.212300181 -6.53969097 -9.40093613 -0.110592701 -6.9188199 -11.0804691 150.366379 1.12130141 -16.1465588 148.954895 1.95629096 -16.1087723 149.053223 0.945966899 -15.1181965 149.63205 1.07291851e-14 -14.6951809 150.366379 1.12130141 -16.1465588 149.053223 0.945966899 -15.1181965 147.587433 0.750074923 -13.8891172 149.63205 1.07291851e-14 -14.6951809 149.053223 0.945966899 -15.1181965 141.995239 4.53765672e-15 -5.94170713 140.352707 0.392532766 -6.17996264 141.6185 3.52543138e-15 -4.7176013 73.8252792 8.29926968 -2.81074429 72.2897415 7.52877712 -1.89835525 74.0712509 6.7328577 -1.39136279 73.8252792 8.29926968 -2.81074429 74.0712509 6.7328577 -1.39136279 75.7675476 7.46020699 -1.97302604 75.6381607 5.55569601 -0.876904607 77.278038 6.07773876 -1.14278615 75.7675476 7.46020699 -1.97302604 85.2643967 7.37556267 -2.59221363 83.6052399 7.28128719 -2.34457588 85.1285324 5.92344332 -1.4468708 98.1820679 4.51412535 -1.66545939 98.0363541 6.4052434 -3.1981833 96.5456467 5.73938417 -2.40472603 85.2643967 7.37556267 -2.59221363 85.1285324 5.92344332 -1.4468708 86.9114456 6.60918331 -2.06941938 96.5456467 5.73938417 -2.40472603 96.7060928 3.84178877 -1.16546595 98.1820679 4.51412535 -1.66545939 72.5106354 5.65477896 -0.862669528 72.4427872 3.45763898 -0.303680688 73.9934998 4.55885792 -0.542420566 75.6381607 5.55569601 -0.876904607 73.9934998 4.55885792 -0.542420566 75.3846359 3.47763109 -0.326994985 78.8314819 6.743186 -1.58441806 77.278038 6.07773876 -1.14278615 78.8495331 4.75158978 -0.673152745 80.2430115 7.61121893 -2.38856697 80.4590225 5.7153244 -1.08726251 82.0167313 6.53895998 -1.63099599 78.8314819 6.743186 -1.58441806 78.8495331 4.75158978 -0.673152745 80.4590225 5.7153244 -1.08726251 77.278038 6.07773876 -1.14278615 75.6381607 5.55569601 -0.876904607 77.1983948 3.95079231 -0.438195646 80.4590225 5.7153244 -1.08726251 78.8495331 4.75158978 -0.673152745 80.3879547 3.56576753 -0.407862306 82.0167313 6.53895998 -1.63099599 82.043663 4.41532326 -0.654629588 83.5601807 5.31366968 -1.04019904 88.41436 6.01544857 -1.76373363 86.7947083 4.89452934 -1.02082372 88.3353577 4.0303793 -0.766770542 91.618988 5.68673277 -1.83105397 90.0030746 5.01678324 -1.28226352 91.6635895 3.78289223 -0.840211809 95.009964 5.16235399 -1.7971034 93.2651215 4.48525858 -1.24296808 94.9681015 3.40289307 -0.8697806 95.009964 5.16235399 -1.7971034 94.9681015 3.40289307 -0.8697806 96.7060928 3.84178877 -1.16546595 106.24247 3.83027434 -1.95675325 105.874947 5.71741295 -3.63219333 104.576256 4.94858503 -2.70363498 102.91291 4.63911915 -2.23984122 104.576256 4.94858503 -2.70363498 103.083397 6.14751196 -3.65687799 104.576256 4.94858503 -2.70363498 105.874947 5.71741295 -3.63219333 103.083397 6.14751196 -3.65687799 107.493179 6.33389044 -4.59676266 105.874947 5.71741295 -3.63219333 107.645805 4.99133396 -3.15573835 106.24247 3.83027434 -1.95675325 107.645805 4.99133396 -3.15573835 105.874947 5.71741295 -3.63219333 107.645805 4.99133396 -3.15573835 109.067383 4.29652548 -2.67860818 109.394592 5.89747143 -4.42419624 103.083397 6.14751196 -3.65687799 101.327385 5.9104929 -3.17118883 102.91291 4.63911915 -2.23984122 104.260689 3.22886252 -1.37383425 104.576256 4.94858503 -2.70363498 102.91291 4.63911915 -2.23984122 99.8046341 3.48549175 -1.19893885 101.119026 4.52143908 -1.95644403 99.5600739 5.40679073 -2.48604727 99.5600739 5.40679073 -2.48604727 98.1820679 4.51412535 -1.66545939 99.8046341 3.48549175 -1.19893885 106.24247 3.83027434 -1.95675325 108.231544 3.06102347 -1.57589447 107.645805 4.99133396 -3.15573835 110.492523 3.36798882 -2.02116656 112.792908 4.34486246 -3.2574327 110.733543 4.90366888 -3.53105712 115.984474 3.8719995 -3.25887012 114.52005 4.88313341 -4.19256306 114.21756 3.24273086 -2.32678461 101.119026 4.52143908 -1.95644403 99.8046341 3.48549175 -1.19893885 101.996788 3.13559103 -1.16428852 108.231544 3.06102347 -1.57589447 110.492523 3.36798882 -2.02116656 109.067383 4.29652548 -2.67860818 101.119026 4.52143908 -1.95644403 101.996788 3.13559103 -1.16428852 102.91291 4.63911915 -2.23984122 112.792908 4.34486246 -3.2574327 112.303772 2.95047188 -1.85278547 114.21756 3.24273086 -2.32678461 120.02784 3.64724636 -3.81367922 118.073776 4.25640106 -4.17355537 118.62149 2.82270098 -2.47438717 72.4427872 3.45763898 -0.303680688 71.0224762 1.85035944 -0.107944593 73.8951645 1.94355643 -0.123975679 78.8495331 4.75158978 -0.673152745 78.4987946 2.45094442 -0.205262527 80.3879547 3.56576753 -0.407862306 83.5601807 5.31366968 -1.04019904 82.043663 4.41532326 -0.654629588 83.509903 3.099298 -0.376381516 78.4987946 2.45094442 -0.205262527 76.5510025 1.77735543 -0.120719261 78.1755524 -0.000103979779 1.70786052e-06 82.8133774 -9.32478943e-05 1.80914105e-06 84.8641815 1.65009904 -0.173443705 82.0385132 2.0498848 -0.191885114 86.7947083 4.89452934 -1.02082372 86.5833511 2.60262036 -0.349057972 88.3353577 4.0303793 -0.766770542 85.13517 3.99019623 -0.628427029 84.8641815 1.65009904 -0.173443705 86.5833511 2.60262036 -0.349057972 89.9449692 1.46623981 -0.212311238 91.9118271 1.71336055 -0.291374087 90.0098801 3.16086721 -0.572983682 85.1326752 -8.79138388e-05 1.85962415e-06 87.4495544 -8.26155374e-05 1.91014874e-06 84.8641815 1.65009904 -0.173443705 91.6635895 3.78289223 -0.840211809 90.0098801 3.16086721 -0.572983682 91.9118271 1.71336055 -0.291374087 95.067482 1.60347748 -0.330973953 93.404808 2.43564415 -0.495728821 94.4104309 -6.67994755e-05 2.06454979e-06 91.9118271 1.71336055 -0.291374087 94.4104309 -6.67994755e-05 2.06454979e-06 93.404808 2.43564415 -0.495728821 95.067482 1.60347748 -0.330973953 96.7819366 1.91724586 -0.45548293 94.9681015 3.40289307 -0.8697806 89.7608032 -7.73534848e-05 1.96087262e-06 89.9449692 1.46623981 -0.212311238 87.4495544 -8.26155374e-05 1.91014874e-06 91.9118271 1.71336055 -0.291374087 89.9449692 1.46623981 -0.212311238 92.0888062 -7.20671087e-05 2.01247212e-06 89.7608032 -7.73534848e-05 1.96087262e-06 92.0888062 -7.20671087e-05 2.01247212e-06 89.9449692 1.46623981 -0.212311238 108.231544 3.06102347 -1.57589447 109.08416 1.61277342 -0.74774462 110.492523 3.36798882 -2.02116656 113.447464 1.52445471 -0.867637515 114.21756 3.24273086 -2.32678461 112.303772 2.95047188 -1.85278547 115.361397 1.88131487 -1.22009945 114.904541 1.76730573e-05 -0.000247580494 117.27224 1.41183376 -0.946767151 112.303772 2.95047188 -1.85278547 110.492523 3.36798882 -2.02116656 111.15007 1.63357925 -0.842237771 114.21756 3.24273086 -2.32678461 113.447464 1.52445471 -0.867637515 115.361397 1.88131487 -1.22009945 112.303772 2.95047188 -1.85278547 111.15007 1.63357925 -0.842237771 113.447464 1.52445471 -0.867637515 116.924377 2.80382538 -2.21670365 117.27224 1.41183376 -0.946767151 118.62149 2.82270098 -2.47438717 109.08416 1.61277342 -0.74774462 110.460114 2.9299812e-05 -8.1529819e-05 111.15007 1.63357925 -0.842237771 103.689339 -4.55753616e-05 -2.0647085e-06 106.007668 4.01332763e-05 -1.42436202e-05 104.868767 1.55718589 -0.573519945 111.15007 1.63357925 -0.842237771 112.681641 2.36123142e-05 -0.000149777174 113.447464 1.52445471 -0.867637515 27.9509907 7.61380768 -4.97307396 26.688488 6.55671453 -4.18288755 29.030714 6.65388966 -3.99454546 26.688488 6.55671453 -4.18288755 24.8311005 5.97930384 -4.00907326 26.1362247 4.93291664 -3.28614211 27.8032684 5.2440691 -3.24764323 29.030714 6.65388966 -3.99454546 26.688488 6.55671453 -4.18288755 36.4671631 6.10154295 -2.72789025 34.6657372 6.4436841 -3.17651272 34.9644508 4.27891779 -1.88981748 28.0789223 3.35289073 -2.23198819 27.8032684 5.2440691 -3.24764323 26.2282295 3.13100719 -2.35806942 26.1362247 4.93291664 -3.28614211 26.2282295 3.13100719 -2.35806942 27.8032684 5.2440691 -3.24764323 24.8310032 3.79206228 -2.89876318 26.2282295 3.13100719 -2.35806942 26.1362247 4.93291664 -3.28614211 29.030714 6.65388966 -3.99454546 29.4914894 5.20247364 -3.02186513 30.7982216 7.0210948 -4.09211922 32.7367554 6.96063757 -3.81506276 31.3345261 5.52139664 -2.98062205 33.3058434 5.21624327 -2.57084465 34.9644508 4.27891779 -1.88981748 37.2561531 4.93807888 -1.97361875 36.4671631 6.10154295 -2.72789025 36.7614212 7.49070549 -3.84289002 36.4671631 6.10154295 -2.72789025 38.9336128 7.26342201 -3.35059977 38.9654503 5.90869188 -2.32623601 38.9336128 7.26342201 -3.35059977 36.4671631 6.10154295 -2.72789025 38.9336128 7.26342201 -3.35059977 38.9654503 5.90869188 -2.32623601 41.1076927 7.09334326 -2.94207144 47.0764694 7.09192753 -2.34392238 45.3683243 7.62854958 -3.01392221 45.3208237 6.2194705 -1.90480232 43.5091438 5.72734833 -1.78590274 43.0637665 7.21575642 -2.8393352 41.1017494 5.43296432 -1.84629536 38.9654503 5.90869188 -2.32623601 37.2561531 4.93807888 -1.97361875 38.9866753 4.03028822 -1.37725556 41.1076927 7.09334326 -2.94207144 41.1017494 5.43296432 -1.84629536 43.0637665 7.21575642 -2.8393352 47.0764694 7.09192753 -2.34392238 45.3208237 6.2194705 -1.90480232 47.0918427 5.35998821 -1.34378552 45.3208237 6.2194705 -1.90480232 43.5091438 5.72734833 -1.78590274 45.6203918 4.34187126 -1.0271455 26.2282295 3.13100719 -2.35806942 26.7281208 1.55274594 -1.24526191 28.0789223 3.35289073 -2.23198819 26.2282295 3.13100719 -2.35806942 24.830986 1.57569528 -1.60886657 26.7281208 1.55274594 -1.24526191 34.9644508 4.27891779 -1.88981748 33.3322983 3.06763911 -1.47302628 35.5596962 1.977036 -0.783055663 26.9406719 -0.000812629296 -1.39498616e-06 26.7281208 1.55274594 -1.24526191 24.8309689 -3.62183241e-16 5.50821028e-07 37.2561531 4.93807888 -1.97361875 36.6792412 3.34629178 -1.28418398 38.9866753 4.03028822 -1.37725556 42.7632065 1.9625206 -0.441077381 40.8817749 3.37713981 -0.97233969 40.3554497 1.63692427 -0.434750944 42.6061974 4.2615881 -1.1897862 40.8817749 3.37713981 -0.97233969 42.7632065 1.9625206 -0.441077381 47.0918427 5.35998821 -1.34378552 45.6203918 4.34187126 -1.0271455 47.4182701 3.21644807 -0.589308739 45.3908806 1.95097518 -0.357854486 42.7632065 1.9625206 -0.441077381 43.3828812 -0.000439026946 6.6483949e-07 47.4182701 3.21644807 -0.589308739 45.6203918 4.34187126 -1.0271455 45.3908806 1.95097518 -0.357854486 47.0918427 5.35998821 -1.34378552 47.4182701 3.21644807 -0.589308739 48.6398048 4.72087097 -0.999623001 50.5492935 7.56861496 -2.47388911 51.826046 6.56301975 -1.63835144 53.3125801 7.5684557 -2.27058864 50.1664543 5.84213543 -1.37065542 50.5492935 7.56861496 -2.47388911 48.700882 6.6253686 -1.88387585 50.5492935 7.56861496 -2.47388911 50.1664543 5.84213543 -1.37065542 51.826046 6.56301975 -1.63835144 59.9114342 7.87153673 -2.23461413 57.0199661 7.95467949 -2.45270848 58.126976 6.75035 -1.44492543 53.3125801 7.5684557 -2.27058864 53.4652252 5.7813201 -1.17456281 55.3347359 6.81175232 -1.59395826 48.700882 6.6253686 -1.88387585 47.0918427 5.35998821 -1.34378552 48.6398048 4.72087097 -0.999623001 47.0764694 7.09192753 -2.34392238 47.0918427 5.35998821 -1.34378552 48.700882 6.6253686 -1.88387585 53.3125801 7.5684557 -2.27058864 51.826046 6.56301975 -1.63835144 53.4652252 5.7813201 -1.17456281 51.826046 6.56301975 -1.63835144 50.1664543 5.84213543 -1.37065542 51.6626472 4.72306919 -0.860729277 51.826046 6.56301975 -1.63835144 51.6626472 4.72306919 -0.860729277 53.4652252 5.7813201 -1.17456281 48.6398048 4.72087097 -0.999623001 49.9582787 3.76289177 -0.638965428 50.1664543 5.84213543 -1.37065542 55.3347359 6.81175232 -1.59395826 53.4652252 5.7813201 -1.17456281 55.02034 4.76139355 -0.751061082 57.0199661 7.95467949 -2.45270848 55.3347359 6.81175232 -1.59395826 58.126976 6.75035 -1.44492543 59.9114342 7.87153673 -2.23461413 58.126976 6.75035 -1.44492543 59.4846115 5.50637817 -0.87060976 53.4652252 5.7813201 -1.17456281 53.1878967 3.71830416 -0.522685945 55.02034 4.76139355 -0.751061082 58.1276665 4.06947422 -0.489271343 59.4846115 5.50637817 -0.87060976 56.7418633 5.42890167 -0.916380107 63.0229492 7.14670277 -1.55933368 62.3787079 8.23720932 -2.60483122 61.1834068 6.46180677 -1.21499062 64.4270325 8.69556332 -3.31343627 62.3787079 8.23720932 -2.60483122 65.4889145 7.76460314 -2.02075052 69.4181519 8.87150955 -3.68311739 69.4888153 7.61038113 -1.90475368 71.1089935 8.48398972 -2.98916078 53.4652252 5.7813201 -1.17456281 51.6626472 4.72306919 -0.860729277 53.1878967 3.71830416 -0.522685945 51.6626472 4.72306919 -0.860729277 51.4403915 2.44261146 -0.305452853 53.1878967 3.71830416 -0.522685945 55.02034 4.76139355 -0.751061082 53.1878967 3.71830416 -0.522685945 54.7131805 2.88301086 -0.316064179 59.4846115 5.50637817 -0.87060976 58.1276665 4.06947422 -0.489271343 59.9549522 2.9708159 -0.256268263 56.5986938 3.1262877 -0.325274259 58.3122482 1.715698 -0.121572442 58.1276665 4.06947422 -0.489271343 53.1878967 3.71830416 -0.522685945 53.1522522 1.52600288 -0.147514313 54.7131805 2.88301086 -0.316064179 59.9549522 2.9708159 -0.256268263 58.1276665 4.06947422 -0.489271343 58.3122482 1.715698 -0.121572442 56.5986938 3.1262877 -0.325274259 55.8444481 1.44497383 -0.113764189 58.3122482 1.715698 -0.121572442 27.8741894 9.05829239 -8.32471371 29.5076923 9.22510433 -8.69739342 27.6465931 9.42135239 -10.1306162 35.3728867 9.41088867 -8.33666515 33.671463 9.31382656 -8.19065857 34.8010292 8.92668343 -6.43692064 33.671463 9.31382656 -8.19065857 32.481926 8.9541254 -6.88973141 34.8010292 8.92668343 -6.43692064 38.6955299 9.50777435 -8.28794765 40.9037437 9.61437225 -8.53563118 39.3219643 9.90943813 -10.1259041 40.683094 9.17622566 -6.49311638 42.4566269 9.24504662 -6.55108929 40.9037437 9.61437225 -8.53563118 40.683094 9.17622566 -6.49311638 38.6955299 9.50777435 -8.28794765 38.9433975 9.04322052 -6.24457645 38.9433975 9.04322052 -6.24457645 38.6955299 9.50777435 -8.28794765 37.0824242 9.26568604 -7.37134361 33.181385 8.27691174 -5.25830936 34.8010292 8.92668343 -6.43692064 32.481926 8.9541254 -6.88973141 28.2300434 8.6387434 -6.64465523 29.5656433 8.09967327 -5.40208149 30.3456879 8.89807224 -7.08256292 36.633297 8.64419937 -5.51238632 37.0824242 9.26568604 -7.37134361 34.8010292 8.92668343 -6.43692064 31.3803215 8.25571346 -5.43057203 30.3456879 8.89807224 -7.08256292 29.5656433 8.09967327 -5.40208149 32.481926 8.9541254 -6.88973141 31.3803215 8.25571346 -5.43057203 33.181385 8.27691174 -5.25830936 37.0824242 9.26568604 -7.37134361 36.633297 8.64419937 -5.51238632 38.9433975 9.04322052 -6.24457645 44.0956879 9.01219082 -5.55418158 44.4074745 9.41181946 -7.10814095 42.4566269 9.24504662 -6.55108929 38.9433975 9.04322052 -6.24457645 36.633297 8.64419937 -5.51238632 38.4802017 8.30589008 -4.70312691 38.4802017 8.30589008 -4.70312691 40.5721855 8.35311317 -4.54241276 38.9433975 9.04322052 -6.24457645 42.3552895 8.46914864 -4.5418539 42.4566269 9.24504662 -6.55108929 40.5721855 8.35311317 -4.54241276 55.2699471 9.79186058 -8.33701706 53.2014771 9.68666363 -7.82859993 54.9495354 9.40359783 -5.91821003 58.4602394 8.7959547 -3.72702551 59.4671783 9.37579918 -5.45288086 56.9717636 9.49665642 -6.26819038 56.4026985 8.99645329 -4.33929443 58.4602394 8.7959547 -3.72702551 56.9717636 9.49665642 -6.26819038 56.4026985 8.99645329 -4.33929443 56.9717636 9.49665642 -6.26819038 54.9495354 9.40359783 -5.91821003 26.688488 6.55671453 -4.18288755 26.3595924 7.89153719 -5.47564077 24.8311005 5.97930384 -4.00907326 40.683094 9.17622566 -6.49311638 38.9433975 9.04322052 -6.24457645 40.5721855 8.35311317 -4.54241276 40.683094 9.17622566 -6.49311638 40.5721855 8.35311317 -4.54241276 42.4566269 9.24504662 -6.55108929 44.0956879 9.01219082 -5.55418158 42.3552895 8.46914864 -4.5418539 44.1095963 8.22685051 -3.94155955 44.0956879 9.01219082 -5.55418158 44.1095963 8.22685051 -3.94155955 45.7203751 8.78192234 -4.79911137 47.2289963 9.17453766 -5.72755241 45.7203751 8.78192234 -4.79911137 47.0938148 8.34022522 -3.80316758 28.2300434 8.6387434 -6.64465523 27.9509907 7.61380768 -4.97307396 29.5656433 8.09967327 -5.40208149 36.633297 8.64419937 -5.51238632 34.8317757 7.89420128 -4.53944731 36.7614212 7.49070549 -3.84289002 29.5656433 8.09967327 -5.40208149 27.9509907 7.61380768 -4.97307396 29.030714 6.65388966 -3.99454546 33.3058434 5.21624327 -2.57084465 34.6657372 6.4436841 -3.17651272 32.7367554 6.96063757 -3.81506276 40.5721855 8.35311317 -4.54241276 41.1076927 7.09334326 -2.94207144 42.3552895 8.46914864 -4.5418539 45.7203751 8.78192234 -4.79911137 44.1095963 8.22685051 -3.94155955 45.3683243 7.62854958 -3.01392221 38.4802017 8.30589008 -4.70312691 38.9336128 7.26342201 -3.35059977 40.5721855 8.35311317 -4.54241276 43.0637665 7.21575642 -2.8393352 42.3552895 8.46914864 -4.5418539 41.1076927 7.09334326 -2.94207144 54.9495354 9.40359783 -5.91821003 53.7734909 8.78132439 -4.01871729 56.4026985 8.99645329 -4.33929443 53.1635399 9.27196789 -5.48858356 53.7734909 8.78132439 -4.01871729 54.9495354 9.40359783 -5.91821003 50.0693665 9.28665924 -5.85527039 50.4357796 8.73392963 -4.213305 51.7588387 9.3784399 -6.09812307 51.7588387 9.3784399 -6.09812307 51.9773827 8.48627758 -3.58415413 53.1635399 9.27196789 -5.48858356 48.7831726 8.0585165 -3.20572925 48.6496887 8.95736027 -4.91936636 47.0938148 8.34022522 -3.80316758 51.9773827 8.48627758 -3.58415413 51.7588387 9.3784399 -6.09812307 50.4357796 8.73392963 -4.213305 57.0199661 7.95467949 -2.45270848 56.4026985 8.99645329 -4.33929443 55.0522957 8.28287601 -3.00820374 50.4357796 8.73392963 -4.213305 48.7831726 8.0585165 -3.20572925 50.5492935 7.56861496 -2.47388911 47.0938148 8.34022522 -3.80316758 47.0764694 7.09192753 -2.34392238 48.7831726 8.0585165 -3.20572925 53.7734909 8.78132439 -4.01871729 51.9773827 8.48627758 -3.58415413 53.3125801 7.5684557 -2.27058864 62.3787079 8.23720932 -2.60483122 60.8552628 9.00556755 -4.11443138 59.9114342 7.87153673 -2.23461413 71.1089935 8.48398972 -2.98916078 70.9384232 9.36085701 -5.21087933 69.4181519 8.87150955 -3.68311739 72.2897415 7.52877712 -1.89835525 73.8252792 8.29926968 -2.81074429 71.1089935 8.48398972 -2.98916078 72.7723999 9.66667747 -7.00513315 73.9860306 9.36027908 -5.32129097 75.1763458 9.74034405 -7.5704236 75.6990814 9.37895489 -5.50152063 77.1776123 9.58127022 -6.67258787 75.1763458 9.74034405 -7.5704236 78.8561401 9.35216522 -5.62765551 78.8207321 9.7988596 -8.16786098 77.1776123 9.58127022 -6.67258787 77.2544556 9.02333641 -4.37353945 77.1776123 9.58127022 -6.67258787 75.6990814 9.37895489 -5.50152063 77.1776123 9.58127022 -6.67258787 77.2544556 9.02333641 -4.37353945 78.8561401 9.35216522 -5.62765551 80.3726578 9.52687931 -6.6369071 78.8561401 9.35216522 -5.62765551 80.4345245 8.90019798 -4.32348299 85.2408905 9.28097439 -6.10892057 86.1675034 9.68889332 -8.33207512 83.9375992 9.68661499 -7.97666788 91.1338501 9.38151741 -7.58657217 92.8231735 9.71702099 -9.96913242 90.2393951 9.75757694 -9.60189533 96.1089783 9.17990494 -7.90268278 96.7170105 9.54841423 -10.0298195 94.9529877 9.5494585 -9.49824715 96.1089783 9.17990494 -7.90268278 97.9335709 9.11923599 -8.17419624 96.7170105 9.54841423 -10.0298195 94.7068176 8.97180939 -6.78200817 96.1089783 9.17990494 -7.90268278 93.2445602 9.37921906 -8.07198811 90.2393951 9.75757694 -9.60189533 88.7820663 9.46447849 -7.51476812 91.1338501 9.38151741 -7.58657217 87.0085068 9.29018211 -6.42724943 88.7820663 9.46447849 -7.51476812 86.1675034 9.68889332 -8.33207512 88.579834 8.85323238 -5.23327971 88.7820663 9.46447849 -7.51476812 87.0085068 9.29018211 -6.42724943 88.7820663 9.46447849 -7.51476812 88.579834 8.85323238 -5.23327971 90.3206177 8.99983883 -5.96640682 91.6807861 8.43862724 -4.81328583 92.8587952 8.92930794 -6.24595499 90.3206177 8.99983883 -5.96640682 90.3206177 8.99983883 -5.96640682 91.1338501 9.38151741 -7.58657217 88.7820663 9.46447849 -7.51476812 87.0085068 9.29018211 -6.42724943 85.2408905 9.28097439 -6.10892057 86.8244629 8.75713444 -4.73435116 86.8244629 8.75713444 -4.73435116 88.579834 8.85323238 -5.23327971 87.0085068 9.29018211 -6.42724943 93.2445602 9.37921906 -8.07198811 91.1338501 9.38151741 -7.58657217 92.8587952 8.92930794 -6.24595499 92.8587952 8.92930794 -6.24595499 94.7068176 8.97180939 -6.78200817 93.2445602 9.37921906 -8.07198811 96.1089783 9.17990494 -7.90268278 96.7806091 8.59271526 -6.14367533 97.9335709 9.11923599 -8.17419624 75.6990814 9.37895489 -5.50152063 73.9860306 9.36027908 -5.32129097 75.4213867 8.71667194 -3.57675934 75.4213867 8.71667194 -3.57675934 75.7675476 7.46020699 -1.97302604 77.4985809 7.90766287 -2.51577425 78.8884888 8.56762218 -3.53455925 77.4985809 7.90766287 -2.51577425 80.2430115 7.61121893 -2.38856697 88.41436 6.01544857 -1.76373363 88.4184418 7.72475481 -3.32056093 86.9114456 6.60918331 -2.06941938 91.6807861 8.43862724 -4.81328583 90.0461502 8.13265514 -4.06303644 91.5364609 7.21103191 -3.14054775 91.6807861 8.43862724 -4.81328583 91.5364609 7.21103191 -3.14054775 93.143898 7.30538797 -3.45099449 94.9847031 6.88998032 -3.26300359 96.6286011 7.41288614 -4.07157993 95.1166534 8.2218647 -4.99662733 91.5364609 7.21103191 -3.14054775 93.3911057 6.07257605 -2.31367493 93.143898 7.30538797 -3.45099449 97.9335709 9.11923599 -8.17419624 96.7806091 8.59271526 -6.14367533 99.2585297 8.65563774 -6.92507362 99.2585297 8.65563774 -6.92507362 99.8235626 9.14380264 -8.90934277 97.9335709 9.11923599 -8.17419624 99.2585297 8.65563774 -6.92507362 101.491722 8.39757156 -6.81393814 99.8235626 9.14380264 -8.90934277 101.491722 8.39757156 -6.81393814 103.246346 8.59195995 -7.91855478 101.701683 8.98396015 -8.86139393 107.523918 8.13241863 -8.01899719 109.262115 8.19953346 -8.91557312 107.211998 8.89688015 -10.6051083 104.139465 7.95926952 -6.47215939 105.552879 8.53516006 -8.5645647 103.246346 8.59195995 -7.91855478 99.2585297 8.65563774 -6.92507362 99.9924622 7.93184948 -5.41401625 101.491722 8.39757156 -6.81393814 99.9924622 7.93184948 -5.41401625 99.2585297 8.65563774 -6.92507362 98.1359406 7.96496725 -5.10302973 103.79879 9.01547146 -9.79045582 103.246346 8.59195995 -7.91855478 105.552879 8.53516006 -8.5645647 107.557976 7.31688976 -6.08541107 107.523918 8.13241863 -8.01899719 106.013359 7.86675501 -6.80674458 107.557976 7.31688976 -6.08541107 109.536026 7.23494673 -6.50486231 107.523918 8.13241863 -8.01899719 104.16568 6.80785847 -4.57159519 105.827049 7.0280838 -5.18793631 104.139465 7.95926952 -6.47215939 110.116417 9.23711205 -12.9264975 109.262115 8.19953346 -8.91557312 112.137405 8.50526333 -11.1003323 114.130997 6.02136374 -5.69639826 116.008255 6.29269886 -6.85836935 113.734818 6.96025848 -7.40676832 119.856194 5.68089294 -7.28396416 117.452179 6.88044882 -8.87678719 118.095261 5.67924309 -6.4738059 98.0363541 6.4052434 -3.1981833 99.6159668 6.88809109 -3.92163014 98.1359406 7.96496725 -5.10302973 106.013359 7.86675501 -6.80674458 104.139465 7.95926952 -6.47215939 105.827049 7.0280838 -5.18793631 103.083397 6.14751196 -3.65687799 104.16568 6.80785847 -4.57159519 101.698105 7.29989529 -4.76336813 104.139465 7.95926952 -6.47215939 101.698105 7.29989529 -4.76336813 104.16568 6.80785847 -4.57159519 107.493179 6.33389044 -4.59676266 109.394592 5.89747143 -4.42419624 107.557976 7.31688976 -6.08541107 107.557976 7.31688976 -6.08541107 105.827049 7.0280838 -5.18793631 107.493179 6.33389044 -4.59676266 109.536026 7.23494673 -6.50486231 107.557976 7.31688976 -6.08541107 109.394592 5.89747143 -4.42419624 110.733543 4.90366888 -3.53105712 112.11367 5.75701475 -4.79925394 109.394592 5.89747143 -4.42419624 105.827049 7.0280838 -5.18793631 104.16568 6.80785847 -4.57159519 105.874947 5.71741295 -3.63219333 105.827049 7.0280838 -5.18793631 105.874947 5.71741295 -3.63219333 107.493179 6.33389044 -4.59676266 112.00119 6.85572577 -6.53258514 109.536026 7.23494673 -6.50486231 112.11367 5.75701475 -4.79925394 116.430389 5.17428923 -5.04480505 118.095261 5.67924309 -6.4738059 116.008255 6.29269886 -6.85836935 116.008255 6.29269886 -6.85836935 114.130997 6.02136374 -5.69639826 116.430389 5.17428923 -5.04480505 112.792908 4.34486246 -3.2574327 114.52005 4.88313341 -4.19256306 112.11367 5.75701475 -4.79925394 109.536026 7.23494673 -6.50486231 109.394592 5.89747143 -4.42419624 112.11367 5.75701475 -4.79925394 112.00119 6.85572577 -6.53258514 112.11367 5.75701475 -4.79925394 114.130997 6.02136374 -5.69639826 107.557976 7.31688976 -6.08541107 106.013359 7.86675501 -6.80674458 105.827049 7.0280838 -5.18793631 114.130997 6.02136374 -5.69639826 113.734818 6.96025848 -7.40676832 112.00119 6.85572577 -6.53258514 113.734818 6.96025848 -7.40676832 111.258781 7.76372623 -8.43133259 112.00119 6.85572577 -6.53258514 115.248672 7.27283144 -8.83548355 113.734818 6.96025848 -7.40676832 116.008255 6.29269886 -6.85836935 115.829544 8.04375744 -11.1897774 113.850128 8.97633648 -13.2101803 112.137405 8.50526333 -11.1003323 115.829544 8.04375744 -11.1897774 117.759911 8.64318752 -13.5475035 113.850128 8.97633648 -13.2101803 111.258781 7.76372623 -8.43133259 112.137405 8.50526333 -11.1003323 109.262115 8.19953346 -8.91557312 109.262115 8.19953346 -8.91557312 107.523918 8.13241863 -8.01899719 109.536026 7.23494673 -6.50486231 105.552879 8.53516006 -8.5645647 106.013359 7.86675501 -6.80674458 107.523918 8.13241863 -8.01899719 106.013359 7.86675501 -6.80674458 105.552879 8.53516006 -8.5645647 104.139465 7.95926952 -6.47215939 101.698105 7.29989529 -4.76336813 101.491722 8.39757156 -6.81393814 99.9924622 7.93184948 -5.41401625 101.698105 7.29989529 -4.76336813 104.139465 7.95926952 -6.47215939 101.491722 8.39757156 -6.81393814 103.246346 8.59195995 -7.91855478 101.491722 8.39757156 -6.81393814 104.139465 7.95926952 -6.47215939 101.701683 8.98396015 -8.86139393 99.8235626 9.14380264 -8.90934277 101.491722 8.39757156 -6.81393814 93.3911057 6.07257605 -2.31367493 94.9847031 6.88998032 -3.26300359 93.143898 7.30538797 -3.45099449 95.1166534 8.2218647 -4.99662733 93.4771118 8.21060944 -4.69697046 94.9847031 6.88998032 -3.26300359 86.7154083 7.88111162 -3.30857325 86.9114456 6.60918331 -2.06941938 88.4184418 7.72475481 -3.32056093 85.2643967 7.37556267 -2.59221363 86.7154083 7.88111162 -3.30857325 85.1142426 8.55695438 -4.11495113 88.41436 6.01544857 -1.76373363 89.9230042 6.73091602 -2.48439169 88.4184418 7.72475481 -3.32056093 89.9230042 6.73091602 -2.48439169 91.5364609 7.21103191 -3.14054775 90.0461502 8.13265514 -4.06303644 90.0461502 8.13265514 -4.06303644 88.4184418 7.72475481 -3.32056093 89.9230042 6.73091602 -2.48439169 86.8244629 8.75713444 -4.73435116 86.7154083 7.88111162 -3.30857325 88.4184418 7.72475481 -3.32056093 86.8244629 8.75713444 -4.73435116 85.1142426 8.55695438 -4.11495113 86.7154083 7.88111162 -3.30857325 88.579834 8.85323238 -5.23327971 86.8244629 8.75713444 -4.73435116 88.4184418 7.72475481 -3.32056093 90.3206177 8.99983883 -5.96640682 88.579834 8.85323238 -5.23327971 90.0461502 8.13265514 -4.06303644 93.143898 7.30538797 -3.45099449 94.9847031 6.88998032 -3.26300359 93.4771118 8.21060944 -4.69697046 93.143898 7.30538797 -3.45099449 93.4771118 8.21060944 -4.69697046 91.6807861 8.43862724 -4.81328583 95.1166534 8.2218647 -4.99662733 94.7068176 8.97180939 -6.78200817 93.4771118 8.21060944 -4.69697046 92.8587952 8.92930794 -6.24595499 91.6807861 8.43862724 -4.81328583 93.4771118 8.21060944 -4.69697046 90.3206177 8.99983883 -5.96640682 90.0461502 8.13265514 -4.06303644 91.6807861 8.43862724 -4.81328583 88.4184418 7.72475481 -3.32056093 90.0461502 8.13265514 -4.06303644 88.579834 8.85323238 -5.23327971 85.2408905 9.28097439 -6.10892057 85.1142426 8.55695438 -4.11495113 86.8244629 8.75713444 -4.73435116 85.1142426 8.55695438 -4.11495113 83.6052399 7.28128719 -2.34457588 85.2643967 7.37556267 -2.59221363 83.5351868 8.63647461 -4.08290386 83.6052399 7.28128719 -2.34457588 85.1142426 8.55695438 -4.11495113 83.5351868 8.63647461 -4.08290386 81.9577332 8.12653446 -3.13067722 83.6052399 7.28128719 -2.34457588 80.4345245 8.90019798 -4.32348299 80.2430115 7.61121893 -2.38856697 81.9577332 8.12653446 -3.13067722 80.4345245 8.90019798 -4.32348299 78.8884888 8.56762218 -3.53455925 80.2430115 7.61121893 -2.38856697 81.8979721 9.12404251 -5.08494377 80.4345245 8.90019798 -4.32348299 81.9577332 8.12653446 -3.13067722 77.2544556 9.02333641 -4.37353945 77.4985809 7.90766287 -2.51577425 78.8884888 8.56762218 -3.53455925 78.8314819 6.743186 -1.58441806 80.2430115 7.61121893 -2.38856697 77.4985809 7.90766287 -2.51577425 75.4213867 8.71667194 -3.57675934 73.8252792 8.29926968 -2.81074429 75.7675476 7.46020699 -1.97302604 77.2544556 9.02333641 -4.37353945 75.4213867 8.71667194 -3.57675934 77.4985809 7.90766287 -2.51577425 73.8252792 8.29926968 -2.81074429 75.4213867 8.71667194 -3.57675934 72.5855255 9.06458759 -4.24049044 73.9860306 9.36027908 -5.32129097 72.5855255 9.06458759 -4.24049044 75.4213867 8.71667194 -3.57675934 72.5855255 9.06458759 -4.24049044 71.1089935 8.48398972 -2.98916078 73.8252792 8.29926968 -2.81074429 81.8979721 9.12404251 -5.08494377 81.9577332 8.12653446 -3.13067722 83.5351868 8.63647461 -4.08290386 85.2408905 9.28097439 -6.10892057 83.5351868 8.63647461 -4.08290386 85.1142426 8.55695438 -4.11495113 78.8561401 9.35216522 -5.62765551 78.8884888 8.56762218 -3.53455925 80.4345245 8.90019798 -4.32348299 78.8884888 8.56762218 -3.53455925 78.8561401 9.35216522 -5.62765551 77.2544556 9.02333641 -4.37353945 75.6990814 9.37895489 -5.50152063 75.4213867 8.71667194 -3.57675934 77.2544556 9.02333641 -4.37353945 92.8587952 8.92930794 -6.24595499 93.4771118 8.21060944 -4.69697046 94.7068176 8.97180939 -6.78200817 91.1338501 9.38151741 -7.58657217 90.3206177 8.99983883 -5.96640682 92.8587952 8.92930794 -6.24595499 94.9529877 9.5494585 -9.49824715 93.2445602 9.37921906 -8.07198811 96.1089783 9.17990494 -7.90268278 94.9529877 9.5494585 -9.49824715 96.7170105 9.54841423 -10.0298195 96.1676102 9.88939571 -12.0735216 87.0085068 9.29018211 -6.42724943 86.1675034 9.68889332 -8.33207512 85.2408905 9.28097439 -6.10892057 83.5351868 8.63647461 -4.08290386 85.2408905 9.28097439 -6.10892057 83.5321426 9.30208492 -5.94953918 83.5351868 8.63647461 -4.08290386 83.5321426 9.30208492 -5.94953918 81.8979721 9.12404251 -5.08494377 80.3726578 9.52687931 -6.6369071 80.4345245 8.90019798 -4.32348299 81.8979721 9.12404251 -5.08494377 78.8561401 9.35216522 -5.62765551 80.3726578 9.52687931 -6.6369071 78.8207321 9.7988596 -8.16786098 78.8207321 9.7988596 -8.16786098 79.4978104 10.0470686 -9.96262074 76.3995743 9.997962 -9.3788681 75.6990814 9.37895489 -5.50152063 75.1763458 9.74034405 -7.5704236 73.9860306 9.36027908 -5.32129097 78.8207321 9.7988596 -8.16786098 80.3726578 9.52687931 -6.6369071 81.4932327 9.88668251 -9.02079201 72.5855255 9.06458759 -4.24049044 73.9860306 9.36027908 -5.32129097 72.7723999 9.66667747 -7.00513315 53.7734909 8.78132439 -4.01871729 53.3125801 7.5684557 -2.27058864 55.0522957 8.28287601 -3.00820374 50.5492935 7.56861496 -2.47388911 53.3125801 7.5684557 -2.27058864 51.9773827 8.48627758 -3.58415413 57.0199661 7.95467949 -2.45270848 59.9114342 7.87153673 -2.23461413 58.4602394 8.7959547 -3.72702551 56.4026985 8.99645329 -4.33929443 57.0199661 7.95467949 -2.45270848 58.4602394 8.7959547 -3.72702551 50.4357796 8.73392963 -4.213305 50.5492935 7.56861496 -2.47388911 51.9773827 8.48627758 -3.58415413 53.7734909 8.78132439 -4.01871729 53.1635399 9.27196789 -5.48858356 51.9773827 8.48627758 -3.58415413 55.0522957 8.28287601 -3.00820374 56.4026985 8.99645329 -4.33929443 53.7734909 8.78132439 -4.01871729 44.1095963 8.22685051 -3.94155955 43.0637665 7.21575642 -2.8393352 45.3683243 7.62854958 -3.01392221 42.3552895 8.46914864 -4.5418539 43.0637665 7.21575642 -2.8393352 44.1095963 8.22685051 -3.94155955 47.0764694 7.09192753 -2.34392238 47.0938148 8.34022522 -3.80316758 45.3683243 7.62854958 -3.01392221 38.4802017 8.30589008 -4.70312691 36.7614212 7.49070549 -3.84289002 38.9336128 7.26342201 -3.35059977 45.3683243 7.62854958 -3.01392221 47.0938148 8.34022522 -3.80316758 45.7203751 8.78192234 -4.79911137 29.030714 6.65388966 -3.99454546 30.7982216 7.0210948 -4.09211922 29.5656433 8.09967327 -5.40208149 33.181385 8.27691174 -5.25830936 31.3803215 8.25571346 -5.43057203 32.7367554 6.96063757 -3.81506276 33.181385 8.27691174 -5.25830936 32.7367554 6.96063757 -3.81506276 34.8317757 7.89420128 -4.53944731 30.7982216 7.0210948 -4.09211922 32.7367554 6.96063757 -3.81506276 31.3803215 8.25571346 -5.43057203 31.3803215 8.25571346 -5.43057203 29.5656433 8.09967327 -5.40208149 30.7982216 7.0210948 -4.09211922 28.2300434 8.6387434 -6.64465523 26.3595924 7.89153719 -5.47564077 27.9509907 7.61380768 -4.97307396 26.688488 6.55671453 -4.18288755 27.9509907 7.61380768 -4.97307396 26.3595924 7.89153719 -5.47564077 42.3552895 8.46914864 -4.5418539 44.0956879 9.01219082 -5.55418158 42.4566269 9.24504662 -6.55108929 36.633297 8.64419937 -5.51238632 36.7614212 7.49070549 -3.84289002 38.4802017 8.30589008 -4.70312691 34.8010292 8.92668343 -6.43692064 34.8317757 7.89420128 -4.53944731 36.633297 8.64419937 -5.51238632 34.8010292 8.92668343 -6.43692064 33.181385 8.27691174 -5.25830936 34.8317757 7.89420128 -4.53944731 44.0956879 9.01219082 -5.55418158 45.7203751 8.78192234 -4.79911137 46.0647011 9.39500999 -6.82321692 47.2289963 9.17453766 -5.72755241 46.0647011 9.39500999 -6.82321692 45.7203751 8.78192234 -4.79911137 35.3728867 9.41088867 -8.33666515 34.8010292 8.92668343 -6.43692064 37.0824242 9.26568604 -7.37134361 28.2300434 8.6387434 -6.64465523 26.3153439 8.67840004 -7.1366477 26.3595924 7.89153719 -5.47564077 31.3803215 8.25571346 -5.43057203 32.481926 8.9541254 -6.88973141 30.3456879 8.89807224 -7.08256292 42.4598541 9.98907661 -10.1683445 39.3219643 9.90943813 -10.1259041 40.9037437 9.61437225 -8.53563118 40.683094 9.17622566 -6.49311638 40.9037437 9.61437225 -8.53563118 38.6955299 9.50777435 -8.28794765 30.3456879 8.89807224 -7.08256292 29.5076923 9.22510433 -8.69739342 28.2300434 8.6387434 -6.64465523 35.3728867 9.41088867 -8.33666515 33.3719254 9.69367599 -10.0944071 33.671463 9.31382656 -8.19065857 35.3728867 9.41088867 -8.33666515 37.0824242 9.26568604 -7.37134361 36.2883453 9.80978394 -10.1007872 56.7418633 5.42890167 -0.916380107 56.5986938 3.1262877 -0.325274259 58.1276665 4.06947422 -0.489271343 55.02034 4.76139355 -0.751061082 54.7131805 2.88301086 -0.316064179 56.5986938 3.1262877 -0.325274259 56.7418633 5.42890167 -0.916380107 55.02034 4.76139355 -0.751061082 56.5986938 3.1262877 -0.325274259 69.4888153 7.61038113 -1.90475368 72.2897415 7.52877712 -1.89835525 71.1089935 8.48398972 -2.98916078 58.126976 6.75035 -1.44492543 56.7418633 5.42890167 -0.916380107 59.4846115 5.50637817 -0.87060976 55.3347359 6.81175232 -1.59395826 55.02034 4.76139355 -0.751061082 56.7418633 5.42890167 -0.916380107 56.7418633 5.42890167 -0.916380107 58.126976 6.75035 -1.44492543 55.3347359 6.81175232 -1.59395826 48.700882 6.6253686 -1.88387585 48.6398048 4.72087097 -0.999623001 50.1664543 5.84213543 -1.37065542 50.5492935 7.56861496 -2.47388911 48.7831726 8.0585165 -3.20572925 48.700882 6.6253686 -1.88387585 47.0764694 7.09192753 -2.34392238 48.700882 6.6253686 -1.88387585 48.7831726 8.0585165 -3.20572925 38.1353149 2.01865363 -0.654515207 38.7034645 -0.000527107739 3.64893822e-07 40.3554497 1.63692427 -0.434750944 36.4175911 -0.000590035808 1.9581914e-07 38.7034645 -0.000527107739 3.64893822e-07 38.1353149 2.01865363 -0.654515207 38.1353149 2.01865363 -0.654515207 40.3554497 1.63692427 -0.434750944 40.8817749 3.37713981 -0.97233969 41.1017494 5.43296432 -1.84629536 38.9866753 4.03028822 -1.37725556 40.8817749 3.37713981 -0.97233969 38.1353149 2.01865363 -0.654515207 40.8817749 3.37713981 -0.97233969 38.9866753 4.03028822 -1.37725556 36.4175911 -0.000590035808 1.9581914e-07 38.1353149 2.01865363 -0.654515207 35.5596962 1.977036 -0.783055663 24.830986 1.57569528 -1.60886657 24.8309689 -3.62183241e-16 5.50821028e-07 26.7281208 1.55274594 -1.24526191 45.3208237 6.2194705 -1.90480232 45.6203918 4.34187126 -1.0271455 47.0918427 5.35998821 -1.34378552 42.6061974 4.2615881 -1.1897862 44.1900024 3.43224645 -0.796689808 43.5091438 5.72734833 -1.78590274 42.6061974 4.2615881 -1.1897862 43.5091438 5.72734833 -1.78590274 41.1017494 5.43296432 -1.84629536 41.1017494 5.43296432 -1.84629536 40.8817749 3.37713981 -0.97233969 42.6061974 4.2615881 -1.1897862 38.9654503 5.90869188 -2.32623601 38.9866753 4.03028822 -1.37725556 41.1017494 5.43296432 -1.84629536 43.0637665 7.21575642 -2.8393352 43.5091438 5.72734833 -1.78590274 45.3208237 6.2194705 -1.90480232 43.0637665 7.21575642 -2.8393352 45.3208237 6.2194705 -1.90480232 45.3683243 7.62854958 -3.01392221 41.1017494 5.43296432 -1.84629536 41.1076927 7.09334326 -2.94207144 38.9654503 5.90869188 -2.32623601 37.2561531 4.93807888 -1.97361875 38.9654503 5.90869188 -2.32623601 36.4671631 6.10154295 -2.72789025 41.1076927 7.09334326 -2.94207144 40.5721855 8.35311317 -4.54241276 38.9336128 7.26342201 -3.35059977 33.3058434 5.21624327 -2.57084465 33.3322983 3.06763911 -1.47302628 34.9644508 4.27891779 -1.88981748 30.7982216 7.0210948 -4.09211922 31.3345261 5.52139664 -2.98062205 32.7367554 6.96063757 -3.81506276 26.1362247 4.93291664 -3.28614211 27.8032684 5.2440691 -3.24764323 26.688488 6.55671453 -4.18288755 104.868767 1.55718589 -0.573519945 102.771935 1.6315577 -0.538005114 103.689339 -4.55753616e-05 -2.0647085e-06 117.27224 1.41183376 -0.946767151 117.12265 1.16290003e-05 -0.000343275489 119.335106 1.33590817 -0.986584246 116.924377 2.80382538 -2.21670365 115.361397 1.88131487 -1.22009945 117.27224 1.41183376 -0.946767151 119.335106 1.33590817 -0.986584246 118.62149 2.82270098 -2.47438717 117.27224 1.41183376 -0.946767151 111.15007 1.63357925 -0.842237771 110.492523 3.36798882 -2.02116656 109.08416 1.61277342 -0.74774462 109.08416 1.61277342 -0.74774462 106.736099 1.9058795 -0.80303508 108.235519 3.47893292e-05 -3.87441723e-05 104.260689 3.22886252 -1.37383425 104.868767 1.55718589 -0.573519945 106.24247 3.83027434 -1.95675325 108.231544 3.06102347 -1.57589447 106.736099 1.9058795 -0.80303508 109.08416 1.61277342 -0.74774462 106.007668 4.01332763e-05 -1.42436202e-05 108.235519 3.47893292e-05 -3.87441723e-05 106.736099 1.9058795 -0.80303508 106.007668 4.01332763e-05 -1.42436202e-05 106.736099 1.9058795 -0.80303508 104.868767 1.55718589 -0.573519945 106.736099 1.9058795 -0.80303508 106.24247 3.83027434 -1.95675325 104.868767 1.55718589 -0.573519945 108.231544 3.06102347 -1.57589447 106.24247 3.83027434 -1.95675325 106.736099 1.9058795 -0.80303508 102.91291 4.63911915 -2.23984122 101.996788 3.13559103 -1.16428852 104.260689 3.22886252 -1.37383425 99.0505676 -5.62456298e-05 2.17064485e-06 100.520767 1.70233917 -0.496062428 98.4891663 2.22149086 -0.604684711 95.067482 1.60347748 -0.330973953 94.4104309 -6.67994755e-05 2.06454979e-06 96.7305756 -6.15298923e-05 2.11726388e-06 88.1921387 1.9628334 -0.268022776 87.4495544 -8.26155374e-05 1.91014874e-06 89.9449692 1.46623981 -0.212311238 98.4891663 2.22149086 -0.604684711 96.7819366 1.91724586 -0.45548293 99.0505676 -5.62456298e-05 2.17064485e-06 94.9681015 3.40289307 -0.8697806 93.404808 2.43564415 -0.495728821 95.067482 1.60347748 -0.330973953 91.6635895 3.78289223 -0.840211809 91.9118271 1.71336055 -0.291374087 93.404808 2.43564415 -0.495728821 90.0098801 3.16086721 -0.572983682 88.1921387 1.9628334 -0.268022776 89.9449692 1.46623981 -0.212311238 88.3353577 4.0303793 -0.766770542 86.5833511 2.60262036 -0.349057972 88.1921387 1.9628334 -0.268022776 88.3353577 4.0303793 -0.766770542 88.1921387 1.9628334 -0.268022776 90.0098801 3.16086721 -0.572983682 99.8046341 3.48549175 -1.19893885 98.1820679 4.51412535 -1.66545939 98.4891663 2.22149086 -0.604684711 90.0030746 5.01678324 -1.28226352 90.0098801 3.16086721 -0.572983682 91.6635895 3.78289223 -0.840211809 90.0030746 5.01678324 -1.28226352 88.3353577 4.0303793 -0.766770542 90.0098801 3.16086721 -0.572983682 86.7947083 4.89452934 -1.02082372 85.13517 3.99019623 -0.628427029 86.5833511 2.60262036 -0.349057972 83.509903 3.099298 -0.376381516 82.0385132 2.0498848 -0.191885114 84.8641815 1.65009904 -0.173443705 85.13517 3.99019623 -0.628427029 83.509903 3.099298 -0.376381516 84.8641815 1.65009904 -0.173443705 78.4987946 2.45094442 -0.205262527 80.1136475 1.53087282 -0.118495271 80.3879547 3.56576753 -0.407862306 83.5601807 5.31366968 -1.04019904 83.509903 3.099298 -0.376381516 85.13517 3.99019623 -0.628427029 82.043663 4.41532326 -0.654629588 80.3879547 3.56576753 -0.407862306 82.0385132 2.0498848 -0.191885114 82.0385132 2.0498848 -0.191885114 83.509903 3.099298 -0.376381516 82.043663 4.41532326 -0.654629588 78.8495331 4.75158978 -0.673152745 77.1983948 3.95079231 -0.438195646 78.4987946 2.45094442 -0.205262527 115.361397 1.88131487 -1.22009945 116.924377 2.80382538 -2.21670365 114.21756 3.24273086 -2.32678461 115.984474 3.8719995 -3.25887012 114.21756 3.24273086 -2.32678461 116.924377 2.80382538 -2.21670365 112.303772 2.95047188 -1.85278547 112.792908 4.34486246 -3.2574327 110.492523 3.36798882 -2.02116656 109.067383 4.29652548 -2.67860818 107.645805 4.99133396 -3.15573835 108.231544 3.06102347 -1.57589447 110.492523 3.36798882 -2.02116656 110.733543 4.90366888 -3.53105712 109.067383 4.29652548 -2.67860818 104.260689 3.22886252 -1.37383425 106.24247 3.83027434 -1.95675325 104.576256 4.94858503 -2.70363498 110.733543 4.90366888 -3.53105712 109.394592 5.89747143 -4.42419624 109.067383 4.29652548 -2.67860818 107.493179 6.33389044 -4.59676266 107.645805 4.99133396 -3.15573835 109.394592 5.89747143 -4.42419624 104.16568 6.80785847 -4.57159519 103.083397 6.14751196 -3.65687799 105.874947 5.71741295 -3.63219333 98.1820679 4.51412535 -1.66545939 99.5600739 5.40679073 -2.48604727 98.0363541 6.4052434 -3.1981833 112.792908 4.34486246 -3.2574327 112.11367 5.75701475 -4.79925394 110.733543 4.90366888 -3.53105712 96.7060928 3.84178877 -1.16546595 98.4891663 2.22149086 -0.604684711 98.1820679 4.51412535 -1.66545939 88.41436 6.01544857 -1.76373363 88.3353577 4.0303793 -0.766770542 90.0030746 5.01678324 -1.28226352 85.1285324 5.92344332 -1.4468708 85.13517 3.99019623 -0.628427029 86.7947083 4.89452934 -1.02082372 91.6635895 3.78289223 -0.840211809 93.2651215 4.48525858 -1.24296808 91.618988 5.68673277 -1.83105397 96.7060928 3.84178877 -1.16546595 96.5456467 5.73938417 -2.40472603 95.009964 5.16235399 -1.7971034 89.9230042 6.73091602 -2.48439169 90.0030746 5.01678324 -1.28226352 91.618988 5.68673277 -1.83105397 89.9230042 6.73091602 -2.48439169 88.41436 6.01544857 -1.76373363 90.0030746 5.01678324 -1.28226352 86.9114456 6.60918331 -2.06941938 86.7947083 4.89452934 -1.02082372 88.41436 6.01544857 -1.76373363 86.9114456 6.60918331 -2.06941938 85.1285324 5.92344332 -1.4468708 86.7947083 4.89452934 -1.02082372 85.1285324 5.92344332 -1.4468708 83.5601807 5.31366968 -1.04019904 85.13517 3.99019623 -0.628427029 80.4590225 5.7153244 -1.08726251 80.3879547 3.56576753 -0.407862306 82.043663 4.41532326 -0.654629588 82.0167313 6.53895998 -1.63099599 80.4590225 5.7153244 -1.08726251 82.043663 4.41532326 -0.654629588 77.278038 6.07773876 -1.14278615 77.1983948 3.95079231 -0.438195646 78.8495331 4.75158978 -0.673152745 83.6052399 7.28128719 -2.34457588 83.5601807 5.31366968 -1.04019904 85.1285324 5.92344332 -1.4468708 83.6052399 7.28128719 -2.34457588 82.0167313 6.53895998 -1.63099599 83.5601807 5.31366968 -1.04019904 80.2430115 7.61121893 -2.38856697 78.8314819 6.743186 -1.58441806 80.4590225 5.7153244 -1.08726251 75.3846359 3.47763109 -0.326994985 77.1983948 3.95079231 -0.438195646 75.6381607 5.55569601 -0.876904607 77.4985809 7.90766287 -2.51577425 77.278038 6.07773876 -1.14278615 78.8314819 6.743186 -1.58441806 77.4985809 7.90766287 -2.51577425 75.7675476 7.46020699 -1.97302604 77.278038 6.07773876 -1.14278615 74.0712509 6.7328577 -1.39136279 72.5106354 5.65477896 -0.862669528 73.9934998 4.55885792 -0.542420566 74.0712509 6.7328577 -1.39136279 73.9934998 4.55885792 -0.542420566 75.6381607 5.55569601 -0.876904607 91.5364609 7.21103191 -3.14054775 91.618988 5.68673277 -1.83105397 93.3911057 6.07257605 -2.31367493 94.9847031 6.88998032 -3.26300359 93.3911057 6.07257605 -2.31367493 95.009964 5.16235399 -1.7971034 91.5364609 7.21103191 -3.14054775 89.9230042 6.73091602 -2.48439169 91.618988 5.68673277 -1.83105397 95.009964 5.16235399 -1.7971034 96.5456467 5.73938417 -2.40472603 94.9847031 6.88998032 -3.26300359 85.2643967 7.37556267 -2.59221363 86.9114456 6.60918331 -2.06941938 86.7154083 7.88111162 -3.30857325 81.9577332 8.12653446 -3.13067722 80.2430115 7.61121893 -2.38856697 82.0167313 6.53895998 -1.63099599 72.2897415 7.52877712 -1.89835525 72.5106354 5.65477896 -0.862669528 74.0712509 6.7328577 -1.39136279 75.7675476 7.46020699 -1.97302604 74.0712509 6.7328577 -1.39136279 75.6381607 5.55569601 -0.876904607 81.9577332 8.12653446 -3.13067722 82.0167313 6.53895998 -1.63099599 83.6052399 7.28128719 -2.34457588 123.985626 6.73237467 -11.5855865 126.747887 5.56505489 -10.5125074 126.817894 6.61794996 -12.4980555 122.664391 1.08807278 -0.96184963 123.960281 1.07490492 -1.05223262 123.15493 2.14476132 -2.37520266 126.886162 7.67648029 -14.4734287 124.516434 7.95730925 -14.2333145 126.817894 6.61794996 -12.4980555 123.988762 4.53408194 -6.97976542 124.656837 3.54223061 -5.27320099 126.618256 3.61975121 -6.45293379 122.983429 3.25939822 -4.08514309 124.984413 2.51468158 -3.43777728 124.656837 3.54223061 -5.27320099 125.149094 0.785500526 -0.775977075 126.243271 0.960774899 -1.09776664 124.958389 1.66882157 -1.98382998 123.988762 4.53408194 -6.97976542 121.573898 4.55596972 -5.80613756 124.656837 3.54223061 -5.27320099 125.786179 0.101288311 -0.0535528064 125.503654 -3.73886325e-16 -1.05655181e-05 125.752396 7.50240098e-19 -0.000979791977 125.503654 -3.73886325e-16 -1.05655181e-05 125.149094 0.785500526 -0.775977075 124.230446 -3.73616333e-16 -0.000157959206 121.573898 4.55596972 -5.80613756 122.983429 3.25939822 -4.08514309 124.656837 3.54223061 -5.27320099 123.988762 4.53408194 -6.97976542 126.679848 4.55815506 -8.51575184 124.1409 5.5196085 -9.1745491 123.985626 6.73237467 -11.5855865 124.1409 5.5196085 -9.1745491 126.747887 5.56505489 -10.5125074 122.983429 3.25939822 -4.08514309 121.573898 4.55596972 -5.80613756 121.573578 3.13141966 -3.45844507 123.985626 6.73237467 -11.5855865 124.516434 7.95730925 -14.2333145 121.573204 8.25954056 -13.9375429 126.817894 6.61794996 -12.4980555 124.516434 7.95730925 -14.2333145 123.985626 6.73237467 -11.5855865 124.1409 5.5196085 -9.1745491 121.574211 5.77581501 -8.38240337 123.988762 4.53408194 -6.97976542 142.241409 4.54133606 -15.8022547 140.142014 5.15842533 -15.668952 140.592087 4.0968008 -14.3454533 135.082672 1.28709316 -0.484323084 134.084686 0.833463967 -1.16410697 134.042603 1.53413796 0.018842347 135.951202 2.87368798 1.2070725 135.5811 2.10443234 0.097688511 134.777573 2.54889154 0.856343329 134.777573 2.54889154 0.856343329 135.5811 2.10443234 0.097688511 134.042603 1.53413796 0.018842347 135.951202 2.87368798 1.2070725 135.213577 2.34045243 2.05831337 136.461426 2.24865246 2.39058781 133.101654 1.14369047 2.24885964 133.287552 -1.32144202e-15 2.40778875 134.590408 1.10011506 2.52267957 132.684235 2.0151155 1.52786934 132.685364 1.48348951 0.350282192 131.529007 1.68139362 0.883717835 131.631439 0.830350459 -0.152250379 131.529007 1.68139362 0.883717835 132.685364 1.48348951 0.350282192 131.529007 1.68139362 0.883717835 131.631439 0.830350459 -0.152250379 130.65387 0.831502557 0.309483618 130.216766 0.642439008 -0.661847115 131.749329 0.796321094 -1.17796564 130.85643 0.90869838 -1.5485481 130.521332 1.24080861 -2.40372229 129.946289 0.99467504 -1.6163373 130.85643 0.90869838 -1.5485481 130.65387 0.831502557 0.309483618 131.631439 0.830350459 -0.152250379 130.216766 0.642439008 -0.661847115 129.462143 0.532498479 0.329140455 129.297668 1.02115834 0.947258055 130.65387 0.831502557 0.309483618 130.65387 0.831502557 0.309483618 130.216766 0.642439008 -0.661847115 129.462143 0.532498479 0.329140455 137.377258 4.31619596 -13.1081429 137.100204 5.21325064 -14.3259153 135.290817 5.16140461 -13.4453506 135.962891 3.09445715 -10.5711813 137.693619 2.11670041 -9.73280239 138.120819 2.85873151 -11.2612791 132.807739 3.94997168 -10.4839029 134.209457 3.00757861 -9.54137516 134.645859 4.07752752 -11.508256 135.931885 2.25997853 -9.01771355 136.46431 1.59933138 -7.75433302 137.693619 2.11670041 -9.73280239 133.86705 1.74834919 -6.30368948 135.383438 1.42501295 -6.40461302 134.297958 2.20070243 -7.87616062 135.931885 2.25997853 -9.01771355 134.209457 3.00757861 -9.54137516 134.297958 2.20070243 -7.87616062 130.177414 3.21059442 -7.66550446 132.293869 2.367275 -6.95131111 132.328476 3.05345011 -8.60866928 131.497818 7.06091166 -14.9324675 129.318039 7.37670994 -14.714777 130.891983 6.34455299 -13.507988 130.55687 3.8920691 -9.29929924 132.328476 3.05345011 -8.60866928 132.807739 3.94997168 -10.4839029 128.601761 4.1858325 -8.8215065 130.55687 3.8920691 -9.29929924 128.862 5.37751436 -11.062233 130.55687 3.8920691 -9.29929924 130.177414 3.21059442 -7.66550446 132.328476 3.05345011 -8.60866928 128.601761 4.1858325 -8.8215065 130.177414 3.21059442 -7.66550446 130.55687 3.8920691 -9.29929924 131.656509 1.09668553 -2.403579 132.45195 1.36867523 -3.85462379 131.343597 1.52829957 -3.67106867 132.45195 1.36867523 -3.85462379 132.783844 0.954143524 -2.40342736 133.630096 1.10947728 -3.67279577 133.630096 1.10947728 -3.67279577 132.783844 0.954143524 -2.40342736 133.908936 0.819527745 -2.4032743 134.084686 0.833463967 -1.16410697 135.328171 0.748089075 -1.4240365 133.908936 0.819527745 -2.4032743 132.783844 0.954143524 -2.40342736 132.865479 0.808101177 -1.51948583 133.908936 0.819527745 -2.4032743 130.85643 0.90869838 -1.5485481 131.749329 0.796321094 -1.17796564 131.656509 1.09668553 -2.403579 131.749329 0.796321094 -1.17796564 132.865479 0.808101177 -1.51948583 131.656509 1.09668553 -2.403579 132.45195 1.36867523 -3.85462379 131.411011 1.98657238 -5.19982529 131.343597 1.52829957 -3.67106867 130.18042 1.82098484 -3.90524101 131.343597 1.52829957 -3.67106867 131.411011 1.98657238 -5.19982529 129.387405 1.38071454 -2.40385079 129.946289 0.99467504 -1.6163373 130.521332 1.24080861 -2.40372229 130.216766 0.642439008 -0.661847115 129.946289 0.99467504 -1.6163373 129.124985 0.986167252 -1.46511734 129.387405 1.38071454 -2.40385079 127.933838 1.56378388 -2.40402746 129.124985 0.986167252 -1.46511734 141.150818 1.6026506e-15 -2.39237666 141.23877 2.50516347e-15 -3.48376966 140.779449 0.103933923 -2.39242673 142.478149 3.57479858 -14.5635281 144.643951 2.86329985 -14.7356262 144.427322 3.83590937 -15.9213171 146.378433 0.583181918 -12.7643709 147.587433 0.750074923 -13.8891172 145.830704 1.79714417 -13.9932547 144.629547 1.63308585 -12.9986696 143.172699 2.59845376 -13.5555096 143.649185 1.3511622 -11.8919201 144.643951 2.86329985 -14.7356262 145.830704 1.79714417 -13.9932547 146.698395 2.99664879 -16.0258408 147.192963 1.91859245 -14.9916134 146.698395 2.99664879 -16.0258408 145.830704 1.79714417 -13.9932547 141.995239 4.53765672e-15 -5.94170713 141.218384 0.525251567 -7.80944443 140.352707 0.392532766 -6.17996264 142.478149 3.57479858 -14.5635281 142.241409 4.54133606 -15.8022547 140.592087 4.0968008 -14.3454533 139.696991 1.87441468 -10.4017382 141.594376 1.56980419 -10.9516592 140.216476 2.44864416 -11.6982603 144.643951 2.86329985 -14.7356262 142.478149 3.57479858 -14.5635281 143.172699 2.59845376 -13.5555096 141.594376 1.56980419 -10.9516592 142.251678 2.13029718 -12.3254051 140.216476 2.44864416 -11.6982603 141.594376 1.56980419 -10.9516592 139.696991 1.87441468 -10.4017382 141.597748 0.886805475 -9.39644814 142.478149 3.57479858 -14.5635281 140.592087 4.0968008 -14.3454533 141.065277 3.06824994 -13.1004028 141.065277 3.06824994 -13.1004028 139.108368 3.47474766 -12.697485 140.216476 2.44864416 -11.6982603 139.108368 3.47474766 -12.697485 138.120819 2.85873151 -11.2612791 140.216476 2.44864416 -11.6982603 138.083496 1.34812593 -8.17818642 139.698792 1.27772427 -9.09111977 137.693619 2.11670041 -9.73280239 139.608566 0.811994553 -7.57633114 138.62323 0.753822923 -6.46101999 140.352707 0.392532766 -6.17996264 140.352707 0.392532766 -6.17996264 138.62323 0.753822923 -6.46101999 139.702728 0.341857493 -4.8882308 137.265182 0.612223089 -4.15719748 137.974899 0.644209146 -5.19552565 136.002869 0.949426949 -4.96232033 140.672546 0.739562273 -0.510353565 141.565781 -3.18615387e-16 -0.0691077113 141.242447 6.972492e-16 -1.29751563 142.021317 -1.26694403e-15 1.07761252 141.565781 -3.18615387e-16 -0.0691077113 141.767899 1.05089092 0.716099143 140.911499 1.64818931 0.0743484348 141.767899 1.05089092 0.716099143 140.672546 0.739562273 -0.510353565 141.258148 2.03589678 1.28714919 141.767899 1.05089092 0.716099143 140.911499 1.64818931 0.0743484348 136.889252 2.73088741 0.427369922 137.155426 2.97900295 1.61088574 138.113281 2.85940552 0.400081247 141.767899 1.05089092 0.716099143 141.258148 2.03589678 1.28714919 141.374207 1.20761681 2.16371036 141.258148 2.03589678 1.28714919 140.316971 2.42786098 2.07628489 141.374207 1.20761681 2.16371036 142.021317 -1.26694403e-15 1.07761252 141.374207 1.20761681 2.16371036 141.332443 -2.43091108e-15 2.48525834 140.096329 1.24855494 2.84160423 141.332443 -2.43091108e-15 2.48525834 141.374207 1.20761681 2.16371036 139.865463 2.30913138 -0.024216231 138.815201 2.27990007 -0.204548508 139.307938 3.0636971 1.10207808 138.113281 2.85940552 0.400081247 138.280945 3.02541614 1.6712774 139.307938 3.0636971 1.10207808 139.307938 3.0636971 1.10207808 139.102631 2.46244764 2.39630795 140.316971 2.42786098 2.07628489 138.280945 3.02541614 1.6712774 137.155426 2.97900295 1.61088574 137.779312 2.25675464 2.53865552 139.102631 2.46244764 2.39630795 140.096329 1.24855494 2.84160423 140.316971 2.42786098 2.07628489 138.280945 3.02541614 1.6712774 137.779312 2.25675464 2.53865552 139.102631 2.46244764 2.39630795 140.096329 1.24855494 2.84160423 138.702652 1.20186639 2.93619847 140.05748 -1.71799447e-15 2.97180629 137.779312 2.25675464 2.53865552 138.702652 1.20186639 2.93619847 139.102631 2.46244764 2.39630795 137.293411 1.14898348 2.86382866 137.779312 2.25675464 2.53865552 136.461426 2.24865246 2.39058781 137.335007 -1.69718721e-15 2.94182134 137.293411 1.14898348 2.86382866 135.925995 1.15766168 2.71037912 135.925995 1.15766168 2.71037912 137.293411 1.14898348 2.86382866 136.461426 2.24865246 2.39058781 139.102631 2.46244764 2.39630795 139.307938 3.0636971 1.10207808 138.280945 3.02541614 1.6712774 141.374207 1.20761681 2.16371036 140.316971 2.42786098 2.07628489 140.096329 1.24855494 2.84160423 141.374207 1.20761681 2.16371036 142.021317 -1.26694403e-15 1.07761252 141.767899 1.05089092 0.716099143 137.576614 1.8727982 -0.411127776 136.889252 2.73088741 0.427369922 138.113281 2.85940552 0.400081247 141.565781 -3.18615387e-16 -0.0691077113 140.672546 0.739562273 -0.510353565 141.767899 1.05089092 0.716099143 135.328171 0.748089075 -1.4240365 135.082672 1.28709316 -0.484323084 136.415955 1.19675732 -0.754959702 140.672546 0.739562273 -0.510353565 139.59935 1.30395257 -0.62939769 140.911499 1.64818931 0.0743484348 136.542892 0.651837647 -1.52432823 137.675537 0.729550183 -1.24103594 137.371521 0.439737648 -2.39989424 139.66803 0.202401519 -2.39348221 138.940079 0.50971508 -1.35356271 140.052444 0.30757457 -1.39352465 139.702728 0.341857493 -4.8882308 141.6185 3.52543138e-15 -4.7176013 140.352707 0.392532766 -6.17996264 138.62323 0.753822923 -6.46101999 138.083496 1.34812593 -8.17818642 137.056747 1.04846489 -6.36719513 138.62323 0.753822923 -6.46101999 137.974899 0.644209146 -5.19552565 139.702728 0.341857493 -4.8882308 138.62323 0.753822923 -6.46101999 139.608566 0.811994553 -7.57633114 138.083496 1.34812593 -8.17818642 139.108368 3.47474766 -12.697485 141.065277 3.06824994 -13.1004028 140.592087 4.0968008 -14.3454533 140.216476 2.44864416 -11.6982603 138.120819 2.85873151 -11.2612791 139.696991 1.87441468 -10.4017382 141.065277 3.06824994 -13.1004028 143.172699 2.59845376 -13.5555096 142.478149 3.57479858 -14.5635281 143.172699 2.59845376 -13.5555096 144.629547 1.63308585 -12.9986696 144.643951 2.86329985 -14.7356262 144.629547 1.63308585 -12.9986696 145.830704 1.79714417 -13.9932547 144.643951 2.86329985 -14.7356262 140.779449 0.103933923 -2.39242673 141.242447 6.972492e-16 -1.29751563 141.150818 1.6026506e-15 -2.39237666 144.629547 1.63308585 -12.9986696 146.378433 0.583181918 -12.7643709 145.830704 1.79714417 -13.9932547 147.587433 0.750074923 -13.8891172 149.053223 0.945966899 -15.1181965 147.192963 1.91859245 -14.9916134 129.124985 0.986167252 -1.46511734 129.946289 0.99467504 -1.6163373 129.387405 1.38071454 -2.40385079 129.387405 1.38071454 -2.40385079 130.521332 1.24080861 -2.40372229 130.18042 1.82098484 -3.90524101 131.411011 1.98657238 -5.19982529 132.867767 1.66106451 -5.24035168 132.293869 2.367275 -6.95131111 133.908936 0.819527745 -2.4032743 134.97377 0.879783273 -3.61948323 133.630096 1.10947728 -3.67279577 134.453445 1.23077226 -4.89190626 132.867767 1.66106451 -5.24035168 133.630096 1.10947728 -3.67279577 136.2202 0.56332612 -2.40197301 136.244217 0.679282844 -3.5345149 134.97377 0.879783273 -3.61948323 137.056747 1.04846489 -6.36719513 135.383438 1.42501295 -6.40461302 136.002869 0.949426949 -4.96232033 130.8591 4.62384796 -10.6940031 128.862 5.37751436 -11.062233 130.55687 3.8920691 -9.29929924 134.209457 3.00757861 -9.54137516 132.807739 3.94997168 -10.4839029 132.328476 3.05345011 -8.60866928 130.891983 6.34455299 -13.507988 132.842575 5.96636152 -13.6691294 131.497818 7.06091166 -14.9324675 130.8591 4.62384796 -10.6940031 130.55687 3.8920691 -9.29929924 132.807739 3.94997168 -10.4839029 132.328476 3.05345011 -8.60866928 132.293869 2.367275 -6.95131111 134.297958 2.20070243 -7.87616062 133.86705 1.74834919 -6.30368948 134.297958 2.20070243 -7.87616062 132.293869 2.367275 -6.95131111 135.383438 1.42501295 -6.40461302 136.46431 1.59933138 -7.75433302 134.297958 2.20070243 -7.87616062 132.328476 3.05345011 -8.60866928 134.297958 2.20070243 -7.87616062 134.209457 3.00757861 -9.54137516 134.209457 3.00757861 -9.54137516 135.931885 2.25997853 -9.01771355 135.962891 3.09445715 -10.5711813 139.696991 1.87441468 -10.4017382 138.120819 2.85873151 -11.2612791 137.693619 2.11670041 -9.73280239 135.931885 2.25997853 -9.01771355 137.693619 2.11670041 -9.73280239 135.962891 3.09445715 -10.5711813 133.666458 4.99431896 -12.4914169 132.842575 5.96636152 -13.6691294 132.090515 5.1227212 -12.0225792 129.462143 0.532498479 0.329140455 128.314911 0.312599093 0.453507811 129.297668 1.02115834 0.947258055 130.216766 0.642439008 -0.661847115 130.85643 0.90869838 -1.5485481 129.946289 0.99467504 -1.6163373 131.529007 1.68139362 0.883717835 130.492142 1.44581354 1.18261087 131.726059 1.18975365 1.94606078 131.726059 1.18975365 1.94606078 132.684235 2.0151155 1.52786934 131.529007 1.68139362 0.883717835 132.684235 2.0151155 1.52786934 131.726059 1.18975365 1.94606078 133.101654 1.14369047 2.24885964 135.925995 1.15766168 2.71037912 134.590408 1.10011506 2.52267957 135.981812 -1.59868098e-15 2.80176973 135.213577 2.34045243 2.05831337 135.951202 2.87368798 1.2070725 134.777573 2.54889154 0.856343329 132.993484 0.936383307 -0.489499688 131.749329 0.796321094 -1.17796564 131.631439 0.830350459 -0.152250379 131.631439 0.830350459 -0.152250379 132.685364 1.48348951 0.350282192 132.993484 0.936383307 -0.489499688 131.749329 0.796321094 -1.17796564 130.216766 0.642439008 -0.661847115 131.631439 0.830350459 -0.152250379 131.749329 0.796321094 -1.17796564 132.993484 0.936383307 -0.489499688 132.865479 0.808101177 -1.51948583 132.685364 1.48348951 0.350282192 134.042603 1.53413796 0.018842347 132.993484 0.936383307 -0.489499688 137.985825 5.73041344 -15.5130396 138.881561 4.55598211 -14.1754885 140.142014 5.15842533 -15.668952 -0.984021127 7.03917413e-15 -9.4821434 -1.2984035 -2.09232402 -11.0793753 -0.785047352 -2.49550438 -9.30717659 -1.40341628 8.80283395e-15 -11.079278 -1.2984035 -2.09232402 -11.0793753 -0.984021127 7.03917413e-15 -9.4821434 93.6326981 -1.92208874 -11.9466505 95.7491226 1.8751899 -12.0527515 98.4398422 -1.98561418 -12.1941881 91.4716492 2.03950143 -11.8422375 93.6326981 -1.92208874 -11.9466505 88.9775162 -1.24710131 -11.7259693 -0.785047352 -2.49550438 -9.30717659 -0.743212819 -4.91450691 -11.0798864 -0.337134153 -4.5067935 -9.0908823 -0.785047352 -2.49550438 -9.30717659 -0.411765963 -1.69205189 -7.56638718 -0.984021127 7.03917413e-15 -9.4821434 71.9674988 -7.48539686 -1.85267353 72.673996 -8.57186222 -3.18698406 73.9140778 -6.83308029 -1.44665027 82.0790253 -6.44525337 -1.57294381 80.6691818 -7.63550663 -2.44603133 83.394577 -7.42967987 -2.468086 93.2167587 -7.30135965 -3.45639515 93.8041458 -6.02620173 -2.3225925 91.6065903 -7.11317682 -3.04902172 95.0947952 -7.00438595 -3.39513564 96.2418976 -5.70226049 -2.33818841 93.8041458 -6.02620173 -2.3225925 93.9976425 -4.55078793 -1.33223248 93.8041458 -6.02620173 -2.3225925 96.2418976 -5.70226049 -2.33818841 98.4726791 -6.52880001 -3.37973881 97.7728195 -4.60352373 -1.6860559 96.2418976 -5.70226049 -2.33818841 71.9674988 -7.48539686 -1.85267353 73.9140778 -6.83308029 -1.44665027 72.3973999 -5.78617907 -0.910412133 75.673027 -6.89094162 -1.5415082 75.6094589 -4.94858932 -0.670965314 73.9140778 -6.83308029 -1.44665027 77.455864 -7.53440142 -2.12843919 77.1511078 -5.71349621 -0.97546792 75.673027 -6.89094162 -1.5415082 75.6094589 -4.94858932 -0.670965314 75.673027 -6.89094162 -1.5415082 77.1511078 -5.71349621 -0.97546792 78.7646713 -5.8308382 -1.0768503 79.1530304 -7.18001986 -1.92270303 80.5129242 -5.55650234 -1.01771176 80.6691818 -7.63550663 -2.44603133 82.0790253 -6.44525337 -1.57294381 80.5129242 -5.55650234 -1.01771176 83.394577 -7.42967987 -2.468086 83.6271515 -5.33703232 -1.05389714 82.0790253 -6.44525337 -1.57294381 83.394577 -7.42967987 -2.468086 84.9919739 -6.84088755 -2.08217692 83.6271515 -5.33703232 -1.05389714 76.9144287 -3.55082965 -0.355254591 75.6094589 -4.94858932 -0.670965314 77.1511078 -5.71349621 -0.97546792 78.7646713 -5.8308382 -1.0768503 78.8030624 -4.11383581 -0.500073493 77.1511078 -5.71349621 -0.97546792 80.5626984 -3.37690425 -0.373941451 78.8030624 -4.11383581 -0.500073493 80.5129242 -5.55650234 -1.01771176 82.0790253 -6.44525337 -1.57294381 82.0792084 -4.4161768 -0.655911863 80.5129242 -5.55650234 -1.01771176 93.8041458 -6.02620173 -2.3225925 93.9976425 -4.55078793 -1.33223248 91.9048615 -5.58340931 -1.7863822 86.7651443 -5.97899055 -1.60140514 88.4357452 -5.19464397 -1.26569676 86.8046036 -4.05512714 -0.709640801 91.9048615 -5.58340931 -1.7863822 91.9952393 -3.74486256 -0.843248785 90.1611938 -4.55759382 -1.06891572 107.477173 -6.35735941 -4.62276363 107.229179 -5.10926008 -3.21353078 105.623764 -5.8238616 -3.70473576 104.053658 -6.8285017 -4.57721472 105.623764 -5.8238616 -3.70473576 102.898743 -6.02388811 -3.503901 102.847534 -4.66658449 -2.25477934 102.898743 -6.02388811 -3.503901 104.627892 -4.98339605 -2.74176741 101.17337 -4.64026022 -2.05122614 100.809555 -6.02670717 -3.21208835 102.847534 -4.66658449 -2.25477934 104.627892 -4.98339605 -2.74176741 102.898743 -6.02388811 -3.503901 105.623764 -5.8238616 -3.70473576 105.623764 -5.8238616 -3.70473576 107.229179 -5.10926008 -3.21353078 104.627892 -4.98339605 -2.74176741 110.639236 -3.64737654 -2.27862549 109.150345 -4.61371088 -2.99459457 110.997589 -4.96047878 -3.63593125 104.072319 -3.30000091 -1.40249658 102.847534 -4.66658449 -2.25477934 104.627892 -4.98339605 -2.74176741 99.358963 -5.22229195 -2.30870008 100.158081 -3.56699538 -1.26643419 97.7728195 -4.60352373 -1.6860559 100.158081 -3.56699538 -1.26643419 99.358963 -5.22229195 -2.30870008 101.17337 -4.64026022 -2.05122614 105.892395 -3.66965985 -1.80255103 104.627892 -4.98339605 -2.74176741 107.229179 -5.10926008 -3.21353078 107.229179 -5.10926008 -3.21353078 109.150345 -4.61371088 -2.99459457 107.650665 -3.93580794 -2.189744 114.677292 -5.2657938 -4.72522068 115.711304 -4.2720356 -3.68104362 113.248306 -4.57145262 -3.58259439 113.248306 -4.57145262 -3.58259439 112.264435 -3.37391329 -2.2195189 110.997589 -4.96047878 -3.63593125 114.005783 -3.21976781 -2.27877235 113.248306 -4.57145262 -3.58259439 115.711304 -4.2720356 -3.68104362 107.650665 -3.93580794 -2.189744 109.257233 -2.99300599 -1.61283541 107.576576 -2.61707568 -1.23845935 120.18119 -1.55867863 -1.25300765 119.2267 -2.73256063 -2.46045041 121.573532 -2.87844872 -3.09237194 119.2267 -2.73256063 -2.46045041 118.29007 -1.43282056 -1.01459837 117.250374 -3.03582692 -2.51417899 85.0370026 -3.40720439 -0.476688594 85.2638016 -5.21435213 -1.08108342 86.8046036 -4.05512714 -0.709640801 75.6094589 -4.94858932 -0.670965314 76.9144287 -3.55082965 -0.355254591 74.407959 -3.28690529 -0.287909389 85.2638016 -5.21435213 -1.08108342 85.0370026 -3.40720439 -0.476688594 83.6271515 -5.33703232 -1.05389714 83.6271515 -5.33703232 -1.05389714 83.1973648 -2.9705627 -0.346406251 82.0792084 -4.4161768 -0.655911863 83.1973648 -2.9705627 -0.346406251 83.6271515 -5.33703232 -1.05389714 85.0370026 -3.40720439 -0.476688594 84.3907547 -1.56245255 -0.157343492 82.8133774 -9.32478943e-05 1.80914105e-06 83.1973648 -2.9705627 -0.346406251 81.6267776 -1.75391138 -0.153175041 80.5626984 -3.37690425 -0.373941451 83.1973648 -2.9705627 -0.346406251 92.2716522 -1.62995172 -0.281248212 91.9952393 -3.74486256 -0.843248785 93.9102631 -2.60613441 -0.559345543 90.1611938 -4.55759382 -1.06891572 90.3811035 -2.24896359 -0.367832094 88.5486603 -3.35078454 -0.571890771 86.8046036 -4.05512714 -0.709640801 86.5009995 -1.89723516 -0.229534581 85.0370026 -3.40720439 -0.476688594 86.8046036 -4.05512714 -0.709640801 88.5486603 -3.35078454 -0.571890771 86.5009995 -1.89723516 -0.229534581 90.3811035 -2.24896359 -0.367832094 91.9952393 -3.74486256 -0.843248785 92.2716522 -1.62995172 -0.281248212 93.9976425 -4.55078793 -1.33223248 93.9102631 -2.60613441 -0.559345543 91.9952393 -3.74486256 -0.843248785 87.4495544 -8.26155374e-05 1.91014874e-06 88.4478912 -1.56156981 -0.206526175 89.7608032 -7.73534848e-05 1.96087262e-06 90.3811035 -2.24896359 -0.367832094 92.2716522 -1.62995172 -0.281248212 89.7608032 -7.73534848e-05 1.96087262e-06 92.0888062 -7.20671087e-05 2.01247212e-06 89.7608032 -7.73534848e-05 1.96087262e-06 92.2716522 -1.62995172 -0.281248212 93.9102631 -2.60613441 -0.559345543 95.4604492 -1.61848986 -0.343090445 94.4104309 -6.67994755e-05 2.06454979e-06 101.17337 -4.64026022 -2.05122614 102.133751 -3.17682362 -1.19492912 100.158081 -3.56699538 -1.26643419 104.072319 -3.30000091 -1.40249658 102.985344 -1.60058916 -0.532649934 102.133751 -3.17682362 -1.19492912 102.847534 -4.66658449 -2.25477934 104.072319 -3.30000091 -1.40249658 102.133751 -3.17682362 -1.19492912 103.689339 -4.55753616e-05 -2.0647085e-06 102.985344 -1.60058916 -0.532649934 104.996429 -1.75257516 -0.662224889 100.158081 -3.56699538 -1.26643419 102.133751 -3.17682362 -1.19492912 100.920021 -1.78268456 -0.535997748 112.681641 2.36123142e-05 -0.000149777174 110.460114 2.9299812e-05 -8.1529819e-05 112.911942 -1.68294835 -0.949941158 108.235519 3.47893292e-05 -3.87441723e-05 106.806908 -1.46376312 -0.593634486 109.101654 -1.44911575 -0.66179508 107.576576 -2.61707568 -1.23845935 106.806908 -1.46376312 -0.593634486 105.892395 -3.66965985 -1.80255103 111.031387 -1.91463971 -1.00889087 112.264435 -3.37391329 -2.2195189 112.911942 -1.68294835 -0.949941158 115.498604 -2.84581089 -2.08878756 117.250374 -3.03582692 -2.51417899 116.567688 -1.62954485 -1.08668649 114.784462 -1.49496984 -0.901770055 115.498604 -2.84581089 -2.08878756 116.567688 -1.62954485 -1.08668649 120.18119 -1.55867863 -1.25300765 121.573296 -1.22744238 -1.0222255 121.573151 3.96172938e-12 -0.000436792034 27.844553 -7.41849661 -4.78224325 29.2877674 -6.60226297 -3.92665577 26.9660454 -5.21129608 -3.33042669 28.9787235 -4.89127541 -2.91726971 29.2877674 -6.60226297 -3.92665577 30.8923168 -5.42381001 -2.97733951 36.8606491 -5.36044121 -2.24088478 34.63591 -3.97956967 -1.77908862 34.5280533 -5.77007771 -2.74726772 26.2453022 -6.75268269 -4.37619209 26.9660454 -5.21129608 -3.33042669 24.8311005 -5.97076607 -4.00395823 34.63591 -3.97956967 -1.77908862 32.4933624 -4.12600374 -2.09493136 34.5280533 -5.77007771 -2.74726772 44.1117706 -7.94665909 -3.53634787 43.7229767 -5.98859596 -1.9089222 42.6823044 -7.35913515 -3.01679373 39.7965164 -7.46368361 -3.45249891 41.3032837 -6.64888239 -2.56459069 38.8429337 -6.2439394 -2.55062342 36.8606491 -5.36044121 -2.24088478 36.1328583 -6.86095428 -3.32343459 38.8429337 -6.2439394 -2.55062342 44.1117706 -7.94665909 -3.53634787 45.6003342 -7.63579321 -2.99814105 43.7229767 -5.98859596 -1.9089222 47.4189339 -7.32956696 -2.51514912 45.6929932 -6.24444962 -1.88872123 45.6003342 -7.63579321 -2.99814105 43.7229767 -5.98859596 -1.9089222 45.6003342 -7.63579321 -2.99814105 45.6929932 -6.24444962 -1.88872123 38.8429337 -6.2439394 -2.55062342 40.9612541 -5.25961637 -1.77097714 38.7623215 -4.42220736 -1.57240009 44.2045174 -3.54116559 -0.83089757 42.619873 -4.40723705 -1.24756789 43.7229767 -5.98859596 -1.9089222 24.8310051 -3.81325674 -2.90905523 27.4824142 -3.43833137 -2.35710859 26.666008 -1.79262078 -1.43182695 28.7380981 -1.82926333 -1.20310879 30.9401398 -1.85555053 -1.03305924 29.3927059 -0.000991763081 -3.99948931e-07 47.1427193 -5.37034607 -1.34504008 47.1809196 -3.32348585 -0.627218008 45.5416946 -4.46337032 -1.0768249 35.4751282 -1.89578772 -0.753071189 38.0905418 -2.13963413 -0.700500488 36.4175911 -0.000590035808 1.9581914e-07 38.0905418 -2.13963413 -0.700500488 40.2252579 -1.66720963 -0.448361665 38.7034645 -0.000527107739 3.64893822e-07 50.2828178 -7.57603312 -2.50279665 48.674633 -6.43093681 -1.76908016 47.4189339 -7.32956696 -2.51514912 47.4189339 -7.32956696 -2.51514912 48.6596756 -8.21274948 -3.4414165 50.2828178 -7.57603312 -2.50279665 53.2026062 -7.761765 -2.47260284 53.5274048 -6.07988071 -1.30158663 51.7874565 -6.69174051 -1.71581793 53.2026062 -7.761765 -2.47260284 55.3208351 -6.94279194 -1.67476368 53.5274048 -6.07988071 -1.30158663 53.5274048 -6.07988071 -1.30158663 53.1576309 -3.97746158 -0.588113427 51.7660828 -4.91722059 -0.922161937 56.8994408 -8.03465652 -2.55522847 57.7914314 -6.59807158 -1.37512839 55.3208351 -6.94279194 -1.67476368 55.3208351 -6.94279194 -1.67476368 55.0168877 -4.91164446 -0.798043251 53.5274048 -6.07988071 -1.30158663 55.3208351 -6.94279194 -1.67476368 56.7060013 -5.27639341 -0.864862144 55.0168877 -4.91164446 -0.798043251 56.7060013 -5.27639341 -0.864862144 55.3208351 -6.94279194 -1.67476368 57.7914314 -6.59807158 -1.37512839 59.1400833 -7.70383453 -2.09344316 59.4772491 -5.50751638 -0.871165335 57.7914314 -6.59807158 -1.37512839 58.1878395 -4.03143597 -0.479424804 56.7060013 -5.27639341 -0.864862144 59.4772491 -5.50751638 -0.871165335 57.7914314 -6.59807158 -1.37512839 59.4772491 -5.50751638 -0.871165335 56.7060013 -5.27639341 -0.864862144 68.8672028 -8.90494156 -3.75112772 70.6015701 -8.49577808 -2.99455047 68.9373169 -7.48781109 -1.7942462 67.3010941 -5.00385189 -0.629755497 66.5922012 -6.55777454 -1.20246971 69.0791016 -5.72751856 -0.861116171 53.3063774 -1.72580481 -0.16995433 51.3757248 -2.249367 -0.274559796 53.1576309 -3.97746158 -0.588113427 53.3063774 -1.72580481 -0.16995433 53.1576309 -3.97746158 -0.588113427 54.7078209 -3.06083536 -0.347794414 55.0168877 -4.91164446 -0.798043251 56.6188965 -3.0656271 -0.31442681 54.7078209 -3.06083536 -0.347794414 56.7060013 -5.27639341 -0.864862144 58.1878395 -4.03143597 -0.479424804 56.6188965 -3.0656271 -0.31442681 59.4772491 -5.50751638 -0.871165335 59.8734055 -3.03780341 -0.267228723 58.1878395 -4.03143597 -0.479424804 56.6188965 -3.0656271 -0.31442681 58.1878395 -4.03143597 -0.479424804 58.3588867 -1.72191072 -0.121840023 54.7078209 -3.06083536 -0.347794414 55.7922974 -1.44552279 -0.11422424 53.3063774 -1.72580481 -0.16995433 58.3588867 -1.72191072 -0.121840023 58.1878395 -4.03143597 -0.479424804 59.8734055 -3.03780341 -0.267228723 27.7805042 -8.68016434 -6.8472023 26.3281078 -8.22147751 -5.9896245 26.5929375 -9.05950737 -8.67055607 33.7212334 -9.70853329 -10.094224 35.7893105 -9.46842766 -8.54182816 33.417244 -9.20080185 -7.71565342 31.0246983 -8.96066475 -7.1824398 33.417244 -9.20080185 -7.71565342 32.0709457 -8.42012978 -5.62520885 48.9695206 -9.66414738 -8.03600025 46.7613258 -9.72873592 -8.56614304 48.8015366 -10.0934095 -10.2866011 31.0246983 -8.96066475 -7.1824398 32.0709457 -8.42012978 -5.62520885 29.555788 -8.3225956 -5.75716686 33.8588753 -8.51420784 -5.58446598 33.417244 -9.20080185 -7.71565342 34.8985443 -9.05321503 -6.84304428 34.8985443 -9.05321503 -6.84304428 36.5415726 -9.04204273 -6.55841541 35.8316917 -8.19247532 -4.83120728 27.844553 -7.41849661 -4.78224325 26.3281078 -8.22147751 -5.9896245 27.7805042 -8.68016434 -6.8472023 42.7002373 -8.54553699 -4.64327717 42.0509186 -9.16470814 -6.2826395 44.118 -8.9876833 -5.48243189 44.118 -8.9876833 -5.48243189 43.7660446 -9.41058922 -7.17792416 45.6711006 -9.3453722 -6.61805153 38.0810051 -8.98982716 -6.18722153 37.6999474 -7.7329998 -4.00532484 36.5415726 -9.04204273 -6.55841541 42.7002373 -8.54553699 -4.64327717 41.1030045 -8.32263565 -4.43234825 42.0509186 -9.16470814 -6.2826395 47.1408348 -8.60003662 -4.26840687 45.6387672 -8.74744129 -4.7317009 47.4739456 -9.3461895 -6.40990973 54.5571022 -9.78469753 -8.3368454 53.5007858 -9.51642704 -6.70586061 51.6385689 -9.78721809 -8.53682137 53.4537163 -8.98944855 -4.55098963 51.8901672 -9.45325851 -6.48591089 53.5007858 -9.51642704 -6.70586061 51.5431061 -9.07330227 -4.95941257 51.8901672 -9.45325851 -6.48591089 53.4537163 -8.98944855 -4.55098963 56.330452 -8.99458313 -4.33939314 55.0000305 -9.36093521 -5.70644236 56.8287926 -9.52865028 -6.48249912 51.5431061 -9.07330227 -4.95941257 50.1580238 -9.40320873 -6.39544916 51.8901672 -9.45325851 -6.48591089 59.725708 -8.82869053 -3.73519611 58.1026459 -8.98987579 -4.21195078 59.2263565 -9.45563221 -5.87084007 44.1117706 -7.94665909 -3.53634787 44.118 -8.9876833 -5.48243189 45.6387672 -8.74744129 -4.7317009 32.5265961 -6.20403051 -3.26508474 31.1370258 -7.34830666 -4.35488653 33.8519058 -7.38581133 -4.07980967 34.5280533 -5.77007771 -2.74726772 33.8519058 -7.38581133 -4.07980967 36.1328583 -6.86095428 -3.32343459 26.3281078 -8.22147751 -5.9896245 27.844553 -7.41849661 -4.78224325 26.2453022 -6.75268269 -4.37619209 35.8316917 -8.19247532 -4.83120728 36.1328583 -6.86095428 -3.32343459 33.8519058 -7.38581133 -4.07980967 39.7965164 -7.46368361 -3.45249891 39.1674614 -8.46235085 -4.88579512 41.1030045 -8.32263565 -4.43234825 44.118 -8.9876833 -5.48243189 44.1117706 -7.94665909 -3.53634787 42.7002373 -8.54553699 -4.64327717 42.7002373 -8.54553699 -4.64327717 44.1117706 -7.94665909 -3.53634787 42.6823044 -7.35913515 -3.01679373 47.4189339 -7.32956696 -2.51514912 45.6003342 -7.63579321 -2.99814105 47.1408348 -8.60003662 -4.26840687 35.8316917 -8.19247532 -4.83120728 37.6999474 -7.7329998 -4.00532484 36.1328583 -6.86095428 -3.32343459 39.1674614 -8.46235085 -4.88579512 39.7965164 -7.46368361 -3.45249891 37.6999474 -7.7329998 -4.00532484 38.8429337 -6.2439394 -2.55062342 37.6999474 -7.7329998 -4.00532484 39.7965164 -7.46368361 -3.45249891 41.1030045 -8.32263565 -4.43234825 41.3032837 -6.64888239 -2.56459069 39.7965164 -7.46368361 -3.45249891 42.7002373 -8.54553699 -4.64327717 42.6823044 -7.35913515 -3.01679373 41.1030045 -8.32263565 -4.43234825 45.6387672 -8.74744129 -4.7317009 45.6003342 -7.63579321 -2.99814105 44.1117706 -7.94665909 -3.53634787 55.0000305 -9.36093521 -5.70644236 56.330452 -8.99458313 -4.33939314 53.4537163 -8.98944855 -4.55098963 50.1580238 -9.40320873 -6.39544916 51.5431061 -9.07330227 -4.95941257 50.098877 -8.7026844 -4.17905235 48.6596756 -8.21274948 -3.4414165 48.7444763 -9.07956696 -5.25527525 50.098877 -8.7026844 -4.17905235 55.3208351 -6.94279194 -1.67476368 54.8488045 -8.40797901 -3.21995378 56.8994408 -8.03465652 -2.55522847 56.330452 -8.99458313 -4.33939314 58.1026459 -8.98987579 -4.21195078 56.8994408 -8.03465652 -2.55522847 50.098877 -8.7026844 -4.17905235 50.2828178 -7.57603312 -2.50279665 48.6596756 -8.21274948 -3.4414165 50.2828178 -7.57603312 -2.50279665 51.8296394 -8.39895248 -3.4454391 53.2026062 -7.761765 -2.47260284 78.8954849 -9.90060329 -8.87157536 75.9066544 -9.95139408 -9.03164577 77.0492554 -10.2528467 -11.2066069 75.9066544 -9.95139408 -9.03164577 78.8954849 -9.90060329 -8.87157536 76.9867783 -9.58987236 -6.71050978 81.8520889 -9.93977928 -9.44056702 80.133316 -9.57293606 -6.86534405 78.8954849 -9.90060329 -8.87157536 78.6784668 -9.41069698 -5.88159847 78.8954849 -9.90060329 -8.87157536 80.133316 -9.57293606 -6.86534405 72.0384293 -9.23001862 -4.73182726 72.2261887 -9.6558609 -6.92045832 73.8045959 -9.29772091 -5.05209875 75.209938 -9.55469894 -6.39726925 75.9066544 -9.95139408 -9.03164577 76.9867783 -9.58987236 -6.71050978 78.6784668 -9.41069698 -5.88159847 80.133316 -9.57293606 -6.86534405 80.2146606 -8.96835899 -4.46940899 81.9884949 -9.58139324 -7.10601759 81.8167953 -9.14925861 -5.15814877 80.133316 -9.57293606 -6.86534405 83.5259781 -9.31795311 -6.01573372 84.0104218 -9.69394398 -8.03309822 85.2779846 -9.24859428 -5.9842453 80.133316 -9.57293606 -6.86534405 81.8167953 -9.14925861 -5.15814877 80.2146606 -8.96835899 -4.46940899 83.5966644 -8.71786499 -4.2477169 81.8167953 -9.14925861 -5.15814877 83.5259781 -9.31795311 -6.01573372 92.2053375 -10.0052958 -11.8765287 92.6935349 -9.72870636 -10.0133762 90.1061401 -9.76315403 -9.60959339 88.7653351 -9.45663071 -7.47201252 87.1092453 -9.24147415 -6.24887562 86.5048141 -9.6267643 -8.00314522 88.5833969 -8.86500645 -5.2650094 88.7653351 -9.45663071 -7.47201252 90.3258743 -8.98407078 -5.9173317 91.106514 -9.38393879 -7.592206 92.8772278 -8.92217922 -6.22760963 90.3258743 -8.98407078 -5.9173317 87.1092453 -9.24147415 -6.24887562 86.7291107 -8.64031506 -4.47369814 85.2779846 -9.24859428 -5.9842453 88.5833969 -8.86500645 -5.2650094 86.7291107 -8.64031506 -4.47369814 87.1092453 -9.24147415 -6.24887562 93.1620255 -9.38977528 -8.10464954 92.8772278 -8.92217922 -6.22760963 91.106514 -9.38393879 -7.592206 94.768158 -9.02325249 -6.96648169 92.8772278 -8.92217922 -6.22760963 93.1620255 -9.38977528 -8.10464954 96.2835388 -9.20213795 -8.05048656 98.0767288 -8.96516228 -7.5991106 96.6066895 -8.59576035 -6.11224556 96.6066895 -8.59576035 -6.11224556 95.1250076 -8.25897598 -5.06627274 94.768158 -9.02325249 -6.96648169 75.209938 -9.55469894 -6.39726925 76.9867783 -9.58987236 -6.71050978 75.5570297 -9.12881279 -4.56303787 81.8167953 -9.14925861 -5.15814877 81.9632416 -8.30662727 -3.38244843 80.2146606 -8.96835899 -4.46940899 85.2779846 -9.24859428 -5.9842453 85.1221924 -8.3118372 -3.71371603 83.5966644 -8.71786499 -4.2477169 73.8045959 -9.29772091 -5.05209875 75.5570297 -9.12881279 -4.56303787 74.2473526 -8.31157684 -2.84763765 72.0384293 -9.23001862 -4.73182726 73.8045959 -9.29772091 -5.05209875 72.673996 -8.57186222 -3.18698406 75.5570297 -9.12881279 -4.56303787 76.0501709 -8.31584263 -2.94877338 74.2473526 -8.31157684 -2.84763765 77.3383636 -9.02796745 -4.39165211 78.8214798 -8.48888397 -3.39811182 76.0501709 -8.31584263 -2.94877338 77.455864 -7.53440142 -2.12843919 76.0501709 -8.31584263 -2.94877338 78.8214798 -8.48888397 -3.39811182 75.5570297 -9.12881279 -4.56303787 77.3383636 -9.02796745 -4.39165211 76.0501709 -8.31584263 -2.94877338 78.8214798 -8.48888397 -3.39811182 79.1530304 -7.18001986 -1.92270303 77.455864 -7.53440142 -2.12843919 74.2473526 -8.31157684 -2.84763765 73.9140778 -6.83308029 -1.44665027 72.673996 -8.57186222 -3.18698406 80.2146606 -8.96835899 -4.46940899 80.6691818 -7.63550663 -2.44603133 78.8214798 -8.48888397 -3.39811182 80.2146606 -8.96835899 -4.46940899 81.9632416 -8.30662727 -3.38244843 80.6691818 -7.63550663 -2.44603133 81.8167953 -9.14925861 -5.15814877 83.5966644 -8.71786499 -4.2477169 81.9632416 -8.30662727 -3.38244843 83.5966644 -8.71786499 -4.2477169 83.394577 -7.42967987 -2.468086 81.9632416 -8.30662727 -3.38244843 85.1221924 -8.3118372 -3.71371603 84.9919739 -6.84088755 -2.08217692 83.394577 -7.42967987 -2.468086 85.2779846 -9.24859428 -5.9842453 86.7291107 -8.64031506 -4.47369814 85.1221924 -8.3118372 -3.71371603 88.5833969 -8.86500645 -5.2650094 88.3983765 -7.9213295 -3.55990601 86.7291107 -8.64031506 -4.47369814 90.3258743 -8.98407078 -5.9173317 91.688179 -8.40056705 -4.74288702 90.0648041 -8.01281261 -3.89587164 92.8772278 -8.92217922 -6.22760963 95.1250076 -8.25897598 -5.06627274 93.5013199 -8.18883896 -4.66445255 96.8374176 -7.3568325 -4.03598452 96.6066895 -8.59576035 -6.11224556 98.089241 -8.17335033 -5.47509432 90.3258743 -8.98407078 -5.9173317 90.0648041 -8.01281261 -3.89587164 88.5833969 -8.86500645 -5.2650094 91.688179 -8.40056705 -4.74288702 91.6065903 -7.11317682 -3.04902172 90.0648041 -8.01281261 -3.89587164 88.2750397 -6.72838449 -2.30377722 88.3983765 -7.9213295 -3.55990601 89.994606 -6.46312809 -2.26098514 86.6350784 -7.49833107 -2.86182976 86.7291107 -8.64031506 -4.47369814 88.3983765 -7.9213295 -3.55990601 86.6350784 -7.49833107 -2.86182976 88.3983765 -7.9213295 -3.55990601 88.2750397 -6.72838449 -2.30377722 85.1221924 -8.3118372 -3.71371603 86.6350784 -7.49833107 -2.86182976 84.9919739 -6.84088755 -2.08217692 95.1250076 -8.25897598 -5.06627274 95.0947952 -7.00438595 -3.39513564 93.5013199 -8.18883896 -4.66445255 93.2167587 -7.30135965 -3.45639515 93.5013199 -8.18883896 -4.66445255 95.0947952 -7.00438595 -3.39513564 95.1250076 -8.25897598 -5.06627274 96.8374176 -7.3568325 -4.03598452 95.0947952 -7.00438595 -3.39513564 91.688179 -8.40056705 -4.74288702 93.2167587 -7.30135965 -3.45639515 91.6065903 -7.11317682 -3.04902172 95.0947952 -7.00438595 -3.39513564 96.8374176 -7.3568325 -4.03598452 96.2418976 -5.70226049 -2.33818841 98.4726791 -6.52880001 -3.37973881 96.2418976 -5.70226049 -2.33818841 96.8374176 -7.3568325 -4.03598452 101.379318 -8.7460928 -7.82013321 99.5531616 -8.59583187 -6.83174038 100.048981 -9.11747074 -8.86550426 102.950272 -8.64184856 -7.98507166 101.935585 -9.24923134 -10.1837196 104.328133 -8.80195332 -9.09479046 110.243469 -8.526021 -10.4206772 109.706871 -8.00967312 -8.50751495 108.061958 -8.89856625 -10.9348373 110.243469 -8.526021 -10.4206772 111.998085 -7.7915678 -8.82228279 109.706871 -8.00967312 -8.50751495 98.0767288 -8.96516228 -7.5991106 99.5531616 -8.59583187 -6.83174038 98.089241 -8.17335033 -5.47509432 102.950272 -8.64184856 -7.98507166 102.867012 -7.78620338 -5.78154421 101.379318 -8.7460928 -7.82013321 104.328133 -8.80195332 -9.09479046 104.450851 -8.06516743 -6.81455278 102.950272 -8.64184856 -7.98507166 106.142769 -7.8989954 -6.92487144 104.450851 -8.06516743 -6.81455278 106.232437 -8.49336815 -8.68192768 106.232437 -8.49336815 -8.68192768 107.973198 -8.16330719 -8.2827282 106.142769 -7.8989954 -6.92487144 109.007698 -7.17714834 -6.228652 107.520744 -7.38890457 -6.2146349 107.973198 -8.16330719 -8.2827282 112.740013 -8.41644192 -11.0515594 113.854996 -8.97596264 -13.2105713 115.798027 -8.08991814 -11.3058052 111.998085 -7.7915678 -8.82228279 110.243469 -8.526021 -10.4206772 112.740013 -8.41644192 -11.0515594 115.798027 -8.08991814 -11.3058052 118.045914 -7.43509197 -10.5376663 116.858711 -6.7375164 -8.25170231 112.740013 -8.41644192 -11.0515594 114.751633 -7.54371214 -9.33173466 111.998085 -7.7915678 -8.82228279 110.565529 -6.40075159 -5.33834028 110.559219 -7.36882782 -7.14665794 112.041725 -6.83988857 -6.51431561 113.681694 -6.13548613 -5.75137234 113.496498 -7.06785965 -7.56345797 115.132111 -6.56393337 -7.08162308 101.109688 -8.09383297 -5.98394203 101.419701 -7.06772852 -4.41669369 99.5175858 -7.61209822 -4.80661106 104.450851 -8.06516743 -6.81455278 106.142769 -7.8989954 -6.92487144 105.742096 -7.08544302 -5.25436974 104.053658 -6.8285017 -4.57721472 104.450851 -8.06516743 -6.81455278 105.742096 -7.08544302 -5.25436974 98.4726791 -6.52880001 -3.37973881 96.8374176 -7.3568325 -4.03598452 99.5175858 -7.61209822 -4.80661106 101.109688 -8.09383297 -5.98394203 102.867012 -7.78620338 -5.78154421 101.419701 -7.06772852 -4.41669369 105.742096 -7.08544302 -5.25436974 107.477173 -6.35735941 -4.62276363 105.623764 -5.8238616 -3.70473576 115.132111 -6.56393337 -7.08162308 116.243919 -5.70124722 -5.8227582 113.681694 -6.13548613 -5.75137234 114.677292 -5.2657938 -4.72522068 113.681694 -6.13548613 -5.75137234 116.243919 -5.70124722 -5.8227582 109.101654 -1.44911575 -0.66179508 111.031387 -1.91463971 -1.00889087 110.460114 2.9299812e-05 -8.1529819e-05 121.573853 -4.38084793 -5.48304272 119.744011 -3.9332118 -4.14835739 119.674774 -5.20927238 -6.227283 117.863564 -5.36070538 -5.79539061 117.72049 -4.23108149 -4.05472231 116.243919 -5.70124722 -5.8227582 115.711304 -4.2720356 -3.68104362 114.677292 -5.2657938 -4.72522068 116.243919 -5.70124722 -5.8227582 113.248306 -4.57145262 -3.58259439 112.198578 -5.70428848 -4.7483778 114.677292 -5.2657938 -4.72522068 113.681694 -6.13548613 -5.75137234 114.677292 -5.2657938 -4.72522068 112.198578 -5.70428848 -4.7483778 110.997589 -4.96047878 -3.63593125 110.565529 -6.40075159 -5.33834028 112.198578 -5.70428848 -4.7483778 112.198578 -5.70428848 -4.7483778 112.041725 -6.83988857 -6.51431561 113.681694 -6.13548613 -5.75137234 112.041725 -6.83988857 -6.51431561 112.198578 -5.70428848 -4.7483778 110.565529 -6.40075159 -5.33834028 116.243919 -5.70124722 -5.8227582 115.132111 -6.56393337 -7.08162308 116.858711 -6.7375164 -8.25170231 110.565529 -6.40075159 -5.33834028 110.997589 -4.96047878 -3.63593125 109.189056 -5.89656878 -4.38464928 109.189056 -5.89656878 -4.38464928 109.007698 -7.17714834 -6.228652 110.565529 -6.40075159 -5.33834028 107.520744 -7.38890457 -6.2146349 109.007698 -7.17714834 -6.228652 107.477173 -6.35735941 -4.62276363 109.007698 -7.17714834 -6.228652 109.189056 -5.89656878 -4.38464928 107.477173 -6.35735941 -4.62276363 107.520744 -7.38890457 -6.2146349 107.477173 -6.35735941 -4.62276363 105.742096 -7.08544302 -5.25436974 105.742096 -7.08544302 -5.25436974 105.623764 -5.8238616 -3.70473576 104.053658 -6.8285017 -4.57721472 102.867012 -7.78620338 -5.78154421 104.053658 -6.8285017 -4.57721472 101.419701 -7.06772852 -4.41669369 102.898743 -6.02388811 -3.503901 101.419701 -7.06772852 -4.41669369 104.053658 -6.8285017 -4.57721472 107.520744 -7.38890457 -6.2146349 105.742096 -7.08544302 -5.25436974 106.142769 -7.8989954 -6.92487144 104.450851 -8.06516743 -6.81455278 104.053658 -6.8285017 -4.57721472 102.867012 -7.78620338 -5.78154421 98.4726791 -6.52880001 -3.37973881 99.5175858 -7.61209822 -4.80661106 100.809555 -6.02670717 -3.21208835 113.681694 -6.13548613 -5.75137234 112.041725 -6.83988857 -6.51431561 113.496498 -7.06785965 -7.56345797 113.496498 -7.06785965 -7.56345797 111.998085 -7.7915678 -8.82228279 114.751633 -7.54371214 -9.33173466 113.496498 -7.06785965 -7.56345797 112.041725 -6.83988857 -6.51431561 111.998085 -7.7915678 -8.82228279 115.798027 -8.08991814 -11.3058052 117.774376 -8.64182758 -13.5488482 118.045914 -7.43509197 -10.5376663 110.057526 -9.24085617 -12.9222527 112.740013 -8.41644192 -11.0515594 110.243469 -8.526021 -10.4206772 107.973198 -8.16330719 -8.2827282 109.706871 -8.00967312 -8.50751495 109.007698 -7.17714834 -6.228652 107.520744 -7.38890457 -6.2146349 106.142769 -7.8989954 -6.92487144 107.973198 -8.16330719 -8.2827282 104.328133 -8.80195332 -9.09479046 106.232437 -8.49336815 -8.68192768 104.450851 -8.06516743 -6.81455278 99.5175858 -7.61209822 -4.80661106 99.5531616 -8.59583187 -6.83174038 101.109688 -8.09383297 -5.98394203 99.5175858 -7.61209822 -4.80661106 98.089241 -8.17335033 -5.47509432 99.5531616 -8.59583187 -6.83174038 102.867012 -7.78620338 -5.78154421 102.950272 -8.64184856 -7.98507166 104.450851 -8.06516743 -6.81455278 101.109688 -8.09383297 -5.98394203 101.379318 -8.7460928 -7.82013321 102.867012 -7.78620338 -5.78154421 101.109688 -8.09383297 -5.98394203 99.5531616 -8.59583187 -6.83174038 101.379318 -8.7460928 -7.82013321 107.973198 -8.16330719 -8.2827282 108.061958 -8.89856625 -10.9348373 109.706871 -8.00967312 -8.50751495 110.057526 -9.24085617 -12.9222527 110.243469 -8.526021 -10.4206772 108.061958 -8.89856625 -10.9348373 107.973198 -8.16330719 -8.2827282 106.232437 -8.49336815 -8.68192768 108.061958 -8.89856625 -10.9348373 99.5531616 -8.59583187 -6.83174038 98.0767288 -8.96516228 -7.5991106 100.048981 -9.11747074 -8.86550426 95.0947952 -7.00438595 -3.39513564 93.8041458 -6.02620173 -2.3225925 93.2167587 -7.30135965 -3.45639515 98.089241 -8.17335033 -5.47509432 99.5175858 -7.61209822 -4.80661106 96.8374176 -7.3568325 -4.03598452 89.994606 -6.46312809 -2.26098514 90.0648041 -8.01281261 -3.89587164 91.6065903 -7.11317682 -3.04902172 90.0648041 -8.01281261 -3.89587164 89.994606 -6.46312809 -2.26098514 88.3983765 -7.9213295 -3.55990601 86.7291107 -8.64031506 -4.47369814 86.6350784 -7.49833107 -2.86182976 85.1221924 -8.3118372 -3.71371603 96.6066895 -8.59576035 -6.11224556 96.8374176 -7.3568325 -4.03598452 95.1250076 -8.25897598 -5.06627274 93.2167587 -7.30135965 -3.45639515 91.688179 -8.40056705 -4.74288702 93.5013199 -8.18883896 -4.66445255 91.688179 -8.40056705 -4.74288702 92.8772278 -8.92217922 -6.22760963 93.5013199 -8.18883896 -4.66445255 88.3983765 -7.9213295 -3.55990601 88.5833969 -8.86500645 -5.2650094 90.0648041 -8.01281261 -3.89587164 83.5966644 -8.71786499 -4.2477169 85.1221924 -8.3118372 -3.71371603 83.394577 -7.42967987 -2.468086 79.1530304 -7.18001986 -1.92270303 78.8214798 -8.48888397 -3.39811182 80.6691818 -7.63550663 -2.44603133 76.0501709 -8.31584263 -2.94877338 77.455864 -7.53440142 -2.12843919 75.673027 -6.89094162 -1.5415082 76.0501709 -8.31584263 -2.94877338 75.673027 -6.89094162 -1.5415082 74.2473526 -8.31157684 -2.84763765 74.2473526 -8.31157684 -2.84763765 72.673996 -8.57186222 -3.18698406 73.8045959 -9.29772091 -5.05209875 95.1250076 -8.25897598 -5.06627274 92.8772278 -8.92217922 -6.22760963 94.768158 -9.02325249 -6.96648169 98.089241 -8.17335033 -5.47509432 96.6066895 -8.59576035 -6.11224556 98.0767288 -8.96516228 -7.5991106 91.688179 -8.40056705 -4.74288702 90.3258743 -8.98407078 -5.9173317 92.8772278 -8.92217922 -6.22760963 96.6066895 -8.59576035 -6.11224556 94.768158 -9.02325249 -6.96648169 96.2835388 -9.20213795 -8.05048656 90.1061401 -9.76315403 -9.60959339 91.106514 -9.38393879 -7.592206 88.7653351 -9.45663071 -7.47201252 88.5833969 -8.86500645 -5.2650094 87.1092453 -9.24147415 -6.24887562 88.7653351 -9.45663071 -7.47201252 87.1092453 -9.24147415 -6.24887562 85.2779846 -9.24859428 -5.9842453 86.5048141 -9.6267643 -8.00314522 90.3258743 -8.98407078 -5.9173317 88.7653351 -9.45663071 -7.47201252 91.106514 -9.38393879 -7.592206 94.768158 -9.02325249 -6.96648169 94.9185486 -9.56929874 -9.60879612 96.2835388 -9.20213795 -8.05048656 94.768158 -9.02325249 -6.96648169 93.1620255 -9.38977528 -8.10464954 94.9185486 -9.56929874 -9.60879612 96.2835388 -9.20213795 -8.05048656 94.9185486 -9.56929874 -9.60879612 97.9717407 -9.39726067 -9.56674671 97.9717407 -9.39726067 -9.56674671 94.9185486 -9.56929874 -9.60879612 95.7432404 -9.90304375 -12.0516901 94.9185486 -9.56929874 -9.60879612 92.6935349 -9.72870636 -10.0133762 95.7432404 -9.90304375 -12.0516901 85.2779846 -9.24859428 -5.9842453 84.0104218 -9.69394398 -8.03309822 86.5048141 -9.6267643 -8.00314522 83.5966644 -8.71786499 -4.2477169 83.5259781 -9.31795311 -6.01573372 85.2779846 -9.24859428 -5.9842453 80.2146606 -8.96835899 -4.46940899 78.8214798 -8.48888397 -3.39811182 78.6784668 -9.41069698 -5.88159847 83.5259781 -9.31795311 -6.01573372 81.8167953 -9.14925861 -5.15814877 81.9884949 -9.58139324 -7.10601759 78.8214798 -8.48888397 -3.39811182 77.3383636 -9.02796745 -4.39165211 78.6784668 -9.41069698 -5.88159847 76.9867783 -9.58987236 -6.71050978 78.6784668 -9.41069698 -5.88159847 77.3383636 -9.02796745 -4.39165211 77.3383636 -9.02796745 -4.39165211 75.5570297 -9.12881279 -4.56303787 76.9867783 -9.58987236 -6.71050978 75.5570297 -9.12881279 -4.56303787 73.8045959 -9.29772091 -5.05209875 75.209938 -9.55469894 -6.39726925 81.9884949 -9.58139324 -7.10601759 80.133316 -9.57293606 -6.86534405 81.8520889 -9.93977928 -9.44056702 78.6784668 -9.41069698 -5.88159847 76.9867783 -9.58987236 -6.71050978 78.8954849 -9.90060329 -8.87157536 72.673996 -8.57186222 -3.18698406 71.9674988 -7.48539686 -1.85267353 70.6015701 -8.49577808 -2.99455047 66.5924606 -9.03954029 -4.07558537 68.8672028 -8.90494156 -3.75112772 66.9357452 -8.06791878 -2.34512544 72.673996 -8.57186222 -3.18698406 70.6015701 -8.49577808 -2.99455047 72.0384293 -9.23001862 -4.73182726 69.1843338 -9.56097221 -6.24853182 70.6470184 -9.38016701 -5.28998518 68.8672028 -8.90494156 -3.75112772 56.8994408 -8.03465652 -2.55522847 58.1026459 -8.98987579 -4.21195078 59.1400833 -7.70383453 -2.09344316 50.098877 -8.7026844 -4.17905235 51.8296394 -8.39895248 -3.4454391 50.2828178 -7.57603312 -2.50279665 59.725708 -8.82869053 -3.73519611 59.1400833 -7.70383453 -2.09344316 58.1026459 -8.98987579 -4.21195078 53.4537163 -8.98944855 -4.55098963 54.8488045 -8.40797901 -3.21995378 53.2026062 -7.761765 -2.47260284 48.7444763 -9.07956696 -5.25527525 48.6596756 -8.21274948 -3.4414165 47.1408348 -8.60003662 -4.26840687 47.4189339 -7.32956696 -2.51514912 47.1408348 -8.60003662 -4.26840687 48.6596756 -8.21274948 -3.4414165 51.5431061 -9.07330227 -4.95941257 53.4537163 -8.98944855 -4.55098963 51.8296394 -8.39895248 -3.4454391 54.8488045 -8.40797901 -3.21995378 53.4537163 -8.98944855 -4.55098963 56.330452 -8.99458313 -4.33939314 53.2026062 -7.761765 -2.47260284 51.8296394 -8.39895248 -3.4454391 53.4537163 -8.98944855 -4.55098963 51.8296394 -8.39895248 -3.4454391 50.098877 -8.7026844 -4.17905235 51.5431061 -9.07330227 -4.95941257 50.1580238 -9.40320873 -6.39544916 50.098877 -8.7026844 -4.17905235 48.7444763 -9.07956696 -5.25527525 45.6387672 -8.74744129 -4.7317009 47.1408348 -8.60003662 -4.26840687 45.6003342 -7.63579321 -2.99814105 45.6711006 -9.3453722 -6.61805153 45.6387672 -8.74744129 -4.7317009 44.118 -8.9876833 -5.48243189 40.143364 -9.12704945 -6.37818289 41.1030045 -8.32263565 -4.43234825 39.1674614 -8.46235085 -4.88579512 33.8519058 -7.38581133 -4.07980967 34.5280533 -5.77007771 -2.74726772 32.5265961 -6.20403051 -3.26508474 29.555788 -8.3225956 -5.75716686 29.2877674 -6.60226297 -3.92665577 27.844553 -7.41849661 -4.78224325 29.555788 -8.3225956 -5.75716686 31.1370258 -7.34830666 -4.35488653 29.2877674 -6.60226297 -3.92665577 26.3281078 -8.22147751 -5.9896245 26.2453022 -6.75268269 -4.37619209 24.8313046 -7.82239056 -5.55824614 32.0709457 -8.42012978 -5.62520885 33.8519058 -7.38581133 -4.07980967 31.1370258 -7.34830666 -4.35488653 45.6711006 -9.3453722 -6.61805153 47.4739456 -9.3461895 -6.40990973 45.6387672 -8.74744129 -4.7317009 37.6999474 -7.7329998 -4.00532484 38.0810051 -8.98982716 -6.18722153 39.1674614 -8.46235085 -4.88579512 35.8316917 -8.19247532 -4.83120728 36.5415726 -9.04204273 -6.55841541 37.6999474 -7.7329998 -4.00532484 33.8588753 -8.51420784 -5.58446598 35.8316917 -8.19247532 -4.83120728 33.8519058 -7.38581133 -4.07980967 33.8588753 -8.51420784 -5.58446598 33.8519058 -7.38581133 -4.07980967 32.0709457 -8.42012978 -5.62520885 27.844553 -7.41849661 -4.78224325 27.7805042 -8.68016434 -6.8472023 29.555788 -8.3225956 -5.75716686 56.330452 -8.99458313 -4.33939314 56.8287926 -9.52865028 -6.48249912 58.1026459 -8.98987579 -4.21195078 47.1408348 -8.60003662 -4.26840687 47.4739456 -9.3461895 -6.40990973 48.7444763 -9.07956696 -5.25527525 53.4537163 -8.98944855 -4.55098963 53.5007858 -9.51642704 -6.70586061 55.0000305 -9.36093521 -5.70644236 58.1026459 -8.98987579 -4.21195078 56.8287926 -9.52865028 -6.48249912 59.2263565 -9.45563221 -5.87084007 35.8316917 -8.19247532 -4.83120728 33.8588753 -8.51420784 -5.58446598 34.8985443 -9.05321503 -6.84304428 31.1370258 -7.34830666 -4.35488653 29.555788 -8.3225956 -5.75716686 32.0709457 -8.42012978 -5.62520885 27.7805042 -8.68016434 -6.8472023 29.2104073 -9.14286327 -8.38080406 29.555788 -8.3225956 -5.75716686 33.8588753 -8.51420784 -5.58446598 32.0709457 -8.42012978 -5.62520885 33.417244 -9.20080185 -7.71565342 57.3198814 -0.000189733575 1.2096616e-06 55.7922974 -1.44552279 -0.11422424 58.3588867 -1.72191072 -0.121840023 61.5045052 -1.85437262 -0.116309851 59.6688004 -0.000167388032 1.27479723e-06 59.8734055 -3.03780341 -0.267228723 52.6583748 -0.000256621308 1.06421851e-06 53.3063774 -1.72580481 -0.16995433 54.9796219 -0.000219711219 1.13973124e-06 55.0168877 -4.91164446 -0.798043251 56.7060013 -5.27639341 -0.864862144 56.6188965 -3.0656271 -0.31442681 55.0168877 -4.91164446 -0.798043251 54.7078209 -3.06083536 -0.347794414 53.1576309 -3.97746158 -0.588113427 51.7660828 -4.91722059 -0.922161937 53.1576309 -3.97746158 -0.588113427 51.3757248 -2.249367 -0.274559796 47.1427193 -5.37034607 -1.34504008 48.660759 -4.53010702 -0.931138635 47.1809196 -3.32348585 -0.627218008 66.9357452 -8.06791878 -2.34512544 68.9373169 -7.48781109 -1.7942462 66.5922012 -6.55777454 -1.20246971 71.9674988 -7.48539686 -1.85267353 68.9373169 -7.48781109 -1.7942462 70.6015701 -8.49577808 -2.99455047 68.8672028 -8.90494156 -3.75112772 68.9373169 -7.48781109 -1.7942462 66.9357452 -8.06791878 -2.34512544 53.5274048 -6.07988071 -1.30158663 55.0168877 -4.91164446 -0.798043251 53.1576309 -3.97746158 -0.588113427 51.7660828 -4.91722059 -0.922161937 50.3547668 -3.94180155 -0.673683703 50.1764297 -5.82584667 -1.36264563 48.660759 -4.53010702 -0.931138635 48.674633 -6.43093681 -1.76908016 50.1764297 -5.82584667 -1.36264563 51.7874565 -6.69174051 -1.71581793 53.5274048 -6.07988071 -1.30158663 51.7660828 -4.91722059 -0.922161937 51.7874565 -6.69174051 -1.71581793 51.7660828 -4.91722059 -0.922161937 50.1764297 -5.82584667 -1.36264563 48.674633 -6.43093681 -1.76908016 48.660759 -4.53010702 -0.931138635 47.1427193 -5.37034607 -1.34504008 47.4189339 -7.32956696 -2.51514912 48.674633 -6.43093681 -1.76908016 47.1427193 -5.37034607 -1.34504008 59.1400833 -7.70383453 -2.09344316 57.7914314 -6.59807158 -1.37512839 56.8994408 -8.03465652 -2.55522847 50.2828178 -7.57603312 -2.50279665 51.7874565 -6.69174051 -1.71581793 50.1764297 -5.82584667 -1.36264563 50.2828178 -7.57603312 -2.50279665 50.1764297 -5.82584667 -1.36264563 48.674633 -6.43093681 -1.76908016 50.2828178 -7.57603312 -2.50279665 53.2026062 -7.761765 -2.47260284 51.7874565 -6.69174051 -1.71581793 45.7568436 -2.0168891 -0.362030566 45.7043571 -0.00039304205 7.84655754e-07 44.0176353 -1.67710149 -0.33392784 47.1809196 -3.32348585 -0.627218008 45.7568436 -2.0168891 -0.362030566 45.5416946 -4.46337032 -1.0768249 44.2045174 -3.54116559 -0.83089757 42.2410393 -2.24413371 -0.536310673 42.619873 -4.40723705 -1.24756789 45.5416946 -4.46337032 -1.0768249 45.7568436 -2.0168891 -0.362030566 44.2045174 -3.54116559 -0.83089757 38.7623215 -4.42220736 -1.57240009 40.438633 -3.50162911 -1.04880953 38.0905418 -2.13963413 -0.700500488 38.0905418 -2.13963413 -0.700500488 36.6644325 -3.54919147 -1.37460232 38.7623215 -4.42220736 -1.57240009 42.2410393 -2.24413371 -0.536310673 40.438633 -3.50162911 -1.04880953 42.619873 -4.40723705 -1.24756789 38.7034645 -0.000527107739 3.64893822e-07 36.4175911 -0.000590035808 1.9581914e-07 38.0905418 -2.13963413 -0.700500488 26.666008 -1.79262078 -1.43182695 26.9406719 -0.000812629296 -1.39498616e-06 24.830986 -1.57945764 -1.61154795 33.1320877 -2.10411406 -1.0077467 34.63591 -3.97956967 -1.77908862 35.4751282 -1.89578772 -0.753071189 35.4751282 -1.89578772 -0.753071189 34.1076241 -0.000686978863 1.9875996e-08 33.1320877 -2.10411406 -1.0077467 30.9401398 -1.85555053 -1.03305924 33.1320877 -2.10411406 -1.0077467 31.7843323 -0.000831435376 -1.52644702e-07 24.8309689 -3.62183241e-16 5.50821028e-07 24.830986 -1.57945764 -1.61154795 26.9406719 -0.000812629296 -1.39498616e-06 45.5416946 -4.46337032 -1.0768249 45.6929932 -6.24444962 -1.88872123 47.1427193 -5.37034607 -1.34504008 42.619873 -4.40723705 -1.24756789 40.9612541 -5.25961637 -1.77097714 43.7229767 -5.98859596 -1.9089222 44.2045174 -3.54116559 -0.83089757 43.7229767 -5.98859596 -1.9089222 45.5416946 -4.46337032 -1.0768249 47.4189339 -7.32956696 -2.51514912 47.1427193 -5.37034607 -1.34504008 45.6929932 -6.24444962 -1.88872123 45.6929932 -6.24444962 -1.88872123 45.5416946 -4.46337032 -1.0768249 43.7229767 -5.98859596 -1.9089222 42.6823044 -7.35913515 -3.01679373 43.7229767 -5.98859596 -1.9089222 41.3032837 -6.64888239 -2.56459069 41.3032837 -6.64888239 -2.56459069 43.7229767 -5.98859596 -1.9089222 40.9612541 -5.25961637 -1.77097714 38.8429337 -6.2439394 -2.55062342 38.7623215 -4.42220736 -1.57240009 36.8606491 -5.36044121 -2.24088478 41.3032837 -6.64888239 -2.56459069 40.9612541 -5.25961637 -1.77097714 38.8429337 -6.2439394 -2.55062342 37.6999474 -7.7329998 -4.00532484 38.8429337 -6.2439394 -2.55062342 36.1328583 -6.86095428 -3.32343459 41.1030045 -8.32263565 -4.43234825 42.6823044 -7.35913515 -3.01679373 41.3032837 -6.64888239 -2.56459069 26.9660454 -5.21129608 -3.33042669 28.9787235 -4.89127541 -2.91726971 27.4824142 -3.43833137 -2.35710859 27.4824142 -3.43833137 -2.35710859 24.8310051 -3.81325674 -2.90905523 26.9660454 -5.21129608 -3.33042669 31.1370258 -7.34830666 -4.35488653 32.5265961 -6.20403051 -3.26508474 30.8923168 -5.42381001 -2.97733951 36.1328583 -6.86095428 -3.32343459 36.8606491 -5.36044121 -2.24088478 34.5280533 -5.77007771 -2.74726772 31.1370258 -7.34830666 -4.35488653 30.8923168 -5.42381001 -2.97733951 29.2877674 -6.60226297 -3.92665577 28.9787235 -4.89127541 -2.91726971 26.9660454 -5.21129608 -3.33042669 29.2877674 -6.60226297 -3.92665577 26.2453022 -6.75268269 -4.37619209 27.844553 -7.41849661 -4.78224325 26.9660454 -5.21129608 -3.33042669 112.911942 -1.68294835 -0.949941158 114.784462 -1.49496984 -0.901770055 112.681641 2.36123142e-05 -0.000149777174 100.920021 -1.78268456 -0.535997748 101.3703 -5.09352867e-05 1.83907389e-06 99.0204544 -1.46032882 -0.379700601 104.996429 -1.75257516 -0.662224889 106.007668 4.01332763e-05 -1.42436202e-05 103.689339 -4.55753616e-05 -2.0647085e-06 116.567688 -1.62954485 -1.08668649 118.29007 -1.43282056 -1.01459837 117.12265 1.16290003e-05 -0.000343275489 114.784462 -1.49496984 -0.901770055 116.567688 -1.62954485 -1.08668649 114.904541 1.76730573e-05 -0.000247580494 115.498604 -2.84581089 -2.08878756 114.784462 -1.49496984 -0.901770055 114.005783 -3.21976781 -2.27877235 112.911942 -1.68294835 -0.949941158 114.005783 -3.21976781 -2.27877235 114.784462 -1.49496984 -0.901770055 109.257233 -2.99300599 -1.61283541 109.101654 -1.44911575 -0.66179508 107.576576 -2.61707568 -1.23845935 110.639236 -3.64737654 -2.27862549 111.031387 -1.91463971 -1.00889087 109.257233 -2.99300599 -1.61283541 105.892395 -3.66965985 -1.80255103 104.996429 -1.75257516 -0.662224889 104.072319 -3.30000091 -1.40249658 99.0204544 -1.46032882 -0.379700601 98.6490479 -3.10043478 -0.946267009 100.920021 -1.78268456 -0.535997748 99.0505676 -5.62456298e-05 2.17064485e-06 96.7305756 -6.15298923e-05 2.11726388e-06 99.0204544 -1.46032882 -0.379700601 88.4478912 -1.56156981 -0.206526175 87.4495544 -8.26155374e-05 1.91014874e-06 86.5009995 -1.89723516 -0.229534581 93.9102631 -2.60613441 -0.559345543 94.4104309 -6.67994755e-05 2.06454979e-06 92.2716522 -1.62995172 -0.281248212 96.7305756 -6.15298923e-05 2.11726388e-06 95.4604492 -1.61848986 -0.343090445 97.1714935 -2.15568829 -0.537883937 95.880394 -3.79437852 -1.08817577 93.9102631 -2.60613441 -0.559345543 93.9976425 -4.55078793 -1.33223248 90.1611938 -4.55759382 -1.06891572 91.9952393 -3.74486256 -0.843248785 90.3811035 -2.24896359 -0.367832094 88.4357452 -5.19464397 -1.26569676 90.1611938 -4.55759382 -1.06891572 88.5486603 -3.35078454 -0.571890771 79.0509872 -1.98927712 -0.157191306 77.216774 -1.52471077 -0.101841986 76.9144287 -3.55082965 -0.355254591 120.18119 -1.55867863 -1.25300765 121.573532 -2.87844872 -3.09237194 121.573296 -1.22744238 -1.0222255 101.17337 -4.64026022 -2.05122614 102.847534 -4.66658449 -2.25477934 102.133751 -3.17682362 -1.19492912 109.101654 -1.44911575 -0.66179508 109.257233 -2.99300599 -1.61283541 111.031387 -1.91463971 -1.00889087 105.892395 -3.66965985 -1.80255103 107.650665 -3.93580794 -2.189744 107.576576 -2.61707568 -1.23845935 104.072319 -3.30000091 -1.40249658 104.627892 -4.98339605 -2.74176741 105.892395 -3.66965985 -1.80255103 117.250374 -3.03582692 -2.51417899 115.498604 -2.84581089 -2.08878756 115.711304 -4.2720356 -3.68104362 114.005783 -3.21976781 -2.27877235 115.711304 -4.2720356 -3.68104362 115.498604 -2.84581089 -2.08878756 109.257233 -2.99300599 -1.61283541 109.150345 -4.61371088 -2.99459457 110.639236 -3.64737654 -2.27862549 109.257233 -2.99300599 -1.61283541 107.650665 -3.93580794 -2.189744 109.150345 -4.61371088 -2.99459457 107.650665 -3.93580794 -2.189744 105.892395 -3.66965985 -1.80255103 107.229179 -5.10926008 -3.21353078 109.189056 -5.89656878 -4.38464928 109.150345 -4.61371088 -2.99459457 107.229179 -5.10926008 -3.21353078 109.150345 -4.61371088 -2.99459457 109.189056 -5.89656878 -4.38464928 110.997589 -4.96047878 -3.63593125 107.477173 -6.35735941 -4.62276363 109.189056 -5.89656878 -4.38464928 107.229179 -5.10926008 -3.21353078 99.358963 -5.22229195 -2.30870008 97.7728195 -4.60352373 -1.6860559 98.4726791 -6.52880001 -3.37973881 112.198578 -5.70428848 -4.7483778 113.248306 -4.57145262 -3.58259439 110.997589 -4.96047878 -3.63593125 96.2418976 -5.70226049 -2.33818841 97.7728195 -4.60352373 -1.6860559 95.880394 -3.79437852 -1.08817577 97.7728195 -4.60352373 -1.6860559 98.6490479 -3.10043478 -0.946267009 95.880394 -3.79437852 -1.08817577 91.9952393 -3.74486256 -0.843248785 91.9048615 -5.58340931 -1.7863822 93.9976425 -4.55078793 -1.33223248 88.4357452 -5.19464397 -1.26569676 88.5486603 -3.35078454 -0.571890771 86.8046036 -4.05512714 -0.709640801 93.9976425 -4.55078793 -1.33223248 96.2418976 -5.70226049 -2.33818841 95.880394 -3.79437852 -1.08817577 86.7651443 -5.97899055 -1.60140514 86.8046036 -4.05512714 -0.709640801 85.2638016 -5.21435213 -1.08108342 89.994606 -6.46312809 -2.26098514 91.9048615 -5.58340931 -1.7863822 90.1611938 -4.55759382 -1.06891572 90.1611938 -4.55759382 -1.06891572 88.4357452 -5.19464397 -1.26569676 89.994606 -6.46312809 -2.26098514 88.4357452 -5.19464397 -1.26569676 88.2750397 -6.72838449 -2.30377722 89.994606 -6.46312809 -2.26098514 88.4357452 -5.19464397 -1.26569676 86.7651443 -5.97899055 -1.60140514 88.2750397 -6.72838449 -2.30377722 82.0790253 -6.44525337 -1.57294381 83.6271515 -5.33703232 -1.05389714 82.0792084 -4.4161768 -0.655911863 73.9552002 -5.027318 -0.671771049 73.9140778 -6.83308029 -1.44665027 75.6094589 -4.94858932 -0.670965314 77.455864 -7.53440142 -2.12843919 78.7646713 -5.8308382 -1.0768503 77.1511078 -5.71349621 -0.97546792 73.9552002 -5.027318 -0.671771049 72.3973999 -5.78617907 -0.910412133 73.9140778 -6.83308029 -1.44665027 80.6691818 -7.63550663 -2.44603133 80.5129242 -5.55650234 -1.01771176 79.1530304 -7.18001986 -1.92270303 84.9919739 -6.84088755 -2.08217692 86.7651443 -5.97899055 -1.60140514 85.2638016 -5.21435213 -1.08108342 91.6065903 -7.11317682 -3.04902172 93.8041458 -6.02620173 -2.3225925 91.9048615 -5.58340931 -1.7863822 91.6065903 -7.11317682 -3.04902172 91.9048615 -5.58340931 -1.7863822 89.994606 -6.46312809 -2.26098514 86.6350784 -7.49833107 -2.86182976 88.2750397 -6.72838449 -2.30377722 86.7651443 -5.97899055 -1.60140514 86.6350784 -7.49833107 -2.86182976 86.7651443 -5.97899055 -1.60140514 84.9919739 -6.84088755 -2.08217692 85.2638016 -5.21435213 -1.08108342 83.6271515 -5.33703232 -1.05389714 84.9919739 -6.84088755 -2.08217692 81.9632416 -8.30662727 -3.38244843 83.394577 -7.42967987 -2.468086 80.6691818 -7.63550663 -2.44603133 79.1530304 -7.18001986 -1.92270303 78.7646713 -5.8308382 -1.0768503 77.455864 -7.53440142 -2.12843919 74.2473526 -8.31157684 -2.84763765 75.673027 -6.89094162 -1.5415082 73.9140778 -6.83308029 -1.44665027 101.419701 -7.06772852 -4.41669369 100.809555 -6.02670717 -3.21208835 99.5175858 -7.61209822 -4.80661106 75.3194962 -1.82350135 -0.119079776 74.407959 -3.28690529 -0.287909389 76.9144287 -3.55082965 -0.355254591 124.088577 -5.61436415 -9.34691429 124.038635 -4.55564165 -7.05305767 121.574181 -5.66699886 -8.13730812 124.022575 -6.83685446 -11.8133411 124.088577 -5.61436415 -9.34691429 121.574547 -6.91617727 -10.9383936 126.817886 -6.61773968 -12.4976616 126.747833 -5.56422567 -10.5109224 124.022575 -6.83685446 -11.8133411 121.573204 -8.25954056 -13.9375429 124.022575 -6.83685446 -11.8133411 121.574547 -6.91617727 -10.9383936 124.038635 -4.55564165 -7.05305767 121.573853 -4.38084793 -5.48304272 121.574181 -5.66699886 -8.13730812 121.573853 -4.38084793 -5.48304272 124.46666 -3.54697776 -5.19543648 123.081459 -2.99868131 -3.67758656 124.038635 -4.55564165 -7.05305767 124.46666 -3.54697776 -5.19543648 121.573853 -4.38084793 -5.48304272 123.081459 -2.99868131 -3.67758656 121.573532 -2.87844872 -3.09237194 121.573853 -4.38084793 -5.48304272 124.979927 -2.4807694 -3.37441373 126.450867 -1.74845982 -2.40429425 124.698494 -1.6236515 -1.87663031 124.230446 -3.73616333e-16 -0.000157959206 124.718735 -0.775379121 -0.733813703 125.503654 -3.73886325e-16 -1.05655181e-05 124.718735 -0.775379121 -0.733813703 125.786179 -0.101288311 -0.0535528064 125.503654 -3.73886325e-16 -1.05655181e-05 125.786179 -0.101288311 -0.0535528064 125.752396 7.50240098e-19 -0.000979791977 125.503654 -3.73886325e-16 -1.05655181e-05 124.230446 -3.73616333e-16 -0.000157959206 123.387039 -0.995929301 -0.907784164 124.718735 -0.775379121 -0.733813703 126.552643 -2.7193017 -4.42372465 124.979927 -2.4807694 -3.37441373 124.46666 -3.54697776 -5.19543648 122.966721 -1.93624187 -2.05487895 123.387039 -0.995929301 -0.907784164 121.573296 -1.22744238 -1.0222255 121.574181 -5.66699886 -8.13730812 121.574547 -6.91617727 -10.9383936 124.088577 -5.61436415 -9.34691429 123.387039 -0.995929301 -0.907784164 122.839394 -3.73298299e-16 -0.000346838526 121.573296 -1.22744238 -1.0222255 150.366379 -1.12130141 -16.1465588 148.319901 0.113836236 -16.0879002 150.366379 1.12130141 -16.1465588 126.447624 -1.31122712e-15 1.13335359 125.752396 7.50240098e-19 -0.000979791977 125.786179 -0.101288311 -0.0535528064 138.555664 -5.58552456 -15.5560341 141.323593 -4.81813717 -15.746295 140.131973 -4.21337223 -14.2848682 133.053787 -0.937266111 -0.50986886 132.917252 -0.80869925 -1.56748354 134.072113 -0.787432492 -1.37172329 134.072113 -0.787432492 -1.37172329 134.268692 -1.19625604 -0.405803502 133.053787 -0.937266111 -0.50986886 135.207214 -0.835698128 -1.20586789 134.268692 -1.19625604 -0.405803502 134.072113 -0.787432492 -1.37172329 133.053787 -0.937266111 -0.50986886 131.938065 -0.794534743 -1.15236413 132.917252 -0.80869925 -1.56748354 133.053787 -0.937266111 -0.50986886 131.847885 -0.869205832 -0.153435379 131.938065 -0.794534743 -1.15236413 133.548889 -1.65672302 0.265827388 132.452194 -1.52132702 0.440342158 133.053787 -0.937266111 -0.50986886 130.986877 -1.0669713 0.447681606 130.730667 -0.670362651 -0.555967331 131.847885 -0.869205832 -0.153435379 130.278702 -1.17549837 1.56649387 130.019287 -0.736988246 0.416113347 130.986877 -1.0669713 0.447681606 136.901215 -2.95030284 1.6084795 135.376251 -2.75279307 1.37336767 136.149704 -2.59730101 0.445681363 134.774475 -2.18172598 0.385964632 135.376251 -2.75279307 1.37336767 134.033524 -2.43400407 1.02981317 132.86087 -2.13299966 1.34327793 133.548889 -1.65672302 0.265827388 134.033524 -2.43400407 1.02981317 134.774475 -2.18172598 0.385964632 134.033524 -2.43400407 1.02981317 133.548889 -1.65672302 0.265827388 135.130051 -2.00019169 2.29916167 134.029602 -2.03511715 2.00966287 135.376251 -2.75279307 1.37336767 130.278702 -1.17549837 1.56649387 130.986877 -1.0669713 0.447681606 131.547791 -1.76354337 1.10262108 127.933479 -1.55230085e-15 1.4246676 128.265945 -0.492547393 0.741329968 128.993195 -7.74084988e-16 1.63011515 133.636368 -5.40722418 -13.1186895 135.619568 -6.28507233 -15.3211536 136.171341 -4.78905582 -13.2669964 138.602158 -3.58406949 -12.6089554 139.793732 -2.46547651 -11.4977884 136.931076 -3.26904917 -11.3190823 135.892181 -2.30753994 -9.09435463 134.850464 -3.12103963 -10.0689774 136.931076 -3.26904917 -11.3190823 136.931076 -3.26904917 -11.3190823 134.716782 -4.13323545 -11.6253395 136.171341 -4.78905582 -13.2669964 133.160049 -2.98493648 -8.93612576 132.725861 -4.07144213 -10.6428766 134.850464 -3.12103963 -10.0689774 134.458771 -2.15426493 -7.86555481 133.160049 -2.98493648 -8.93612576 135.892181 -2.30753994 -9.09435463 135.892181 -2.30753994 -9.09435463 136.931076 -3.26904917 -11.3190823 137.429153 -2.05690575 -9.46133232 137.979202 -1.22940624 -7.74697971 136.307053 -1.56939328 -7.5568943 137.429153 -2.05690575 -9.46133232 136.307053 -1.56939328 -7.5568943 137.153854 -1.01072562 -6.29473877 135.123245 -1.4994266 -6.45485687 134.559753 -1.24200487 -5.02916718 133.457687 -1.81837082 -6.2141552 135.123245 -1.4994266 -6.45485687 130.807877 -4.72676754 -10.8377571 131.282639 -5.97155237 -13.0478764 132.725861 -4.07144213 -10.6428766 135.963196 -1.02901769 -5.31466818 135.613617 -0.84144479 -3.9894309 134.559753 -1.24200487 -5.02916718 133.224701 -1.43857932 -4.71800041 134.559753 -1.24200487 -5.02916718 133.429077 -1.10206819 -3.48410583 130.664276 -1.84810412 -4.26463461 131.783188 -1.9901948 -5.48527908 132.181732 -1.42745364 -3.87891293 133.429077 -1.10206819 -3.48410583 132.788162 -0.953609407 -2.40342665 132.181732 -1.42745364 -3.87891293 132.917252 -0.80869925 -1.56748354 133.929047 -0.817203104 -2.4032712 134.072113 -0.787432492 -1.37172329 131.938065 -0.794534743 -1.15236413 130.730667 -0.670362651 -0.555967331 131.03978 -0.89871949 -1.55055666 131.938065 -0.794534743 -1.15236413 131.654572 -1.09693384 -2.40357924 132.917252 -0.80869925 -1.56748354 131.783188 -1.9901948 -5.48527908 130.664276 -1.84810412 -4.26463461 129.779114 -2.45735526 -5.45717907 128.218964 -2.42516899 -4.50004911 129.185852 -1.99528062 -3.88448238 127.933838 -1.56378388 -2.40402746 130.002701 -0.949082553 -1.51443911 129.387405 -1.38071454 -2.40385079 130.522095 -1.24071372 -2.40372205 130.522095 -1.24071372 -2.40372205 131.03978 -0.89871949 -1.55055666 130.002701 -0.949082553 -1.51443911 130.730667 -0.670362651 -0.555967331 129.643158 -0.559442937 -0.549408197 130.002701 -0.949082553 -1.51443911 148.806534 -2.03434205 -16.1041088 150.366379 -1.12130141 -16.1465588 148.946976 -0.933093429 -15.0337534 145.975937 -2.36163163 -14.8211393 147.495193 -1.83123076 -15.0738373 145.900467 -1.44903886 -13.5694523 141.395828 -1.48655427 -10.6615047 143.117599 -0.92309618 -10.6631622 141.7957 -0.736001492 -9.11012268 139.762924 -0.571240008 -6.63412285 141.007629 -0.526312053 -7.61313534 141.995239 4.53765672e-15 -5.94170713 141.995239 4.53765672e-15 -5.94170713 141.2901 -0.130066544 -4.8195467 139.762924 -0.571240008 -6.63412285 141.150818 1.6026506e-15 -2.39237666 141.242447 6.972492e-16 -1.29751563 140.779449 -0.103933923 -2.39242673 140.779449 -0.103933923 -2.39242673 141.242447 6.972492e-16 -1.29751563 139.834076 -0.296262234 -1.51805186 141.242447 6.972492e-16 -1.29751563 140.345901 -0.824602365 -0.645177245 139.834076 -0.296262234 -1.51805186 144.245316 -3.09904456 -14.837678 142.256424 -3.65767002 -14.5653782 143.945328 -3.99811673 -15.8966856 144.566345 -2.12559104 -13.6774559 145.900467 -1.44903886 -13.5694523 144.134903 -1.32950974 -12.1889029 142.122269 -1.93580449 -11.9313536 142.921921 -2.52528858 -13.3092442 144.134903 -1.32950974 -12.1889029 145.900467 -1.44903886 -13.5694523 144.566345 -2.12559104 -13.6774559 145.975937 -2.36163163 -14.8211393 145.975937 -2.36163163 -14.8211393 144.245316 -3.09904456 -14.837678 146.419113 -3.10819197 -16.0140114 145.975937 -2.36163163 -14.8211393 144.566345 -2.12559104 -13.6774559 144.245316 -3.09904456 -14.837678 139.762924 -0.571240008 -6.63412285 139.354156 -1.16077769 -8.53669834 141.007629 -0.526312053 -7.61313534 141.323593 -4.81813717 -15.746295 142.256424 -3.65767002 -14.5653782 140.131973 -4.21337223 -14.2848682 142.256424 -3.65767002 -14.5653782 142.921921 -2.52528858 -13.3092442 140.930634 -3.02480888 -12.9655218 140.183411 -1.45554435 -9.82959747 139.793732 -2.46547651 -11.4977884 141.395828 -1.48655427 -10.6615047 141.395828 -1.48655427 -10.6615047 141.7957 -0.736001492 -9.11012268 140.183411 -1.45554435 -9.82959747 138.602158 -3.58406949 -12.6089554 140.131973 -4.21337223 -14.2848682 140.930634 -3.02480888 -12.9655218 140.131973 -4.21337223 -14.2848682 142.256424 -3.65767002 -14.5653782 140.930634 -3.02480888 -12.9655218 140.183411 -1.45554435 -9.82959747 139.354156 -1.16077769 -8.53669834 138.596085 -2.17336416 -10.343874 137.429153 -2.05690575 -9.46133232 138.596085 -2.17336416 -10.343874 139.354156 -1.16077769 -8.53669834 141.7957 -0.736001492 -9.11012268 141.007629 -0.526312053 -7.61313534 140.183411 -1.45554435 -9.82959747 139.354156 -1.16077769 -8.53669834 140.183411 -1.45554435 -9.82959747 141.007629 -0.526312053 -7.61313534 137.153854 -1.01072562 -6.29473877 137.979202 -1.22940624 -7.74697971 138.437408 -0.664808571 -5.81299543 139.762924 -0.571240008 -6.63412285 137.979202 -1.22940624 -7.74697971 139.354156 -1.16077769 -8.53669834 137.979202 -1.22940624 -7.74697971 137.429153 -2.05690575 -9.46133232 139.354156 -1.16077769 -8.53669834 138.199677 -0.513014674 -4.4654994 139.189209 -0.316882998 -3.68880987 137.662018 -0.479361385 -3.41673279 135.963196 -1.02901769 -5.31466818 137.153854 -1.01072562 -6.29473877 136.997543 -0.727762997 -4.68641806 139.575424 -2.50604105 0.0708725452 139.470444 -1.66955543 -0.491811335 140.758499 -2.01038241 0.209431067 139.087677 -0.877528846 -0.929956853 139.834076 -0.296262234 -1.51805186 140.345901 -0.824602365 -0.645177245 139.087677 -0.877528846 -0.929956853 139.470444 -1.66955543 -0.491811335 138.061249 -1.3969171 -0.683940887 138.061249 -1.3969171 -0.683940887 138.369034 -2.38215327 -0.125077277 137.150848 -2.11531067 -0.207914233 137.206955 -0.827376842 -1.15622461 138.061249 -1.3969171 -0.683940887 136.349625 -1.50091088 -0.506438196 139.575424 -2.50604105 0.0708725452 138.926498 -3.08359456 0.934432447 138.369034 -2.38215327 -0.125077277 138.369034 -2.38215327 -0.125077277 137.582855 -2.97615671 0.684499323 137.150848 -2.11531067 -0.207914233 137.582855 -2.97615671 0.684499323 136.149704 -2.59730101 0.445681363 137.150848 -2.11531067 -0.207914233 138.926498 -3.08359456 0.934432447 139.575424 -2.50604105 0.0708725452 140.103027 -2.86180067 1.08072937 138.369034 -2.38215327 -0.125077277 138.926498 -3.08359456 0.934432447 137.582855 -2.97615671 0.684499323 138.926498 -3.08359456 0.934432447 138.339996 -2.94657803 1.8428458 137.582855 -2.97615671 0.684499323 140.05748 -1.71799447e-15 2.97180629 139.300461 -1.6569829 2.82353306 140.523392 -1.23301959 2.72339034 137.795822 -2.16030002 2.59527659 139.300461 -1.6569829 2.82353306 138.492615 -0.967531741 2.96321201 138.926498 -3.08359456 0.934432447 139.714111 -2.61381507 2.12747359 138.339996 -2.94657803 1.8428458 139.300461 -1.6569829 2.82353306 137.795822 -2.16030002 2.59527659 139.714111 -2.61381507 2.12747359 138.695663 -1.75188796e-15 3.0196929 137.335007 -1.69718721e-15 2.94182134 138.492615 -0.967531741 2.96321201 136.296097 -2.20835805 2.3901186 137.795822 -2.16030002 2.59527659 137.06546 -1.15370011 2.84220028 137.795822 -2.16030002 2.59527659 138.492615 -0.967531741 2.96321201 137.06546 -1.15370011 2.84220028 136.296097 -2.20835805 2.3901186 136.901215 -2.95030284 1.6084795 137.795822 -2.16030002 2.59527659 138.339996 -2.94657803 1.8428458 137.795822 -2.16030002 2.59527659 136.901215 -2.95030284 1.6084795 138.339996 -2.94657803 1.8428458 139.714111 -2.61381507 2.12747359 137.795822 -2.16030002 2.59527659 140.05748 -1.71799447e-15 2.97180629 138.492615 -0.967531741 2.96321201 139.300461 -1.6569829 2.82353306 136.901215 -2.95030284 1.6084795 137.582855 -2.97615671 0.684499323 138.339996 -2.94657803 1.8428458 137.582855 -2.97615671 0.684499323 136.901215 -2.95030284 1.6084795 136.149704 -2.59730101 0.445681363 140.103027 -2.86180067 1.08072937 141.073349 -2.14525604 1.6332345 139.714111 -2.61381507 2.12747359 139.714111 -2.61381507 2.12747359 138.926498 -3.08359456 0.934432447 140.103027 -2.86180067 1.08072937 140.758499 -2.01038241 0.209431067 140.103027 -2.86180067 1.08072937 139.575424 -2.50604105 0.0708725452 141.073349 -2.14525604 1.6332345 141.587418 -0.977000177 2.01416016 140.523392 -1.23301959 2.72339034 140.103027 -2.86180067 1.08072937 140.758499 -2.01038241 0.209431067 141.073349 -2.14525604 1.6332345 150.366379 -1.12130141 -16.1465588 150.366379 1.12130141 -16.1465588 151.826584 1.29986472e-14 -16.1747036 150.366379 1.12130141 -16.1465588 148.319901 0.113836236 -16.0879002 148.954895 1.95629096 -16.1087723 141.587418 -0.977000177 2.01416016 141.332443 -2.43091108e-15 2.48525834 140.523392 -1.23301959 2.72339034 141.332443 -2.43091108e-15 2.48525834 141.587418 -0.977000177 2.01416016 142.021317 -1.26694403e-15 1.07761252 140.758499 -2.01038241 0.209431067 141.706284 -1.30631948 0.891689956 141.073349 -2.14525604 1.6332345 135.376251 -2.75279307 1.37336767 134.774475 -2.18172598 0.385964632 136.149704 -2.59730101 0.445681363 136.349625 -1.50091088 -0.506438196 136.20343 -0.722940803 -1.40520251 137.206955 -0.827376842 -1.15622461 137.206955 -0.827376842 -1.15622461 138.271912 -0.528059065 -1.46500897 138.061249 -1.3969171 -0.683940887 137.150848 -2.11531067 -0.207914233 136.349625 -1.50091088 -0.506438196 138.061249 -1.3969171 -0.683940887 138.061249 -1.3969171 -0.683940887 138.271912 -0.528059065 -1.46500897 139.087677 -0.877528846 -0.929956853 137.206955 -0.827376842 -1.15622461 137.379608 -0.438873202 -2.3998754 138.271912 -0.528059065 -1.46500897 138.271912 -0.528059065 -1.46500897 138.523895 -0.317806125 -2.39671087 139.834076 -0.296262234 -1.51805186 139.087677 -0.877528846 -0.929956853 138.271912 -0.528059065 -1.46500897 139.834076 -0.296262234 -1.51805186 138.437408 -0.664808571 -5.81299543 139.849014 -0.329166025 -4.97399426 138.199677 -0.513014674 -4.4654994 139.793732 -2.46547651 -11.4977884 142.122269 -1.93580449 -11.9313536 141.395828 -1.48655427 -10.6615047 140.930634 -3.02480888 -12.9655218 142.122269 -1.93580449 -11.9313536 139.793732 -2.46547651 -11.4977884 141.323593 -4.81813717 -15.746295 143.945328 -3.99811673 -15.8966856 142.256424 -3.65767002 -14.5653782 141.23877 2.50516347e-15 -3.48376966 141.150818 1.6026506e-15 -2.39237666 140.910431 -0.128646642 -3.57064891 140.779449 -0.103933923 -2.39242673 140.910431 -0.128646642 -3.57064891 141.150818 1.6026506e-15 -2.39237666 146.021713 -0.466608375 -12.3126898 145.004868 7.94219342e-15 -10.7398558 144.134903 -1.32950974 -12.1889029 146.021713 -0.466608375 -12.3126898 144.134903 -1.32950974 -12.1889029 145.900467 -1.44903886 -13.5694523 146.369583 8.91092975e-15 -12.1147346 145.004868 7.94219342e-15 -10.7398558 146.021713 -0.466608375 -12.3126898 150.366379 -1.12130141 -16.1465588 149.63205 1.07291851e-14 -14.6951809 148.946976 -0.933093429 -15.0337534 129.185852 -1.99528062 -3.88448238 128.218964 -2.42516899 -4.50004911 129.779114 -2.45735526 -5.45717907 134.559753 -1.24200487 -5.02916718 133.224701 -1.43857932 -4.71800041 133.457687 -1.81837082 -6.2141552 133.457687 -1.81837082 -6.2141552 131.783188 -1.9901948 -5.48527908 132.434662 -2.49705958 -7.38691282 134.458771 -2.15426493 -7.86555481 133.457687 -1.81837082 -6.2141552 132.434662 -2.49705958 -7.38691282 135.123245 -1.4994266 -6.45485687 133.457687 -1.81837082 -6.2141552 134.458771 -2.15426493 -7.86555481 134.559753 -1.24200487 -5.02916718 135.123245 -1.4994266 -6.45485687 135.963196 -1.02901769 -5.31466818 135.892181 -2.30753994 -9.09435463 136.307053 -1.56939328 -7.5568943 134.458771 -2.15426493 -7.86555481 134.716782 -4.13323545 -11.6253395 132.725861 -4.07144213 -10.6428766 133.636368 -5.40722418 -13.1186895 134.716782 -4.13323545 -11.6253395 136.931076 -3.26904917 -11.3190823 134.850464 -3.12103963 -10.0689774 137.429153 -2.05690575 -9.46133232 136.931076 -3.26904917 -11.3190823 138.596085 -2.17336416 -10.343874 133.636368 -5.40722418 -13.1186895 136.171341 -4.78905582 -13.2669964 134.716782 -4.13323545 -11.6253395 136.171341 -4.78905582 -13.2669964 138.602158 -3.58406949 -12.6089554 136.931076 -3.26904917 -11.3190823 129.415466 -0.956233621 1.46239901 128.993195 -7.74084988e-16 1.63011515 128.265945 -0.492547393 0.741329968 130.278702 -1.17549837 1.56649387 129.415466 -0.956233621 1.46239901 130.019287 -0.736988246 0.416113347 130.986877 -1.0669713 0.447681606 130.019287 -0.736988246 0.416113347 130.730667 -0.670362651 -0.555967331 131.547791 -1.76354337 1.10262108 131.240616 -0.852414668 1.95690894 130.278702 -1.17549837 1.56649387 131.847885 -0.869205832 -0.153435379 132.452194 -1.52132702 0.440342158 130.986877 -1.0669713 0.447681606 134.033524 -2.43400407 1.02981317 134.029602 -2.03511715 2.00966287 132.86087 -2.13299966 1.34327793 135.130051 -2.00019169 2.29916167 135.80188 -1.06181002 2.70936155 134.435562 -1.02306843 2.51167178 133.215057 -1.11835873 2.27714539 132.86087 -2.13299966 1.34327793 134.029602 -2.03511715 2.00966287 134.033524 -2.43400407 1.02981317 135.376251 -2.75279307 1.37336767 134.029602 -2.03511715 2.00966287 130.730667 -0.670362651 -0.555967331 131.938065 -0.794534743 -1.15236413 131.847885 -0.869205832 -0.153435379 134.268692 -1.19625604 -0.405803502 134.774475 -2.18172598 0.385964632 133.548889 -1.65672302 0.265827388 133.548889 -1.65672302 0.265827388 133.053787 -0.937266111 -0.50986886 134.268692 -1.19625604 -0.405803502 135.337708 -1.55560899 -0.294360399 135.207214 -0.835698128 -1.20586789 136.349625 -1.50091088 -0.506438196 140.131973 -4.21337223 -14.2848682 138.002197 -4.78849411 -14.103179 138.555664 -5.58552456 -15.5560341 140.474182 -0.120117001 -15.6900692 140.296158 2.15882134 -15.6782818 142.878815 2.10429668 -15.8385191 116.79882 1.82145429 -13.4606066 119.141624 -1.14400315 -13.680048 114.997177 -1.93552232 -13.3045464 112.833687 1.62454104 -13.1304235 114.997177 -1.93552232 -13.3045464 110.57325 -1.97126961 -12.959692 </float_array>
          <technique_common>
            <accessor count="9540" offset="0" source="#PRO2STL_1-positions-array" stride="3">
              <param name="X" type="float" />
              <param name="Y" type="float" />
              <param name="Z" type="float" />
            </accessor>
          </technique_common>
        </source>
        <source id="PRO2STL_1-normals" name="PRO2STL_1-normals">
          <float_array id="PRO2STL_1-normals-array" count="28620"> -0.00971900579 -0.000188292426 -0.999952734 -0.00971900579 -0.000188292426 -0.999952734 -0.00971900579 -0.000188292426 -0.999952734 -0.0324084349 2.01781735e-15 -0.999474704 -0.0324084349 2.01781735e-15 -0.999474704 -0.0324084349 2.01781735e-15 -0.999474704 -0.0689448416 0.0010264127 -0.997619927 -0.0689448416 0.0010264127 -0.997619927 -0.0689448416 0.0010264127 -0.997619927 0.0471452847 0.00137236994 -0.998887122 0.0471452847 0.00137236994 -0.998887122 0.0471452847 0.00137236994 -0.998887122 -0.0293695871 0.00141187536 -0.999567628 -0.0293695871 0.00141187536 -0.999567628 -0.0293695871 0.00141187536 -0.999567628 -0.0705980435 0.000753687869 -0.997504532 -0.0705980435 0.000753687869 -0.997504532 -0.0705980435 0.000753687869 -0.997504532 -0.0436589867 -0.000164960016 -0.999046504 -0.0436589867 -0.000164960016 -0.999046504 -0.0436589867 -0.000164960016 -0.999046504 -0.0734249428 -0.00119516696 -0.997300029 -0.0734249428 -0.00119516696 -0.997300029 -0.0734249428 -0.00119516696 -0.997300029 -0.0324084349 -1.58476807e-16 -0.999474704 -0.0324084349 -1.58476807e-16 -0.999474704 -0.0324084349 -1.58476807e-16 -0.999474704 0.00337032625 -0.000224657488 -0.999994278 0.00337032625 -0.000224657488 -0.999994278 0.00337032625 -0.000224657488 -0.999994278 0.0202461053 -0.000942632905 -0.999794602 0.0202461053 -0.000942632905 -0.999794602 0.0202461053 -0.000942632905 -0.999794602 -0.0360511541 -0.000326632988 -0.999349892 -0.0360511541 -0.000326632988 -0.999349892 -0.0360511541 -0.000326632988 -0.999349892 -0.0244141426 0.000170203624 -0.999701917 -0.0244141426 0.000170203624 -0.999701917 -0.0244141426 0.000170203624 -0.999701917 -0.0262415465 0.000393845607 -0.999655545 -0.0262415465 0.000393845607 -0.999655545 -0.0262415465 0.000393845607 -0.999655545 -0.0316754654 -0.00123639021 -0.999497414 -0.0316754654 -0.00123639021 -0.999497414 -0.0316754654 -0.00123639021 -0.999497414 -0.0688251257 -0.00109490519 -0.997628152 -0.0688251257 -0.00109490519 -0.997628152 -0.0688251257 -0.00109490519 -0.997628152 -0.0410697646 -0.00025811579 -0.999156237 -0.0410697646 -0.00025811579 -0.999156237 -0.0410697646 -0.00025811579 -0.999156237 -0.0419861004 0.000218027402 -0.999118149 -0.0419861004 0.000218027402 -0.999118149 -0.0419861004 0.000218027402 -0.999118149 -0.00522581628 0.000131829613 -0.999986351 -0.00522581628 0.000131829613 -0.999986351 -0.00522581628 0.000131829613 -0.999986351 -0.0596924536 -0.00149665249 -0.998215675 -0.0596924536 -0.00149665249 -0.998215675 -0.0596924536 -0.00149665249 -0.998215675 -0.0571920238 0.000744245306 -0.998362899 -0.0571920238 0.000744245306 -0.998362899 -0.0571920238 0.000744245306 -0.998362899 -0.0435855128 0.000143054349 -0.999049664 -0.0435855128 0.000143054349 -0.999049664 -0.0435855128 0.000143054349 -0.999049664 -0.0176392049 0.000960103003 -0.999843955 -0.0176392049 0.000960103003 -0.999843955 -0.0176392049 0.000960103003 -0.999843955 -0.0623017363 0.000672324211 -0.998057127 -0.0623017363 0.000672324211 -0.998057127 -0.0623017363 0.000672324211 -0.998057127 -0.0421331413 -0.000125031322 -0.99911201 -0.0421331413 -0.000125031322 -0.99911201 -0.0421331413 -0.000125031322 -0.99911201 -0.0375297889 -0.000388502056 -0.999295413 -0.0375297889 -0.000388502056 -0.999295413 -0.0375297889 -0.000388502056 -0.999295413 -0.042177368 5.19889873e-05 -0.999110162 -0.042177368 5.19889873e-05 -0.999110162 -0.042177368 5.19889873e-05 -0.999110162 0.046270553 -0.00928361621 -0.99888581 0.046270553 -0.00928361621 -0.99888581 0.046270553 -0.00928361621 -0.99888581 -0.037441954 5.40162864e-06 -0.999298811 -0.037441954 5.40162864e-06 -0.999298811 -0.037441954 5.40162864e-06 -0.999298811 -0.0260676108 -0.000665789703 -0.999659956 -0.0260676108 -0.000665789703 -0.999659956 -0.0260676108 -0.000665789703 -0.999659956 0.0203491468 0.000181371244 -0.999792933 0.0203491468 0.000181371244 -0.999792933 0.0203491468 0.000181371244 -0.999792933 -0.014290873 0.000737056951 -0.999897599 -0.014290873 0.000737056951 -0.999897599 -0.014290873 0.000737056951 -0.999897599 -0.0432321206 0.000182281394 -0.999065042 -0.0432321206 0.000182281394 -0.999065042 -0.0432321206 0.000182281394 -0.999065042 0.0301993731 0.990586579 0.133514807 0.0301993731 0.990586579 0.133514807 0.0301993731 0.990586579 0.133514807 0.0209424254 0.000403231155 -0.999780595 0.0209424254 0.000403231155 -0.999780595 0.0209424254 0.000403231155 -0.999780595 0.00228409329 1.92300514e-15 -0.999997377 0.00228409329 1.92300514e-15 -0.999997377 0.00228409329 1.92300514e-15 -0.999997377 -0.0246261992 0.00056719617 -0.999696553 -0.0246261992 0.00056719617 -0.999696553 -0.0246261992 0.00056719617 -0.999696553 -0.100030594 -0.000300069078 -0.994984329 -0.100030594 -0.000300069078 -0.994984329 -0.100030594 -0.000300069078 -0.994984329 -0.00261233514 0.000777147536 -0.999996305 -0.00261233514 0.000777147536 -0.999996305 -0.00261233514 0.000777147536 -0.999996305 0.0335039198 0.000628365087 -0.999438405 0.0335039198 0.000628365087 -0.999438405 0.0335039198 0.000628365087 -0.999438405 -0.0459099673 0.000177132388 -0.998945594 -0.0459099673 0.000177132388 -0.998945594 -0.0459099673 0.000177132388 -0.998945594 -0.0706462115 -0.000703586731 -0.997501194 -0.0706462115 -0.000703586731 -0.997501194 -0.0706462115 -0.000703586731 -0.997501194 -0.0359970294 -0.000203024945 -0.999351859 -0.0359970294 -0.000203024945 -0.999351859 -0.0359970294 -0.000203024945 -0.999351859 -0.0326412432 -0.000433889945 -0.999467015 -0.0326412432 -0.000433889945 -0.999467015 -0.0326412432 -0.000433889945 -0.999467015 -0.0324084349 4.26321423e-16 -0.999474704 -0.0324084349 4.26321423e-16 -0.999474704 -0.0324084349 4.26321423e-16 -0.999474704 -0.0364775695 -0.000725584046 -0.999334216 -0.0364775695 -0.000725584046 -0.999334216 -0.0364775695 -0.000725584046 -0.999334216 -0.0446423627 0.000319179031 -0.999002993 -0.0446423627 0.000319179031 -0.999002993 -0.0446423627 0.000319179031 -0.999002993 0.0472422652 -0.00141045579 -0.998882473 0.0472422652 -0.00141045579 -0.998882473 0.0472422652 -0.00141045579 -0.998882473 -0.00763316453 -0.000284077687 -0.999970853 -0.00763316453 -0.000284077687 -0.999970853 -0.00763316453 -0.000284077687 -0.999970853 -0.0324084349 3.1283398e-15 -0.999474704 -0.0324084349 3.1283398e-15 -0.999474704 -0.0324084349 3.1283398e-15 -0.999474704 -0.0860711858 -0.00134770665 -0.996288061 -0.0860711858 -0.00134770665 -0.996288061 -0.0860711858 -0.00134770665 -0.996288061 -0.954027832 -0.187722385 0.233647704 -0.954027832 -0.187722385 0.233647704 -0.954027832 -0.187722385 0.233647704 -0.0623651147 0.000495886721 -0.998053253 -0.0623651147 0.000495886721 -0.998053253 -0.0623651147 0.000495886721 -0.998053253 -0.0362009965 -7.17907096e-05 -0.999344528 -0.0362009965 -7.17907096e-05 -0.999344528 -0.0362009965 -7.17907096e-05 -0.999344528 -0.0376048014 0.000870253134 -0.999292314 -0.0376048014 0.000870253134 -0.999292314 -0.0376048014 0.000870253134 -0.999292314 -0.011790093 0.00139233551 -0.999929547 -0.011790093 0.00139233551 -0.999929547 -0.011790093 0.00139233551 -0.999929547 0.0149210058 0.000348376634 -0.999888599 0.0149210058 0.000348376634 -0.999888599 0.0149210058 0.000348376634 -0.999888599 -0.0478789359 -0.000481887429 -0.998853028 -0.0478789359 -0.000481887429 -0.998853028 -0.0478789359 -0.000481887429 -0.998853028 0.149126425 0.922286808 0.356578648 0.149126425 0.922286808 0.356578648 0.149126425 0.922286808 0.356578648 -0.0661911294 0.000825030438 -0.997806609 -0.0661911294 0.000825030438 -0.997806609 -0.0661911294 0.000825030438 -0.997806609 -0.0462254547 -0.000259079883 -0.998930991 -0.0462254547 -0.000259079883 -0.998930991 -0.0462254547 -0.000259079883 -0.998930991 -0.0399671234 0.000171187377 -0.999201 -0.0399671234 0.000171187377 -0.999201 -0.0399671234 0.000171187377 -0.999201 -0.0786490887 0.00124154333 -0.996901572 -0.0786490887 0.00124154333 -0.996901572 -0.0786490887 0.00124154333 -0.996901572 -0.11371576 0.790936887 0.60123837 -0.11371576 0.790936887 0.60123837 -0.11371576 0.790936887 0.60123837 -0.0500504225 -0.97836864 0.200723052 -0.0500504225 -0.97836864 0.200723052 -0.0500504225 -0.97836864 0.200723052 0.00433762791 0.00143154757 -0.999989569 0.00433762791 0.00143154757 -0.999989569 0.00433762791 0.00143154757 -0.999989569 -0.0440742299 0.000243105547 -0.999028206 -0.0440742299 0.000243105547 -0.999028206 -0.0440742299 0.000243105547 -0.999028206 -0.0313671753 0.000930918439 -0.999507487 -0.0313671753 0.000930918439 -0.999507487 -0.0313671753 0.000930918439 -0.999507487 -0.0305715818 0.00171445915 -0.99953109 -0.0305715818 0.00171445915 -0.99953109 -0.0305715818 0.00171445915 -0.99953109 -0.0535090119 0.000995099195 -0.998566866 -0.0535090119 0.000995099195 -0.998566866 -0.0535090119 0.000995099195 -0.998566866 -0.0260002203 0.000871535565 -0.999661565 -0.0260002203 0.000871535565 -0.999661565 -0.0260002203 0.000871535565 -0.999661565 -0.0312406048 -0.000419065473 -0.999511778 -0.0312406048 -0.000419065473 -0.999511778 -0.0312406048 -0.000419065473 -0.999511778 0.0247687735 0.00013618845 -0.999693215 0.0247687735 0.00013618845 -0.999693215 0.0247687735 0.00013618845 -0.999693215 -0.0238774493 -0.000524582632 -0.999714732 -0.0238774493 -0.000524582632 -0.999714732 -0.0238774493 -0.000524582632 -0.999714732 0.0457583256 0.00267769094 -0.998948932 0.0457583256 0.00267769094 -0.998948932 0.0457583256 0.00267769094 -0.998948932 0.380945802 0.699294686 0.604869604 0.380945802 0.699294686 0.604869604 0.380945802 0.699294686 0.604869604 0.00336000766 0.000808978337 -0.99999404 0.00336000766 0.000808978337 -0.99999404 0.00336000766 0.000808978337 -0.99999404 -0.00939897355 0.000949918933 -0.999955356 -0.00939897355 0.000949918933 -0.999955356 -0.00939897355 0.000949918933 -0.999955356 0.0103364177 -0.000224003525 -0.999946535 0.0103364177 -0.000224003525 -0.999946535 0.0103364177 -0.000224003525 -0.999946535 -0.0447770618 -0.000343049498 -0.998996973 -0.0447770618 -0.000343049498 -0.998996973 -0.0447770618 -0.000343049498 -0.998996973 -0.964663923 0.0522040352 0.258260071 -0.964663923 0.0522040352 0.258260071 -0.964663923 0.0522040352 0.258260071 -0.0998331532 -0.000489336555 -0.995004058 -0.0998331532 -0.000489336555 -0.995004058 -0.0998331532 -0.000489336555 -0.995004058 -0.0989960805 0.000329994364 -0.995087743 -0.0989960805 0.000329994364 -0.995087743 -0.0989960805 0.000329994364 -0.995087743 -0.0454207174 0.00040681535 -0.998967886 -0.0454207174 0.00040681535 -0.998967886 -0.0454207174 0.00040681535 -0.998967886 0.0417513326 -3.17628837e-06 -0.999128044 0.0417513326 -3.17628837e-06 -0.999128044 0.0417513326 -3.17628837e-06 -0.999128044 0.225440532 -0.851703405 0.473051697 0.225440532 -0.851703405 0.473051697 0.225440532 -0.851703405 0.473051697 -0.0178923011 0.000498326262 -0.999839783 -0.0178923011 0.000498326262 -0.999839783 -0.0178923011 0.000498326262 -0.999839783 -0.0411769785 0.000123465477 -0.999151886 -0.0411769785 0.000123465477 -0.999151886 -0.0411769785 0.000123465477 -0.999151886 -0.0991659909 0.00101978588 -0.995070398 -0.0991659909 0.00101978588 -0.995070398 -0.0991659909 0.00101978588 -0.995070398 -0.104750834 -0.00237973849 -0.99449563 -0.104750834 -0.00237973849 -0.99449563 -0.104750834 -0.00237973849 -0.99449563 0.00316492026 -0.000758792623 -0.999994695 0.00316492026 -0.000758792623 -0.999994695 0.00316492026 -0.000758792623 -0.999994695 -0.0612488352 0.000235705083 -0.998122513 -0.0612488352 0.000235705083 -0.998122513 -0.0612488352 0.000235705083 -0.998122513 -0.0991195738 -0.000387928303 -0.995075464 -0.0991195738 -0.000387928303 -0.995075464 -0.0991195738 -0.000387928303 -0.995075464 -0.0436158068 7.61891279e-05 -0.999048352 -0.0436158068 7.61891279e-05 -0.999048352 -0.0436158068 7.61891279e-05 -0.999048352 0.0103373732 0.000202991854 -0.999946535 0.0103373732 0.000202991854 -0.999946535 0.0103373732 0.000202991854 -0.999946535 -0.0557996258 -0.000821419642 -0.998441637 -0.0557996258 -0.000821419642 -0.998441637 -0.0557996258 -0.000821419642 -0.998441637 -0.0598565154 0.0016072588 -0.998205721 -0.0598565154 0.0016072588 -0.998205721 -0.0598565154 0.0016072588 -0.998205721 -0.0729176253 0.00269547547 -0.997334301 -0.0729176253 0.00269547547 -0.997334301 -0.0729176253 0.00269547547 -0.997334301 -0.96607089 0.0484984592 0.253682822 -0.96607089 0.0484984592 0.253682822 -0.96607089 0.0484984592 0.253682822 -0.0718851388 0.00089458999 -0.997412503 -0.0718851388 0.00089458999 -0.997412503 -0.0718851388 0.00089458999 -0.997412503 0.015289492 0.000214370855 -0.999883115 0.015289492 0.000214370855 -0.999883115 0.015289492 0.000214370855 -0.999883115 -0.100296602 0.000278557709 -0.994957566 -0.100296602 0.000278557709 -0.994957566 -0.100296602 0.000278557709 -0.994957566 0.0234581698 -0.00103977649 -0.999724269 0.0234581698 -0.00103977649 -0.999724269 0.0234581698 -0.00103977649 -0.999724269 -0.0804015845 -0.00211994653 -0.996760309 -0.0804015845 -0.00211994653 -0.996760309 -0.0804015845 -0.00211994653 -0.996760309 -0.0491743535 -0.000500185648 -0.998790085 -0.0491743535 -0.000500185648 -0.998790085 -0.0491743535 -0.000500185648 -0.998790085 0.0886263326 -0.952142775 0.292522728 0.0886263326 -0.952142775 0.292522728 0.0886263326 -0.952142775 0.292522728 0.134483665 -0.888025939 0.439686328 0.134483665 -0.888025939 0.439686328 0.134483665 -0.888025939 0.439686328 0.00289540854 -9.70268666e-05 -0.999995828 0.00289540854 -9.70268666e-05 -0.999995828 0.00289540854 -9.70268666e-05 -0.999995828 -0.0534617677 -0.000677842239 -0.998569667 -0.0534617677 -0.000677842239 -0.998569667 -0.0534617677 -0.000677842239 -0.998569667 -0.0733983964 0.00113077497 -0.997302055 -0.0733983964 0.00113077497 -0.997302055 -0.0733983964 0.00113077497 -0.997302055 -0.0052507096 0.000185651879 -0.999986172 -0.0052507096 0.000185651879 -0.999986172 -0.0052507096 0.000185651879 -0.999986172 -0.0830643028 0.00162251282 -0.996542871 -0.0830643028 0.00162251282 -0.996542871 -0.0830643028 0.00162251282 -0.996542871 -0.0491346717 0.000535349071 -0.998791993 -0.0491346717 0.000535349071 -0.998791993 -0.0491346717 0.000535349071 -0.998791993 -0.100042969 0.000457624177 -0.994983017 -0.100042969 0.000457624177 -0.994983017 -0.100042969 0.000457624177 -0.994983017 0.0184660219 0.000442468736 -0.999829412 0.0184660219 0.000442468736 -0.999829412 0.0184660219 0.000442468736 -0.999829412 -0.0178846586 -0.000290604337 -0.999840021 -0.0178846586 -0.000290604337 -0.999840021 -0.0178846586 -0.000290604337 -0.999840021 0.0108753843 -0.000376261742 -0.999940813 0.0108753843 -0.000376261742 -0.999940813 0.0108753843 -0.000376261742 -0.999940813 -0.311828971 -0.678573132 0.665057242 -0.311828971 -0.678573132 0.665057242 -0.311828971 -0.678573132 0.665057242 0.0309548117 -0.000798970752 -0.999520481 0.0309548117 -0.000798970752 -0.999520481 0.0309548117 -0.000798970752 -0.999520481 0.00888989121 -8.6531436e-05 -0.999960482 0.00888989121 -8.6531436e-05 -0.999960482 0.00888989121 -8.6531436e-05 -0.999960482 -0.0413009711 -3.56643591e-06 -0.99914676 -0.0413009711 -3.56643591e-06 -0.99914676 -0.0413009711 -3.56643591e-06 -0.99914676 -0.066415675 -0.000668507186 -0.997791827 -0.066415675 -0.000668507186 -0.997791827 -0.066415675 -0.000668507186 -0.997791827 -0.0415242836 0.000150358654 -0.999137461 -0.0415242836 0.000150358654 -0.999137461 -0.0415242836 0.000150358654 -0.999137461 -0.0415940396 -8.5569729e-05 -0.9991346 -0.0415940396 -8.5569729e-05 -0.9991346 -0.0415940396 -8.5569729e-05 -0.9991346 -0.0615365617 -0.000649132882 -0.998104632 -0.0615365617 -0.000649132882 -0.998104632 -0.0615365617 -0.000649132882 -0.998104632 -0.00785637088 0.000382884842 -0.999969065 -0.00785637088 0.000382884842 -0.999969065 -0.00785637088 0.000382884842 -0.999969065 -0.153785899 -0.538098752 0.828733742 -0.153785899 -0.538098752 0.828733742 -0.153785899 -0.538098752 0.828733742 0.0205931906 -0.00011046388 -0.999787927 0.0205931906 -0.00011046388 -0.999787927 0.0205931906 -0.00011046388 -0.999787927 -0.0366179645 -0.000619754719 -0.99932915 -0.0366179645 -0.000619754719 -0.99932915 -0.0366179645 -0.000619754719 -0.99932915 -0.0777035505 -0.00156563567 -0.996975303 -0.0777035505 -0.00156563567 -0.996975303 -0.0777035505 -0.00156563567 -0.996975303 -0.0280672479 -0.000729029183 -0.999605775 -0.0280672479 -0.000729029183 -0.999605775 -0.0280672479 -0.000729029183 -0.999605775 0.015135305 -5.60467197e-05 -0.99988544 0.015135305 -5.60467197e-05 -0.99988544 0.015135305 -5.60467197e-05 -0.99988544 -0.0951684266 0.00144811522 -0.995460153 -0.0951684266 0.00144811522 -0.995460153 -0.0951684266 0.00144811522 -0.995460153 -0.0666207895 0.000610418676 -0.997778177 -0.0666207895 0.000610418676 -0.997778177 -0.0666207895 0.000610418676 -0.997778177 0.0111319683 0.0012540333 -0.999937236 0.0111319683 0.0012540333 -0.999937236 0.0111319683 0.0012540333 -0.999937236 -0.10481865 0.00263107056 -0.994487882 -0.10481865 0.00263107056 -0.994487882 -0.10481865 0.00263107056 -0.994487882 -0.0163559187 0.979032576 0.203046069 -0.0163559187 0.979032576 0.203046069 -0.0163559187 0.979032576 0.203046069 -0.0441331565 0.000189854181 -0.999025643 -0.0441331565 0.000189854181 -0.999025643 -0.0441331565 0.000189854181 -0.999025643 -0.0433629714 -0.000208556696 -0.999059379 -0.0433629714 -0.000208556696 -0.999059379 -0.0433629714 -0.000208556696 -0.999059379 -0.925044119 0.288052976 0.247626528 -0.925044119 0.288052976 0.247626528 -0.925044119 0.288052976 0.247626528 -0.0373551212 -4.83268666e-16 -0.99930203 -0.0373551212 -4.83268666e-16 -0.99930203 -0.0373551212 -4.83268666e-16 -0.99930203 -0.0389834829 0.000596350001 -0.999239683 -0.0389834829 0.000596350001 -0.999239683 -0.0389834829 0.000596350001 -0.999239683 -0.0962818712 -0.00241071824 -0.995351195 -0.0962818712 -0.00241071824 -0.995351195 -0.0962818712 -0.00241071824 -0.995351195 -0.101608165 -0.00180735486 -0.99482286 -0.101608165 -0.00180735486 -0.99482286 -0.101608165 -0.00180735486 -0.99482286 0.0401985869 0.00218105875 -0.999189317 0.0401985869 0.00218105875 -0.999189317 0.0401985869 0.00218105875 -0.999189317 -0.0204128008 -1.40149641e-05 -0.999791622 -0.0204128008 -1.40149641e-05 -0.999791622 -0.0204128008 -1.40149641e-05 -0.999791622 0.0235416461 0.00109941128 -0.999722242 0.0235416461 0.00109941128 -0.999722242 0.0235416461 0.00109941128 -0.999722242 -0.0508685671 0.000783435593 -0.998705029 -0.0508685671 0.000783435593 -0.998705029 -0.0508685671 0.000783435593 -0.998705029 -0.0324084349 -5.82398414e-16 -0.999474704 -0.0324084349 -5.82398414e-16 -0.999474704 -0.0324084349 -5.82398414e-16 -0.999474704 -0.0829034075 -0.00163971435 -0.996556222 -0.0829034075 -0.00163971435 -0.996556222 -0.0829034075 -0.00163971435 -0.996556222 -0.0123312986 -0.986642182 0.162434876 -0.0123312986 -0.986642182 0.162434876 -0.0123312986 -0.986642182 0.162434876 -0.105371349 -0.00370464753 -0.994426072 -0.105371349 -0.00370464753 -0.994426072 -0.105371349 -0.00370464753 -0.994426072 0.0266409852 0.000245942123 -0.999645054 0.0266409852 0.000245942123 -0.999645054 0.0266409852 0.000245942123 -0.999645054 -0.0444403924 0.966993988 0.250893682 -0.0444403924 0.966993988 0.250893682 -0.0444403924 0.966993988 0.250893682 -0.289430052 -0.426108539 0.85712409 -0.289430052 -0.426108539 0.85712409 -0.289430052 -0.426108539 0.85712409 -0.0324084349 1.77366995e-15 -0.999474704 -0.0324084349 1.77366995e-15 -0.999474704 -0.0324084349 1.77366995e-15 -0.999474704 -0.951925695 0.187310457 0.242388546 -0.951925695 0.187310457 0.242388546 -0.951925695 0.187310457 0.242388546 -0.0402611159 0.000299183564 -0.999189138 -0.0402611159 0.000299183564 -0.999189138 -0.0402611159 0.000299183564 -0.999189138 -0.953737795 -0.136862725 0.267680436 -0.953737795 -0.136862725 0.267680436 -0.953737795 -0.136862725 0.267680436 -0.924851477 -0.29198122 0.243714407 -0.924851477 -0.29198122 0.243714407 -0.924851477 -0.29198122 0.243714407 0.0264964793 -0.00134738779 -0.999647975 0.0264964793 -0.00134738779 -0.999647975 0.0264964793 -0.00134738779 -0.999647975 0.0362080038 0.989684701 0.138611481 0.0362080038 0.989684701 0.138611481 0.0362080038 0.989684701 0.138611481 -0.964860499 0.0683117807 0.253727674 -0.964860499 0.0683117807 0.253727674 -0.964860499 0.0683117807 0.253727674 0.00699637784 0.000779288937 -0.999975204 0.00699637784 0.000779288937 -0.999975204 0.00699637784 0.000779288937 -0.999975204 -0.0473570935 -0.000337028498 -0.998877943 -0.0473570935 -0.000337028498 -0.998877943 -0.0473570935 -0.000337028498 -0.998877943 0.0336970352 -0.00022966144 -0.999432087 0.0336970352 -0.00022966144 -0.999432087 0.0336970352 -0.00022966144 -0.999432087 -0.0377824195 0.000231759725 -0.999285936 -0.0377824195 0.000231759725 -0.999285936 -0.0377824195 0.000231759725 -0.999285936 -0.0488323607 -0.00130614999 -0.998806119 -0.0488323607 -0.00130614999 -0.998806119 -0.0488323607 -0.00130614999 -0.998806119 0.0436705165 -0.000930447131 -0.999045551 0.0436705165 -0.000930447131 -0.999045551 0.0436705165 -0.000930447131 -0.999045551 0.0416296534 9.66671057e-16 -0.99913311 0.0416296534 9.66671057e-16 -0.99913311 0.0416296534 9.66671057e-16 -0.99913311 0.0418518335 -0.00146694633 -0.999122739 0.0418518335 -0.00146694633 -0.999122739 0.0418518335 -0.00146694633 -0.999122739 0.0205928832 -0.000317990198 -0.999787867 0.0205928832 -0.000317990198 -0.999787867 0.0205928832 -0.000317990198 -0.999787867 -0.098110266 0.00106077339 -0.995175004 -0.098110266 0.00106077339 -0.995175004 -0.098110266 0.00106077339 -0.995175004 0.00296741398 0.00114384887 -0.999994934 0.00296741398 0.00114384887 -0.999994934 0.00296741398 0.00114384887 -0.999994934 -0.0348958783 0.000893587887 -0.999390543 -0.0348958783 0.000893587887 -0.999390543 -0.0348958783 0.000893587887 -0.999390543 -0.0231740326 -0.000383196224 -0.999731362 -0.0231740326 -0.000383196224 -0.999731362 -0.0231740326 -0.000383196224 -0.999731362 0.0353187919 -0.00213581952 -0.999373794 0.0353187919 -0.00213581952 -0.999373794 0.0353187919 -0.00213581952 -0.999373794 -0.00470423792 0.0014453308 -0.9999879 -0.00470423792 0.0014453308 -0.9999879 -0.00470423792 0.0014453308 -0.9999879 -0.0405987427 -0.000330503623 -0.999175489 -0.0405987427 -0.000330503623 -0.999175489 -0.0405987427 -0.000330503623 -0.999175489 -0.0403677858 7.88695688e-05 -0.999184906 -0.0403677858 7.88695688e-05 -0.999184906 -0.0403677858 7.88695688e-05 -0.999184906 0.00709391246 -0.00093965116 -0.99997437 0.00709391246 -0.00093965116 -0.99997437 0.00709391246 -0.00093965116 -0.99997437 -0.0392642431 -0.000502059818 -0.999228716 -0.0392642431 -0.000502059818 -0.999228716 -0.0392642431 -0.000502059818 -0.999228716 -0.0200342294 -0.000244164461 -0.999799252 -0.0200342294 -0.000244164461 -0.999799252 -0.0200342294 -0.000244164461 -0.999799252 0.0453637838 -0.00225389679 -0.998968005 0.0453637838 -0.00225389679 -0.998968005 0.0453637838 -0.00225389679 -0.998968005 0.00228409329 -3.35488204e-16 -0.999997377 0.00228409329 -3.35488204e-16 -0.999997377 0.00228409329 -3.35488204e-16 -0.999997377 -0.0050459872 0.00129143277 -0.99998641 -0.0050459872 0.00129143277 -0.99998641 -0.0050459872 0.00129143277 -0.99998641 -0.0742598251 -0.00164780358 -0.997237563 -0.0742598251 -0.00164780358 -0.997237563 -0.0742598251 -0.00164780358 -0.997237563 -0.0398888923 1.0928652e-15 -0.999204099 -0.0398888923 1.0928652e-15 -0.999204099 -0.0398888923 1.0928652e-15 -0.999204099 -0.0905563831 0.000318847218 -0.995891273 -0.0905563831 0.000318847218 -0.995891273 -0.0905563831 0.000318847218 -0.995891273 -0.098343648 0.000206839773 -0.995152473 -0.098343648 0.000206839773 -0.995152473 -0.098343648 0.000206839773 -0.995152473 -0.098269403 -0.000920747407 -0.995159447 -0.098269403 -0.000920747407 -0.995159447 -0.098269403 -0.000920747407 -0.995159447 -0.00151074072 0.986718953 0.162429586 -0.00151074072 0.986718953 0.162429586 -0.00151074072 0.986718953 0.162429586 -0.058658082 0.00285489857 -0.998274028 -0.058658082 0.00285489857 -0.998274028 -0.058658082 0.00285489857 -0.998274028 -0.0338982865 0.13961263 0.989625812 -0.0338982865 0.13961263 0.989625812 -0.0338982865 0.13961263 0.989625812 0.0435266756 -0.000987826497 -0.99905175 0.0435266756 -0.000987826497 -0.99905175 0.0435266756 -0.000987826497 -0.99905175 -0.0178847592 -0.000956747506 -0.999839604 -0.0178847592 -0.000956747506 -0.999839604 -0.0178847592 -0.000956747506 -0.999839604 -0.00239991117 0.000143735946 -0.999997139 -0.00239991117 0.000143735946 -0.999997139 -0.00239991117 0.000143735946 -0.999997139 -0.0256734248 -0.000217596476 -0.999670386 -0.0256734248 -0.000217596476 -0.999670386 -0.0256734248 -0.000217596476 -0.999670386 -0.0197844785 -0.00071549596 -0.99980402 -0.0197844785 -0.00071549596 -0.99980402 -0.0197844785 -0.00071549596 -0.99980402 -0.0476672873 -3.35969489e-05 -0.99886328 -0.0476672873 -3.35969489e-05 -0.99886328 -0.0476672873 -3.35969489e-05 -0.99886328 0.0173550695 0.000202883588 -0.999849379 0.0173550695 0.000202883588 -0.999849379 0.0173550695 0.000202883588 -0.999849379 -0.016226653 -0.000591342745 -0.999868155 -0.016226653 -0.000591342745 -0.999868155 -0.016226653 -0.000591342745 -0.999868155 -0.0441146605 -0.000332138065 -0.999026418 -0.0441146605 -0.000332138065 -0.999026418 -0.0441146605 -0.000332138065 -0.999026418 -0.00679340726 -0.000138769654 -0.999976933 -0.00679340726 -0.000138769654 -0.999976933 -0.00679340726 -0.000138769654 -0.999976933 -0.0222840048 0.000729111722 -0.999751389 -0.0222840048 0.000729111722 -0.999751389 -0.0222840048 0.000729111722 -0.999751389 -0.0441652313 -0.000103714192 -0.999024212 -0.0441652313 -0.000103714192 -0.999024212 -0.0441652313 -0.000103714192 -0.999024212 -0.0347738452 0.00144157803 -0.999394178 -0.0347738452 0.00144157803 -0.999394178 -0.0347738452 0.00144157803 -0.999394178 0.0483075306 -0.000179633411 -0.998832464 0.0483075306 -0.000179633411 -0.998832464 0.0483075306 -0.000179633411 -0.998832464 -0.0503964983 3.45306507e-05 -0.998729289 -0.0503964983 3.45306507e-05 -0.998729289 -0.0503964983 3.45306507e-05 -0.998729289 -0.020925846 -0.000287633127 -0.999781013 -0.020925846 -0.000287633127 -0.999781013 -0.020925846 -0.000287633127 -0.999781013 1.15713576e-07 -0.0596657842 0.998218417 1.15713576e-07 -0.0596657842 0.998218417 1.15713576e-07 -0.0596657842 0.998218417 -0.0376224183 -0.0009674147 -0.999291539 -0.0376224183 -0.0009674147 -0.999291539 -0.0376224183 -0.0009674147 -0.999291539 -0.0378161706 6.89261578e-05 -0.999284685 -0.0378161706 6.89261578e-05 -0.999284685 -0.0378161706 6.89261578e-05 -0.999284685 0.307936639 0.762406528 0.56913209 0.307936639 0.762406528 0.56913209 0.307936639 0.762406528 0.56913209 -0.0386259779 -0.000222547562 -0.99925369 -0.0386259779 -0.000222547562 -0.99925369 -0.0386259779 -0.000222547562 -0.99925369 -0.0196359698 0.135562733 0.990574181 -0.0196359698 0.135562733 0.990574181 -0.0196359698 0.135562733 0.990574181 -0.0997609943 0.00223472062 -0.995008945 -0.0997609943 0.00223472062 -0.995008945 -0.0997609943 0.00223472062 -0.995008945 -0.0390595868 -0.000528188539 -0.999236763 -0.0390595868 -0.000528188539 -0.999236763 -0.0390595868 -0.000528188539 -0.999236763 -0.0606683791 -0.00045657446 -0.998157859 -0.0606683791 -0.00045657446 -0.998157859 -0.0606683791 -0.00045657446 -0.998157859 -0.0662939101 -0.000819643377 -0.997799814 -0.0662939101 -0.000819643377 -0.997799814 -0.0662939101 -0.000819643377 -0.997799814 -0.0603337213 -0.0013156794 -0.998177409 -0.0603337213 -0.0013156794 -0.998177409 -0.0603337213 -0.0013156794 -0.998177409 0.0370261408 -0.000898418308 -0.999313891 0.0370261408 -0.000898418308 -0.999313891 0.0370261408 -0.000898418308 -0.999313891 -0.00727044046 -5.97126336e-06 -0.999973595 -0.00727044046 -5.97126336e-06 -0.999973595 -0.00727044046 -5.97126336e-06 -0.999973595 -1.60124713e-07 0.0582351312 0.998302877 -1.60124713e-07 0.0582351312 0.998302877 -1.60124713e-07 0.0582351312 0.998302877 -0.0511064865 -0.00102250604 -0.998692691 -0.0511064865 -0.00102250604 -0.998692691 -0.0511064865 -0.00102250604 -0.998692691 -0.00494228397 0.00108832424 -0.999987185 -0.00494228397 0.00108832424 -0.999987185 -0.00494228397 0.00108832424 -0.999987185 0.00379602355 -0.000100611964 -0.999992788 0.00379602355 -0.000100611964 -0.999992788 0.00379602355 -0.000100611964 -0.999992788 0.0106123472 -0.000892540149 -0.999943316 0.0106123472 -0.000892540149 -0.999943316 0.0106123472 -0.000892540149 -0.999943316 -0.0876600891 0.00263435557 -0.996146977 -0.0876600891 0.00263435557 -0.996146977 -0.0876600891 0.00263435557 -0.996146977 -0.0649896935 -0.000108503271 -0.997885942 -0.0649896935 -0.000108503271 -0.997885942 -0.0649896935 -0.000108503271 -0.997885942 -0.188919693 -0.370816469 0.90928793 -0.188919693 -0.370816469 0.90928793 -0.188919693 -0.370816469 0.90928793 -0.0647282526 0.000453149783 -0.997902811 -0.0647282526 0.000453149783 -0.997902811 -0.0647282526 0.000453149783 -0.997902811 0.195606083 0.834630609 0.514907718 0.195606083 0.834630609 0.514907718 0.195606083 0.834630609 0.514907718 0.495266646 0.606167614 0.622311652 0.495266646 0.606167614 0.622311652 0.495266646 0.606167614 0.622311652 -0.0373791941 -8.71224474e-05 -0.999301136 -0.0373791941 -8.71224474e-05 -0.999301136 -0.0373791941 -8.71224474e-05 -0.999301136 -0.960495174 0.0666644275 0.270194203 -0.960495174 0.0666644275 0.270194203 -0.960495174 0.0666644275 0.270194203 -0.237783775 -0.3190974 0.917407095 -0.237783775 -0.3190974 0.917407095 -0.237783775 -0.3190974 0.917407095 -0.029922042 -0.000483596144 -0.999552131 -0.029922042 -0.000483596144 -0.999552131 -0.029922042 -0.000483596144 -0.999552131 -0.0990679786 0.000281528686 -0.99508065 -0.0990679786 0.000281528686 -0.99508065 -0.0990679786 0.000281528686 -0.99508065 -0.0839466304 -0.00169206201 -0.996468842 -0.0839466304 -0.00169206201 -0.996468842 -0.0839466304 -0.00169206201 -0.996468842 0.087542586 0.986635864 -0.137426391 0.087542586 0.986635864 -0.137426391 0.087542586 0.986635864 -0.137426391 -0.084347643 0.00098307489 -0.996435881 -0.084347643 0.00098307489 -0.996435881 -0.084347643 0.00098307489 -0.996435881 -0.0630734786 -0.000872980745 -0.99800849 -0.0630734786 -0.000872980745 -0.99800849 -0.0630734786 -0.000872980745 -0.99800849 0.0104658613 -0.00010216183 -0.999945223 0.0104658613 -0.00010216183 -0.999945223 0.0104658613 -0.00010216183 -0.999945223 -0.0326693133 0.00208138023 -0.999464035 -0.0326693133 0.00208138023 -0.999464035 -0.0326693133 0.00208138023 -0.999464035 -0.0734840557 0.00124419713 -0.997295618 -0.0734840557 0.00124419713 -0.997295618 -0.0734840557 0.00124419713 -0.997295618 -0.00148119009 -0.00368768466 -0.999992132 -0.00148119009 -0.00368768466 -0.999992132 -0.00148119009 -0.00368768466 -0.999992132 -0.0473949052 -0.000294379221 -0.998876214 -0.0473949052 -0.000294379221 -0.998876214 -0.0473949052 -0.000294379221 -0.998876214 0.0399778374 -0.00186444144 -0.999198854 0.0399778374 -0.00186444144 -0.999198854 0.0399778374 -0.00186444144 -0.999198854 0.0430089757 0.000379587058 -0.999074638 0.0430089757 0.000379587058 -0.999074638 0.0430089757 0.000379587058 -0.999074638 -0.00445179734 -0.760552287 0.649261475 -0.00445179734 -0.760552287 0.649261475 -0.00445179734 -0.760552287 0.649261475 0.0225003529 -0.000936552125 -0.999746382 0.0225003529 -0.000936552125 -0.999746382 0.0225003529 -0.000936552125 -0.999746382 0.048879467 0.0157182422 -0.998681009 0.048879467 0.0157182422 -0.998681009 0.048879467 0.0157182422 -0.998681009 -0.0466282666 -4.7186677e-06 -0.998912334 -0.0466282666 -4.7186677e-06 -0.998912334 -0.0466282666 -4.7186677e-06 -0.998912334 -0.924851477 0.29198122 0.243714422 -0.924851477 0.29198122 0.243714422 -0.924851477 0.29198122 0.243714422 -0.0522595495 0.000775578665 -0.998633206 -0.0522595495 0.000775578665 -0.998633206 -0.0522595495 0.000775578665 -0.998633206 -0.0501568951 0.000270343735 -0.998741329 -0.0501568951 0.000270343735 -0.998741329 -0.0501568951 0.000270343735 -0.998741329 -0.0634131506 -0.000154592984 -0.99798733 -0.0634131506 -0.000154592984 -0.99798733 -0.0634131506 -0.000154592984 -0.99798733 0.0442428663 0.0116293933 -0.998953104 0.0442428663 0.0116293933 -0.998953104 0.0442428663 0.0116293933 -0.998953104 -0.0619531274 -0.00135138282 -0.998078167 -0.0619531274 -0.00135138282 -0.998078167 -0.0619531274 -0.00135138282 -0.998078167 -0.0966040939 0.00250580441 -0.995319724 -0.0966040939 0.00250580441 -0.995319724 -0.0966040939 0.00250580441 -0.995319724 -0.100796878 0.000109672204 -0.994907022 -0.100796878 0.000109672204 -0.994907022 -0.100796878 0.000109672204 -0.994907022 -0.045746699 -0.000348149246 -0.998952985 -0.045746699 -0.000348149246 -0.998952985 -0.045746699 -0.000348149246 -0.998952985 -0.0038534028 -0.00131793856 -0.999991715 -0.0038534028 -0.00131793856 -0.999991715 -0.0038534028 -0.00131793856 -0.999991715 -0.0324084349 1.89240051e-16 -0.999474704 -0.0324084349 1.89240051e-16 -0.999474704 -0.0324084349 1.89240051e-16 -0.999474704 -0.0300211702 -0.00135476177 -0.999548316 -0.0300211702 -0.00135476177 -0.999548316 -0.0300211702 -0.00135476177 -0.999548316 0.0428211018 0.00860505365 -0.99904567 0.0428211018 0.00860505365 -0.99904567 0.0428211018 0.00860505365 -0.99904567 -0.186010122 -0.286616683 0.939814389 -0.186010122 -0.286616683 0.939814389 -0.186010122 -0.286616683 0.939814389 -0.0550575852 0.00155666412 -0.998481989 -0.0550575852 0.00155666412 -0.998481989 -0.0550575852 0.00155666412 -0.998481989 -0.0393768586 0.000495768501 -0.999224305 -0.0393768586 0.000495768501 -0.999224305 -0.0393768586 0.000495768501 -0.999224305 0.0183588918 -0.000579449232 -0.999831319 0.0183588918 -0.000579449232 -0.999831319 0.0183588918 -0.000579449232 -0.999831319 -0.00336132338 -0.989224792 0.146366149 -0.00336132338 -0.989224792 0.146366149 -0.00336132338 -0.989224792 0.146366149 0.0418961905 0.000203339354 -0.999121964 0.0418961905 0.000203339354 -0.999121964 0.0418961905 0.000203339354 -0.999121964 -0.0116297966 -0.98320657 0.182125166 -0.0116297966 -0.98320657 0.182125166 -0.0116297966 -0.98320657 0.182125166 0.0228502583 0.00140827335 -0.999737918 0.0228502583 0.00140827335 -0.999737918 0.0228502583 0.00140827335 -0.999737918 0.00176024833 0.987309575 0.158797801 0.00176024833 0.987309575 0.158797801 0.00176024833 0.987309575 0.158797801 -0.10037718 0.00338025624 -0.994943738 -0.10037718 0.00338025624 -0.994943738 -0.10037718 0.00338025624 -0.994943738 -0.018433176 0.987572134 0.156081662 -0.018433176 0.987572134 0.156081662 -0.018433176 0.987572134 0.156081662 -0.00842791516 0.132796854 0.991107464 -0.00842791516 0.132796854 0.991107464 -0.00842791516 0.132796854 0.991107464 -0.179456919 0.980630755 0.0784761682 -0.179456919 0.980630755 0.0784761682 -0.179456919 0.980630755 0.0784761682 -0.0420857184 -0.00032437066 -0.999113977 -0.0420857184 -0.00032437066 -0.999113977 -0.0420857184 -0.00032437066 -0.999113977 -0.0324497148 6.35974357e-05 -0.999473393 -0.0324497148 6.35974357e-05 -0.999473393 -0.0324497148 6.35974357e-05 -0.999473393 -0.0256024078 -0.00025861102 -0.999672174 -0.0256024078 -0.00025861102 -0.999672174 -0.0256024078 -0.00025861102 -0.999672174 -0.0509363748 -0.000769333798 -0.998701632 -0.0509363748 -0.000769333798 -0.998701632 -0.0509363748 -0.000769333798 -0.998701632 -0.0837326869 0.00208026147 -0.996486068 -0.0837326869 0.00208026147 -0.996486068 -0.0837326869 0.00208026147 -0.996486068 -0.0734145641 -0.0010507952 -0.997300982 -0.0734145641 -0.0010507952 -0.997300982 -0.0734145641 -0.0010507952 -0.997300982 -0.0976518691 0.00381203531 -0.99521333 -0.0976518691 0.00381203531 -0.99521333 -0.0976518691 0.00381203531 -0.99521333 0.0482377298 0.00105820503 -0.998835325 0.0482377298 0.00105820503 -0.998835325 0.0482377298 0.00105820503 -0.998835325 -0.0428430177 0.000232692793 -0.99908179 -0.0428430177 0.000232692793 -0.99908179 -0.0428430177 0.000232692793 -0.99908179 -0.0204883404 -0.00115337293 -0.999789417 -0.0204883404 -0.00115337293 -0.999789417 -0.0204883404 -0.00115337293 -0.999789417 -0.0199627131 0.00105405459 -0.999800146 -0.0199627131 0.00105405459 -0.999800146 -0.0199627131 0.00105405459 -0.999800146 -0.0565222278 -0.000961931073 -0.998400867 -0.0565222278 -0.000961931073 -0.998400867 -0.0565222278 -0.000961931073 -0.998400867 -0.0446892902 0.000134156915 -0.999000907 -0.0446892902 0.000134156915 -0.999000907 -0.0446892902 0.000134156915 -0.999000907 -0.020111816 0.000527744938 -0.999797583 -0.020111816 0.000527744938 -0.999797583 -0.020111816 0.000527744938 -0.999797583 -0.0568630435 -0.000516066386 -0.998381853 -0.0568630435 -0.000516066386 -0.998381853 -0.0568630435 -0.000516066386 -0.998381853 -0.0993181244 0.000192067004 -0.995055735 -0.0993181244 0.000192067004 -0.995055735 -0.0993181244 0.000192067004 -0.995055735 -0.0550009608 -0.00166374992 -0.99848491 -0.0550009608 -0.00166374992 -0.99848491 -0.0550009608 -0.00166374992 -0.99848491 -0.0531887896 0.000687859894 -0.998584211 -0.0531887896 0.000687859894 -0.998584211 -0.0531887896 0.000687859894 -0.998584211 0.0443818495 0.00143574236 -0.999013603 0.0443818495 0.00143574236 -0.999013603 0.0443818495 0.00143574236 -0.999013603 0.0464122482 0.00198369427 -0.998920381 0.0464122482 0.00198369427 -0.998920381 0.0464122482 0.00198369427 -0.998920381 0.0205751695 0.000881452288 -0.999787927 0.0205751695 0.000881452288 -0.999787927 0.0205751695 0.000881452288 -0.999787927 -0.051437851 -0.0009368381 -0.998675764 -0.051437851 -0.0009368381 -0.998675764 -0.051437851 -0.0009368381 -0.998675764 -0.101986833 -0.00234771683 -0.994782984 -0.101986833 -0.00234771683 -0.994782984 -0.101986833 -0.00234771683 -0.994782984 -0.0899561644 -0.00170933327 -0.995944262 -0.0899561644 -0.00170933327 -0.995944262 -0.0899561644 -0.00170933327 -0.995944262 -0.105317593 0.000558711821 -0.994438469 -0.105317593 0.000558711821 -0.994438469 -0.105317593 0.000558711821 -0.994438469 -0.0461149774 0.000192218606 -0.998936117 -0.0461149774 0.000192218606 -0.998936117 -0.0461149774 0.000192218606 -0.998936117 -0.0329414755 0.000240229623 -0.99945724 -0.0329414755 0.000240229623 -0.99945724 -0.0329414755 0.000240229623 -0.99945724 0.0137855057 -0.000523768889 -0.999904811 0.0137855057 -0.000523768889 -0.999904811 0.0137855057 -0.000523768889 -0.999904811 -0.0991837159 -0.000472024345 -0.995069027 -0.0991837159 -0.000472024345 -0.995069027 -0.0991837159 -0.000472024345 -0.995069027 -0.0601493306 -0.00100876263 -0.998188853 -0.0601493306 -0.00100876263 -0.998188853 -0.0601493306 -0.00100876263 -0.998188853 -0.0365050808 0.00106350367 -0.999332905 -0.0365050808 0.00106350367 -0.999332905 -0.0365050808 0.00106350367 -0.999332905 -0.00351482816 0.985989749 0.166769013 -0.00351482816 0.985989749 0.166769013 -0.00351482816 0.985989749 0.166769013 -0.0280956849 0.000680348778 -0.999605 -0.0280956849 0.000680348778 -0.999605 -0.0280956849 0.000680348778 -0.999605 0.0395567492 -0.000589566771 -0.999217153 0.0395567492 -0.000589566771 -0.999217153 0.0395567492 -0.000589566771 -0.999217153 -0.169989914 0.981940806 0.0830402523 -0.169989914 0.981940806 0.0830402523 -0.169989914 0.981940806 0.0830402523 -0.103487723 -0.00463727256 -0.994619906 -0.103487723 -0.00463727256 -0.994619906 -0.103487723 -0.00463727256 -0.994619906 0.0124896904 -4.50682564e-05 -0.999921978 0.0124896904 -4.50682564e-05 -0.999921978 0.0124896904 -4.50682564e-05 -0.999921978 0.0126057016 0.00018156186 -0.999920547 0.0126057016 0.00018156186 -0.999920547 0.0126057016 0.00018156186 -0.999920547 -0.100213058 0.000567674579 -0.994965851 -0.100213058 0.000567674579 -0.994965851 -0.100213058 0.000567674579 -0.994965851 -0.098936893 -0.000959457771 -0.995093226 -0.098936893 -0.000959457771 -0.995093226 -0.098936893 -0.000959457771 -0.995093226 -0.0555185713 -0.000196055451 -0.998457611 -0.0555185713 -0.000196055451 -0.998457611 -0.0555185713 -0.000196055451 -0.998457611 0.052351214 -0.912168026 0.406458914 0.052351214 -0.912168026 0.406458914 0.052351214 -0.912168026 0.406458914 -0.0246588085 -0.000763213669 -0.999695659 -0.0246588085 -0.000763213669 -0.999695659 -0.0246588085 -0.000763213669 -0.999695659 -0.0748406276 0.00215264014 -0.997193158 -0.0748406276 0.00215264014 -0.997193158 -0.0748406276 0.00215264014 -0.997193158 -0.00996609591 0.000950062939 -0.999949872 -0.00996609591 0.000950062939 -0.999949872 -0.00996609591 0.000950062939 -0.999949872 -0.0660019889 8.68921998e-05 -0.997819483 -0.0660019889 8.68921998e-05 -0.997819483 -0.0660019889 8.68921998e-05 -0.997819483 0.0177832786 0.000317709811 -0.999841809 0.0177832786 0.000317709811 -0.999841809 0.0177832786 0.000317709811 -0.999841809 0.0180612691 -0.000334619865 -0.999836802 0.0180612691 -0.000334619865 -0.999836802 0.0180612691 -0.000334619865 -0.999836802 0.0296155233 0.000258865446 -0.99956131 0.0296155233 0.000258865446 -0.99956131 0.0296155233 0.000258865446 -0.99956131 -0.0598514937 0.000977606978 -0.998206794 -0.0598514937 0.000977606978 -0.998206794 -0.0598514937 0.000977606978 -0.998206794 -0.0160315316 0.000554900325 -0.999871314 -0.0160315316 0.000554900325 -0.999871314 -0.0160315316 0.000554900325 -0.999871314 -0.21841906 -0.252310723 0.942673028 -0.21841906 -0.252310723 0.942673028 -0.21841906 -0.252310723 0.942673028 0.0268553812 0.00117235328 -0.999638617 0.0268553812 0.00117235328 -0.999638617 0.0268553812 0.00117235328 -0.999638617 0.410618514 -0.690325499 0.595687091 0.410618514 -0.690325499 0.595687091 0.410618514 -0.690325499 0.595687091 -0.0145159513 -0.000661826634 -0.99989444 -0.0145159513 -0.000661826634 -0.99989444 -0.0145159513 -0.000661826634 -0.99989444 0.0245977677 -0.000131891269 -0.999697447 0.0245977677 -0.000131891269 -0.999697447 0.0245977677 -0.000131891269 -0.999697447 0.0416012928 0.00156221224 -0.99913305 0.0416012928 0.00156221224 -0.99913305 0.0416012928 0.00156221224 -0.99913305 -0.0336728171 -0.00161576807 -0.99943161 -0.0336728171 -0.00161576807 -0.99943161 -0.0336728171 -0.00161576807 -0.99943161 0.481919259 -0.589155138 0.648575425 0.481919259 -0.589155138 0.648575425 0.481919259 -0.589155138 0.648575425 0.0283356179 -0.000153996894 -0.999598444 0.0283356179 -0.000153996894 -0.999598444 0.0283356179 -0.000153996894 -0.999598444 0.0167598333 7.99006521e-05 -0.999859512 0.0167598333 7.99006521e-05 -0.999859512 0.0167598333 7.99006521e-05 -0.999859512 0.0477467738 -0.0010533625 -0.998858929 0.0477467738 -0.0010533625 -0.998858929 0.0477467738 -0.0010533625 -0.998858929 0.0137868896 -0.000529147568 -0.999904811 0.0137868896 -0.000529147568 -0.999904811 0.0137868896 -0.000529147568 -0.999904811 0.00228409329 1.07032433e-16 -0.999997377 0.00228409329 1.07032433e-16 -0.999997377 0.00228409329 1.07032433e-16 -0.999997377 -0.0580985472 -0.000707784377 -0.998310626 -0.0580985472 -0.000707784377 -0.998310626 -0.0580985472 -0.000707784377 -0.998310626 0.0456799529 -0.000510302605 -0.998956025 0.0456799529 -0.000510302605 -0.998956025 0.0456799529 -0.000510302605 -0.998956025 -0.0223947633 -0.000706264691 -0.999748945 -0.0223947633 -0.000706264691 -0.999748945 -0.0223947633 -0.000706264691 -0.999748945 0.0416296534 -6.35531626e-16 -0.99913311 0.0416296534 -6.35531626e-16 -0.99913311 0.0416296534 -6.35531626e-16 -0.99913311 0.0418450795 -0.000232630031 -0.99912411 0.0418450795 -0.000232630031 -0.99912411 0.0418450795 -0.000232630031 -0.99912411 -0.0898319483 -0.00212022569 -0.995954692 -0.0898319483 -0.00212022569 -0.995954692 -0.0898319483 -0.00212022569 -0.995954692 -0.0983172879 0.000529378187 -0.995154977 -0.0983172879 0.000529378187 -0.995154977 -0.0983172879 0.000529378187 -0.995154977 -0.0564677827 0.000971375557 -0.998403966 -0.0564677827 0.000971375557 -0.998403966 -0.0564677827 0.000971375557 -0.998403966 -0.100683324 2.63522597e-05 -0.994918525 -0.100683324 2.63522597e-05 -0.994918525 -0.100683324 2.63522597e-05 -0.994918525 0.0881395712 0.995282054 0.0405595563 0.0881395712 0.995282054 0.0405595563 0.0881395712 0.995282054 0.0405595563 0.042199824 -0.00216442998 -0.999106824 0.042199824 -0.00216442998 -0.999106824 0.042199824 -0.00216442998 -0.999106824 0.0410741605 0.00210793572 -0.999153852 0.0410741605 0.00210793572 -0.999153852 0.0410741605 0.00210793572 -0.999153852 0.0416296534 1.29516685e-15 -0.99913311 0.0416296534 1.29516685e-15 -0.99913311 0.0416296534 1.29516685e-15 -0.99913311 -0.0687811226 0.00323344092 -0.997626543 -0.0687811226 0.00323344092 -0.997626543 -0.0687811226 0.00323344092 -0.997626543 0.0285514742 0.000442906778 -0.999592245 0.0285514742 0.000442906778 -0.999592245 0.0285514742 0.000442906778 -0.999592245 -0.0953708142 -0.00160258554 -0.995440543 -0.0953708142 -0.00160258554 -0.995440543 -0.0953708142 -0.00160258554 -0.995440543 -0.027916424 0.00121808145 -0.99960953 -0.027916424 0.00121808145 -0.99960953 -0.027916424 0.00121808145 -0.99960953 -0.0786995366 -0.00106571312 -0.996897817 -0.0786995366 -0.00106571312 -0.996897817 -0.0786995366 -0.00106571312 -0.996897817 -0.0391604342 0.00217726175 -0.999230564 -0.0391604342 0.00217726175 -0.999230564 -0.0391604342 0.00217726175 -0.999230564 -0.0897928849 0.00166518113 -0.995959044 -0.0897928849 0.00166518113 -0.995959044 -0.0897928849 0.00166518113 -0.995959044 -0.0410873666 9.92088098e-05 -0.999155581 -0.0410873666 9.92088098e-05 -0.999155581 -0.0410873666 9.92088098e-05 -0.999155581 -0.0518073253 0.00014807345 -0.998657107 -0.0518073253 0.00014807345 -0.998657107 -0.0518073253 0.00014807345 -0.998657107 0.0518360995 0.00111373502 -0.998654962 0.0518360995 0.00111373502 -0.998654962 0.0518360995 0.00111373502 -0.998654962 1.10323022e-07 -0.0563571081 0.998410702 1.10323022e-07 -0.0563571081 0.998410702 1.10323022e-07 -0.0563571081 0.998410702 0.0985368118 0.970970213 -0.217961833 0.0985368118 0.970970213 -0.217961833 0.0985368118 0.970970213 -0.217961833 -0.00246963557 -0.988335073 0.152275011 -0.00246963557 -0.988335073 0.152275011 -0.00246963557 -0.988335073 0.152275011 0.0242011119 -0.249997064 0.967944086 0.0242011119 -0.249997064 0.967944086 0.0242011119 -0.249997064 0.967944086 -0.00709408801 0.00251761242 -0.999971688 -0.00709408801 0.00251761242 -0.999971688 -0.00709408801 0.00251761242 -0.999971688 -0.0141159771 -0.985850513 0.167031601 -0.0141159771 -0.985850513 0.167031601 -0.0141159771 -0.985850513 0.167031601 -0.0376740918 -0.978749335 0.20156993 -0.0376740918 -0.978749335 0.20156993 -0.0376740918 -0.978749335 0.20156993 -0.0287162457 -0.000299483683 -0.999587536 -0.0287162457 -0.000299483683 -0.999587536 -0.0287162457 -0.000299483683 -0.999587536 0.142862499 0.752716839 0.642656744 0.142862499 0.752716839 0.642656744 0.142862499 0.752716839 0.642656744 -0.175233498 -0.234450728 0.956203997 -0.175233498 -0.234450728 0.956203997 -0.175233498 -0.234450728 0.956203997 -0.0315256752 -0.977600694 0.208093733 -0.0315256752 -0.977600694 0.208093733 -0.0315256752 -0.977600694 0.208093733 -0.067837961 -0.00267452514 -0.997692764 -0.067837961 -0.00267452514 -0.997692764 -0.067837961 -0.00267452514 -0.997692764 -0.0124509651 -0.98834455 0.151723355 -0.0124509651 -0.98834455 0.151723355 -0.0124509651 -0.98834455 0.151723355 -0.00582449092 -0.984669089 0.174335569 -0.00582449092 -0.984669089 0.174335569 -0.00582449092 -0.984669089 0.174335569 -0.0498659275 -0.00053068297 -0.998755753 -0.0498659275 -0.00053068297 -0.998755753 -0.0498659275 -0.00053068297 -0.998755753 0.0334197432 0.000520560599 -0.999441266 0.0334197432 0.000520560599 -0.999441266 0.0334197432 0.000520560599 -0.999441266 -0.0553785264 0.000899348932 -0.998465002 -0.0553785264 0.000899348932 -0.998465002 -0.0553785264 0.000899348932 -0.998465002 -0.00189964764 0.978855669 0.204543397 -0.00189964764 0.978855669 0.204543397 -0.00189964764 0.978855669 0.204543397 0.357979089 0.856058002 0.372848123 0.357979089 0.856058002 0.372848123 0.357979089 0.856058002 0.372848123 -0.00362892612 0.987225235 0.159289747 -0.00362892612 0.987225235 0.159289747 -0.00362892612 0.987225235 0.159289747 0.00035539933 0.989319146 0.14576526 0.00035539933 0.989319146 0.14576526 0.00035539933 0.989319146 0.14576526 0.0631321743 0.471411884 0.879650593 0.0631321743 0.471411884 0.879650593 0.0631321743 0.471411884 0.879650593 -0.00555319665 0.986401558 0.164259464 -0.00555319665 0.986401558 0.164259464 -0.00555319665 0.986401558 0.164259464 0.0339902267 -0.000578466163 -0.999422014 0.0339902267 -0.000578466163 -0.999422014 0.0339902267 -0.000578466163 -0.999422014 -0.0995411426 -4.60064548e-05 -0.995033443 -0.0995411426 -4.60064548e-05 -0.995033443 -0.0995411426 -4.60064548e-05 -0.995033443 -0.0246473271 0.000439148047 -0.999696136 -0.0246473271 0.000439148047 -0.999696136 -0.0246473271 0.000439148047 -0.999696136 -0.0277135875 0.980135679 0.196382388 -0.0277135875 0.980135679 0.196382388 -0.0277135875 0.980135679 0.196382388 -0.0457539149 0.973542035 0.223880574 -0.0457539149 0.973542035 0.223880574 -0.0457539149 0.973542035 0.223880574 0.0156837553 0.972187519 0.233678117 0.0156837553 0.972187519 0.233678117 0.0156837553 0.972187519 0.233678117 -0.0621854328 0.884230673 0.462892145 -0.0621854328 0.884230673 0.462892145 -0.0621854328 0.884230673 0.462892145 -0.092081815 0.000216240485 -0.995751441 -0.092081815 0.000216240485 -0.995751441 -0.092081815 0.000216240485 -0.995751441 -0.0557562299 -0.000500956259 -0.998444259 -0.0557562299 -0.000500956259 -0.998444259 -0.0557562299 -0.000500956259 -0.998444259 -0.011023296 0.988604248 0.15013358 -0.011023296 0.988604248 0.15013358 -0.011023296 0.988604248 0.15013358 -0.00443557184 0.985312939 0.170700595 -0.00443557184 0.985312939 0.170700595 -0.00443557184 0.985312939 0.170700595 0.0152010536 0.000338784244 -0.999884427 0.0152010536 0.000338784244 -0.999884427 0.0152010536 0.000338784244 -0.999884427 -0.103037715 -0.00329551008 -0.994672 -0.103037715 -0.00329551008 -0.994672 -0.103037715 -0.00329551008 -0.994672 0.0437759161 0.000494483451 -0.999041259 0.0437759161 0.000494483451 -0.999041259 0.0437759161 0.000494483451 -0.999041259 0.228374094 0.822696984 0.520590961 0.228374094 0.822696984 0.520590961 0.228374094 0.822696984 0.520590961 0.10680031 0.858344436 0.501835167 0.10680031 0.858344436 0.501835167 0.10680031 0.858344436 0.501835167 0.24008356 0.903405309 0.35527274 0.24008356 0.903405309 0.35527274 0.24008356 0.903405309 0.35527274 0.222668022 0.822614014 0.523187459 0.222668022 0.822614014 0.523187459 0.222668022 0.822614014 0.523187459 -0.103372894 0.00347659457 -0.994636595 -0.103372894 0.00347659457 -0.994636595 -0.103372894 0.00347659457 -0.994636595 -0.0111470865 -0.00174784311 -0.999936342 -0.0111470865 -0.00174784311 -0.999936342 -0.0111470865 -0.00174784311 -0.999936342 -0.00848594494 -0.0024098705 -0.999961078 -0.00848594494 -0.0024098705 -0.999961078 -0.00848594494 -0.0024098705 -0.999961078 -0.0161703713 0.000515914522 -0.999869108 -0.0161703713 0.000515914522 -0.999869108 -0.0161703713 0.000515914522 -0.999869108 -0.0197826345 0.000513922016 -0.999804199 -0.0197826345 0.000513922016 -0.999804199 -0.0197826345 0.000513922016 -0.999804199 -0.0161998831 -0.000552442798 -0.999868631 -0.0161998831 -0.000552442798 -0.999868631 -0.0161998831 -0.000552442798 -0.999868631 -0.0373551212 1.76674746e-15 -0.99930203 -0.0373551212 1.76674746e-15 -0.99930203 -0.0373551212 1.76674746e-15 -0.99930203 -0.0375791974 -0.000237339831 -0.999293625 -0.0375791974 -0.000237339831 -0.999293625 -0.0375791974 -0.000237339831 -0.999293625 -0.0271257777 1.02253161e-15 -0.999632001 -0.0271257777 1.02253161e-15 -0.999632001 -0.0271257777 1.02253161e-15 -0.999632001 -0.0428837426 -0.000300158776 -0.999080002 -0.0428837426 -0.000300158776 -0.999080002 -0.0428837426 -0.000300158776 -0.999080002 -0.0267815888 0.00067046663 -0.999641061 -0.0267815888 0.00067046663 -0.999641061 -0.0267815888 0.00067046663 -0.999641061 -0.0456684232 -0.000485665951 -0.998956561 -0.0456684232 -0.000485665951 -0.998956561 -0.0456684232 -0.000485665951 -0.998956561 0.213568285 0.869351745 0.44566375 0.213568285 0.869351745 0.44566375 0.213568285 0.869351745 0.44566375 0.0305444691 -0.000335929886 -0.999533355 0.0305444691 -0.000335929886 -0.999533355 0.0305444691 -0.000335929886 -0.999533355 -0.0831739902 0.000539477973 -0.996534884 -0.0831739902 0.000539477973 -0.996534884 -0.0831739902 0.000539477973 -0.996534884 -0.0687744543 -0.0005730915 -0.997632086 -0.0687744543 -0.0005730915 -0.997632086 -0.0687744543 -0.0005730915 -0.997632086 -0.0492392369 8.16474203e-05 -0.998786986 -0.0492392369 8.16474203e-05 -0.998786986 -0.0492392369 8.16474203e-05 -0.998786986 -0.176427722 0.977417946 0.116307296 -0.176427722 0.977417946 0.116307296 -0.176427722 0.977417946 0.116307296 -0.0927793086 -0.00107718958 -0.995686114 -0.0927793086 -0.00107718958 -0.995686114 -0.0927793086 -0.00107718958 -0.995686114 -0.0990663171 0.000383864273 -0.995080769 -0.0990663171 0.000383864273 -0.995080769 -0.0990663171 0.000383864273 -0.995080769 -0.0536201373 -0.000847503834 -0.998561025 -0.0536201373 -0.000847503834 -0.998561025 -0.0536201373 -0.000847503834 -0.998561025 -0.030410856 -0.000970404421 -0.999536991 -0.030410856 -0.000970404421 -0.999536991 -0.030410856 -0.000970404421 -0.999536991 0.016808372 -0.000132911824 -0.999858737 0.016808372 -0.000132911824 -0.999858737 0.016808372 -0.000132911824 -0.999858737 -0.047177542 0.000315414218 -0.998886466 -0.047177542 0.000315414218 -0.998886466 -0.047177542 0.000315414218 -0.998886466 -0.0452139042 -0.000383451697 -0.998977244 -0.0452139042 -0.000383451697 -0.998977244 -0.0452139042 -0.000383451697 -0.998977244 0.0144922882 -0.000394838396 -0.999894917 0.0144922882 -0.000394838396 -0.999894917 0.0144922882 -0.000394838396 -0.999894917 -0.023139175 0.000289943127 -0.999732196 -0.023139175 0.000289943127 -0.999732196 -0.023139175 0.000289943127 -0.999732196 -0.0178488735 0.000477247202 -0.999840558 -0.0178488735 0.000477247202 -0.999840558 -0.0178488735 0.000477247202 -0.999840558 -0.0145687088 0.000651036273 -0.999893665 -0.0145687088 0.000651036273 -0.999893665 -0.0145687088 0.000651036273 -0.999893665 -0.0518462583 0.000510364131 -0.998654962 -0.0518462583 0.000510364131 -0.998654962 -0.0518462583 0.000510364131 -0.998654962 -0.0431848727 0.000111187612 -0.999067068 -0.0431848727 0.000111187612 -0.999067068 -0.0431848727 0.000111187612 -0.999067068 -0.0507656075 0.00138544361 -0.998709619 -0.0507656075 0.00138544361 -0.998709619 -0.0507656075 0.00138544361 -0.998709619 -0.0324981846 -0.00206941599 -0.999469638 -0.0324981846 -0.00206941599 -0.999469638 -0.0324981846 -0.00206941599 -0.999469638 0.0638602003 -0.979640424 0.190332502 0.0638602003 -0.979640424 0.190332502 0.0638602003 -0.979640424 0.190332502 -0.0982293934 0.00107947702 -0.995163202 -0.0982293934 0.00107947702 -0.995163202 -0.0982293934 0.00107947702 -0.995163202 -0.0989739746 -0.000288283336 -0.995090008 -0.0989739746 -0.000288283336 -0.995090008 -0.0989739746 -0.000288283336 -0.995090008 -0.0860581547 0.000816684624 -0.99628979 -0.0860581547 0.000816684624 -0.99628979 -0.0860581547 0.000816684624 -0.99628979 -0.0262997318 -0.000751314044 -0.999653816 -0.0262997318 -0.000751314044 -0.999653816 -0.0262997318 -0.000751314044 -0.999653816 0.0172849055 -0.000424810511 -0.999850512 0.0172849055 -0.000424810511 -0.999850512 0.0172849055 -0.000424810511 -0.999850512 0.00473737763 -0.000695907394 -0.999988556 0.00473737763 -0.000695907394 -0.999988556 0.00473737763 -0.000695907394 -0.999988556 0.00311065349 -0.0011747845 -0.999994457 0.00311065349 -0.0011747845 -0.999994457 0.00311065349 -0.0011747845 -0.999994457 -0.0178963449 -0.000361714483 -0.999839783 -0.0178963449 -0.000361714483 -0.999839783 -0.0178963449 -0.000361714483 -0.999839783 0.043326959 0.00156549795 -0.999059737 0.043326959 0.00156549795 -0.999059737 0.043326959 0.00156549795 -0.999059737 -0.000551240693 -0.00209043361 -0.999997675 -0.000551240693 -0.00209043361 -0.999997675 -0.000551240693 -0.00209043361 -0.999997675 0.0178417899 0.000577329367 -0.999840677 0.0178417899 0.000577329367 -0.999840677 0.0178417899 0.000577329367 -0.999840677 -0.00757845538 0.000836890307 -0.999970913 -0.00757845538 0.000836890307 -0.999970913 -0.00757845538 0.000836890307 -0.999970913 -0.0402118526 -0.000312711461 -0.999191105 -0.0402118526 -0.000312711461 -0.999191105 -0.0402118526 -0.000312711461 -0.999191105 -0.103508845 0.000293875375 -0.994628489 -0.103508845 0.000293875375 -0.994628489 -0.103508845 0.000293875375 -0.994628489 -0.097367838 0.00159326929 -0.995247185 -0.097367838 0.00159326929 -0.995247185 -0.097367838 0.00159326929 -0.995247185 1.84592845e-05 0.663919926 0.747803688 1.84592845e-05 0.663919926 0.747803688 1.84592845e-05 0.663919926 0.747803688 -0.0294563323 -0.00103810965 -0.999565542 -0.0294563323 -0.00103810965 -0.999565542 -0.0294563323 -0.00103810965 -0.999565542 -0.00640275422 0.984894872 0.173034817 -0.00640275422 0.984894872 0.173034817 -0.00640275422 0.984894872 0.173034817 -0.0148252798 -2.84411326e-05 -0.999890089 -0.0148252798 -2.84411326e-05 -0.999890089 -0.0148252798 -2.84411326e-05 -0.999890089 -0.0238466244 0.000623636472 -0.999715447 -0.0238466244 0.000623636472 -0.999715447 -0.0238466244 0.000623636472 -0.999715447 -0.0448863208 0.000103157668 -0.998992085 -0.0448863208 0.000103157668 -0.998992085 -0.0448863208 0.000103157668 -0.998992085 -0.0435556881 -0.000168067869 -0.999050975 -0.0435556881 -0.000168067869 -0.999050975 -0.0435556881 -0.000168067869 -0.999050975 0.037232697 0.000652586808 -0.999306381 0.037232697 0.000652586808 -0.999306381 0.037232697 0.000652586808 -0.999306381 -0.00832809787 0.00148455787 -0.999964237 -0.00832809787 0.00148455787 -0.999964237 -0.00832809787 0.00148455787 -0.999964237 0.0350896567 0.00163433223 -0.999382854 0.0350896567 0.00163433223 -0.999382854 0.0350896567 0.00163433223 -0.999382854 0.0444316119 -0.0015900993 -0.999011159 0.0444316119 -0.0015900993 -0.999011159 0.0444316119 -0.0015900993 -0.999011159 0.0311148986 0.00115265895 -0.999515176 0.0311148986 0.00115265895 -0.999515176 0.0311148986 0.00115265895 -0.999515176 0.0267055351 0.000152565437 -0.999643326 0.0267055351 0.000152565437 -0.999643326 0.0267055351 0.000152565437 -0.999643326 -0.0997757316 -0.000352215691 -0.995009899 -0.0997757316 -0.000352215691 -0.995009899 -0.0997757316 -0.000352215691 -0.995009899 0.00345402653 -0.00143949897 -0.999993026 0.00345402653 -0.00143949897 -0.999993026 0.00345402653 -0.00143949897 -0.999993026 -0.931355655 0.273689508 0.240147203 -0.931355655 0.273689508 0.240147203 -0.931355655 0.273689508 0.240147203 0.166298255 0.885410488 0.434042752 0.166298255 0.885410488 0.434042752 0.166298255 0.885410488 0.434042752 0.0431594774 -0.00048130154 -0.999068081 0.0431594774 -0.00048130154 -0.999068081 0.0431594774 -0.00048130154 -0.999068081 0.0208209082 0.000458498136 -0.999783099 0.0208209082 0.000458498136 -0.999783099 0.0208209082 0.000458498136 -0.999783099 -0.0204750951 0.000264219794 -0.999790311 -0.0204750951 0.000264219794 -0.999790311 -0.0204750951 0.000264219794 -0.999790311 -0.0728552863 -0.000532766979 -0.997342408 -0.0728552863 -0.000532766979 -0.997342408 -0.0728552863 -0.000532766979 -0.997342408 -0.946241617 0.195229903 0.257899344 -0.946241617 0.195229903 0.257899344 -0.946241617 0.195229903 0.257899344 -0.0232472736 5.11434446e-05 -0.999729753 -0.0232472736 5.11434446e-05 -0.999729753 -0.0232472736 5.11434446e-05 -0.999729753 -0.0149733396 -0.000673982431 -0.999887645 -0.0149733396 -0.000673982431 -0.999887645 -0.0149733396 -0.000673982431 -0.999887645 -0.0993952826 -0.000147420593 -0.995048046 -0.0993952826 -0.000147420593 -0.995048046 -0.0993952826 -0.000147420593 -0.995048046 0.0392139591 0.00139556476 -0.999229848 0.0392139591 0.00139556476 -0.999229848 0.0392139591 0.00139556476 -0.999229848 -0.0232921876 0.000252909958 -0.99972868 -0.0232921876 0.000252909958 -0.99972868 -0.0232921876 0.000252909958 -0.99972868 0.102138139 0.958413303 -0.266480297 0.102138139 0.958413303 -0.266480297 0.102138139 0.958413303 -0.266480297 -0.00232127542 0.000306463859 -0.999997258 -0.00232127542 0.000306463859 -0.999997258 -0.00232127542 0.000306463859 -0.999997258 -0.0982839763 -0.000876378501 -0.995158017 -0.0982839763 -0.000876378501 -0.995158017 -0.0982839763 -0.000876378501 -0.995158017 0.0524600297 -0.865859032 0.497529984 0.0524600297 -0.865859032 0.497529984 0.0524600297 -0.865859032 0.497529984 -0.0144210141 -0.000477314083 -0.999895871 -0.0144210141 -0.000477314083 -0.999895871 -0.0144210141 -0.000477314083 -0.999895871 0.11357598 0.912596345 0.392770171 0.11357598 0.912596345 0.392770171 0.11357598 0.912596345 0.392770171 -0.0175616238 4.24164791e-05 -0.999845803 -0.0175616238 4.24164791e-05 -0.999845803 -0.0175616238 4.24164791e-05 -0.999845803 -0.0726084933 -0.00266858842 -0.997356951 -0.0726084933 -0.00266858842 -0.997356951 -0.0726084933 -0.00266858842 -0.997356951 -0.0870391503 -0.00261420826 -0.996201456 -0.0870391503 -0.00261420826 -0.996201456 -0.0870391503 -0.00261420826 -0.996201456 -0.0726635233 -0.000797504908 -0.997356176 -0.0726635233 -0.000797504908 -0.997356176 -0.0726635233 -0.000797504908 -0.997356176 0.474119633 0.606684744 0.638078511 0.474119633 0.606684744 0.638078511 0.474119633 0.606684744 0.638078511 0.0483069681 -0.000174326095 -0.998832524 0.0483069681 -0.000174326095 -0.998832524 0.0483069681 -0.000174326095 -0.998832524 -0.0100611458 0.00119870144 -0.99994868 -0.0100611458 0.00119870144 -0.99994868 -0.0100611458 0.00119870144 -0.99994868 -0.0135189332 -0.000195824934 -0.999908566 -0.0135189332 -0.000195824934 -0.999908566 -0.0135189332 -0.000195824934 -0.999908566 0.012972218 2.48793799e-06 -0.999915838 0.012972218 2.48793799e-06 -0.999915838 0.012972218 2.48793799e-06 -0.999915838 0.0141883511 4.93397092e-05 -0.999899328 0.0141883511 4.93397092e-05 -0.999899328 0.0141883511 4.93397092e-05 -0.999899328 0.0416492075 0.000141624041 -0.999132276 0.0416492075 0.000141624041 -0.999132276 0.0416492075 0.000141624041 -0.999132276 0.0527160168 0.0116919326 -0.998541117 0.0527160168 0.0116919326 -0.998541117 0.0527160168 0.0116919326 -0.998541117 0.0241532642 -0.000279156782 -0.999708235 0.0241532642 -0.000279156782 -0.999708235 0.0241532642 -0.000279156782 -0.999708235 -0.0987898037 -1.79306626e-05 -0.995108306 -0.0987898037 -1.79306626e-05 -0.995108306 -0.0987898037 -1.79306626e-05 -0.995108306 -0.0997933 -5.80230881e-05 -0.995008171 -0.0997933 -5.80230881e-05 -0.995008171 -0.0997933 -5.80230881e-05 -0.995008171 -0.0987362638 0.000179242881 -0.995113611 -0.0987362638 0.000179242881 -0.995113611 -0.0987362638 0.000179242881 -0.995113611 -0.0577925891 0.000991332461 -0.99832809 -0.0577925891 0.000991332461 -0.99832809 -0.0577925891 0.000991332461 -0.99832809 0.0350957513 0.000384903571 -0.999383867 0.0350957513 0.000384903571 -0.999383867 0.0350957513 0.000384903571 -0.999383867 -0.060968481 0.000592064112 -0.998139501 -0.060968481 0.000592064112 -0.998139501 -0.060968481 0.000592064112 -0.998139501 0.348676145 0.912782788 0.21272628 0.348676145 0.912782788 0.21272628 0.348676145 0.912782788 0.21272628 -0.00701917615 -0.00277983653 -0.999971509 -0.00701917615 -0.00277983653 -0.999971509 -0.00701917615 -0.00277983653 -0.999971509 -0.00141956867 -0.988873899 0.14874959 -0.00141956867 -0.988873899 0.14874959 -0.00141956867 -0.988873899 0.14874959 -0.0928329378 -0.000595609308 -0.995681524 -0.0928329378 -0.000595609308 -0.995681524 -0.0928329378 -0.000595609308 -0.995681524 -0.00287515856 0.000252304162 -0.999995828 -0.00287515856 0.000252304162 -0.999995828 -0.00287515856 0.000252304162 -0.999995828 0.210358888 -0.828169227 0.519504428 0.210358888 -0.828169227 0.519504428 0.210358888 -0.828169227 0.519504428 0.0102686612 -0.000616303587 -0.999947071 0.0102686612 -0.000616303587 -0.999947071 0.0102686612 -0.000616303587 -0.999947071 0.220642179 0.888856947 0.40155986 0.220642179 0.888856947 0.40155986 0.220642179 0.888856947 0.40155986 -0.203247681 -0.206268638 0.957153916 -0.203247681 -0.206268638 0.957153916 -0.203247681 -0.206268638 0.957153916 -0.0572398454 -9.31371687e-05 -0.998360455 -0.0572398454 -9.31371687e-05 -0.998360455 -0.0572398454 -9.31371687e-05 -0.998360455 -0.06912788 -0.00132325734 -0.997606933 -0.06912788 -0.00132325734 -0.997606933 -0.06912788 -0.00132325734 -0.997606933 0.179452673 0.911794782 0.369360209 0.179452673 0.911794782 0.369360209 0.179452673 0.911794782 0.369360209 0.0131000914 0.000112550013 -0.999914169 0.0131000914 0.000112550013 -0.999914169 0.0131000914 0.000112550013 -0.999914169 0.0512491465 -0.880435705 0.471387804 0.0512491465 -0.880435705 0.471387804 0.0512491465 -0.880435705 0.471387804 -0.060638573 -0.00106275675 -0.99815923 -0.060638573 -0.00106275675 -0.99815923 -0.060638573 -0.00106275675 -0.99815923 -0.0496377833 0.00121256418 -0.998766541 -0.0496377833 0.00121256418 -0.998766541 -0.0496377833 0.00121256418 -0.998766541 -0.0578439273 -0.0010582679 -0.99832505 -0.0578439273 -0.0010582679 -0.99832505 -0.0578439273 -0.0010582679 -0.99832505 0.0386294648 0.000605196168 -0.999253392 0.0386294648 0.000605196168 -0.999253392 0.0386294648 0.000605196168 -0.999253392 -0.0491738729 -0.0021514697 -0.99878794 -0.0491738729 -0.0021514697 -0.99878794 -0.0491738729 -0.0021514697 -0.99878794 0.0107648475 0.000960772333 -0.999941587 0.0107648475 0.000960772333 -0.999941587 0.0107648475 0.000960772333 -0.999941587 0.0408086367 -0.000679731194 -0.999166727 0.0408086367 -0.000679731194 -0.999166727 0.0408086367 -0.000679731194 -0.999166727 -0.180601791 -0.246745214 0.95210284 -0.180601791 -0.246745214 0.95210284 -0.180601791 -0.246745214 0.95210284 0.0469336621 -0.00572887855 -0.998881578 0.0469336621 -0.00572887855 -0.998881578 0.0469336621 -0.00572887855 -0.998881578 0.0138195259 0.00076540903 -0.999904215 0.0138195259 0.00076540903 -0.999904215 0.0138195259 0.00076540903 -0.999904215 0.0140677197 -0.000535167754 -0.999900877 0.0140677197 -0.000535167754 -0.999900877 0.0140677197 -0.000535167754 -0.999900877 -0.0987436995 -0.00011830141 -0.995112896 -0.0987436995 -0.00011830141 -0.995112896 -0.0987436995 -0.00011830141 -0.995112896 -0.186617166 -0.20782581 0.960199177 -0.186617166 -0.20782581 0.960199177 -0.186617166 -0.20782581 0.960199177 -0.931200624 -0.286120623 0.225832611 -0.931200624 -0.286120623 0.225832611 -0.931200624 -0.286120623 0.225832611 -0.953948796 -0.187241405 0.234355062 -0.953948796 -0.187241405 0.234355062 -0.953948796 -0.187241405 0.234355062 0.235791251 0.881902158 0.408229202 0.235791251 0.881902158 0.408229202 0.235791251 0.881902158 0.408229202 -0.163867548 -0.177910447 0.970306814 -0.163867548 -0.177910447 0.970306814 -0.163867548 -0.177910447 0.970306814 0.221038699 0.89040029 0.397906095 0.221038699 0.89040029 0.397906095 0.221038699 0.89040029 0.397906095 -0.0987272263 -0.00010584246 -0.995114505 -0.0987272263 -0.00010584246 -0.995114505 -0.0987272263 -0.00010584246 -0.995114505 -0.0987289548 -3.65502019e-05 -0.995114386 -0.0987289548 -3.65502019e-05 -0.995114386 -0.0987289548 -3.65502019e-05 -0.995114386 0.0501289703 -0.000100438308 -0.998742759 0.0501289703 -0.000100438308 -0.998742759 0.0501289703 -0.000100438308 -0.998742759 0.237971231 0.863962412 0.443777651 0.237971231 0.863962412 0.443777651 0.237971231 0.863962412 0.443777651 0.177219942 -0.901588976 0.394626886 0.177219942 -0.901588976 0.394626886 0.177219942 -0.901588976 0.394626886 0.0208996292 -0.000307110342 -0.999781549 0.0208996292 -0.000307110342 -0.999781549 0.0208996292 -0.000307110342 -0.999781549 -0.0831171125 -0.000778168673 -0.996539474 -0.0831171125 -0.000778168673 -0.996539474 -0.0831171125 -0.000778168673 -0.996539474 0.20017615 0.855206132 0.478071153 0.20017615 0.855206132 0.478071153 0.20017615 0.855206132 0.478071153 -0.311725587 0.678836644 0.664836824 -0.311725587 0.678836644 0.664836824 -0.311725587 0.678836644 0.664836824 0.19740504 0.863187969 0.464691103 0.19740504 0.863187969 0.464691103 0.19740504 0.863187969 0.464691103 -0.147919536 -0.179309011 0.972608924 -0.147919536 -0.179309011 0.972608924 -0.147919536 -0.179309011 0.972608924 -0.0987447053 0.000183069438 -0.995112777 -0.0987447053 0.000183069438 -0.995112777 -0.0987447053 0.000183069438 -0.995112777 0.171893224 0.853224397 0.49240309 0.171893224 0.853224397 0.49240309 0.171893224 0.853224397 0.49240309 0.170678899 0.866024256 0.469968796 0.170678899 0.866024256 0.469968796 0.170678899 0.866024256 0.469968796 0.154283345 0.859987736 0.486433685 0.154283345 0.859987736 0.486433685 0.154283345 0.859987736 0.486433685 0.0460878946 -0.000158470255 -0.998937368 0.0460878946 -0.000158470255 -0.998937368 0.0460878946 -0.000158470255 -0.998937368 0.050581947 -0.804034829 0.592426777 0.050581947 -0.804034829 0.592426777 0.050581947 -0.804034829 0.592426777 -0.00707617635 1.44532631e-15 -0.999974966 -0.00707617635 1.44532631e-15 -0.999974966 -0.00707617635 1.44532631e-15 -0.999974966 0.0947019085 -0.87264812 0.479079187 0.0947019085 -0.87264812 0.479079187 0.0947019085 -0.87264812 0.479079187 -0.215260133 -0.161122024 0.96317327 -0.215260133 -0.161122024 0.96317327 -0.215260133 -0.161122024 0.96317327 0.17691578 -0.897359669 0.404285043 0.17691578 -0.897359669 0.404285043 0.17691578 -0.897359669 0.404285043 0.222554177 -0.90265882 0.368343145 0.222554177 -0.90265882 0.368343145 0.222554177 -0.90265882 0.368343145 0.224974111 -0.884628117 0.408435673 0.224974111 -0.884628117 0.408435673 0.224974111 -0.884628117 0.408435673 0.237535939 -0.886098564 0.398002476 0.237535939 -0.886098564 0.398002476 0.237535939 -0.886098564 0.398002476 0.237642229 -0.86404407 0.443795025 0.237642229 -0.86404407 0.443795025 0.237642229 -0.86404407 0.443795025 0.20354943 -0.857032239 0.473353267 0.20354943 -0.857032239 0.473353267 0.20354943 -0.857032239 0.473353267 -0.076090239 0.000302097062 -0.99710089 -0.076090239 0.000302097062 -0.99710089 -0.076090239 0.000302097062 -0.99710089 0.203496739 -0.861999154 0.464269876 0.203496739 -0.861999154 0.464269876 0.203496739 -0.861999154 0.464269876 -0.165908635 -0.151263669 0.974470973 -0.165908635 -0.151263669 0.974470973 -0.165908635 -0.151263669 0.974470973 0.171804696 -0.852985442 0.49284783 0.171804696 -0.852985442 0.49284783 0.171804696 -0.852985442 0.49284783 0.349895865 -0.728485227 0.588967025 0.349895865 -0.728485227 0.588967025 0.349895865 -0.728485227 0.588967025 0.171406448 -0.865902483 0.469928414 0.171406448 -0.865902483 0.469928414 0.171406448 -0.865902483 0.469928414 0.154286191 -0.859931469 0.486532241 0.154286191 -0.859931469 0.486532241 0.154286191 -0.859931469 0.486532241 0.186352059 0.853380382 0.486841708 0.186352059 0.853380382 0.486841708 0.186352059 0.853380382 0.486841708 -0.00908297487 -0.00140431093 -0.99995774 -0.00908297487 -0.00140431093 -0.99995774 -0.00908297487 -0.00140431093 -0.99995774 -0.0766497031 -0.00106077769 -0.997057498 -0.0766497031 -0.00106077769 -0.997057498 -0.0766497031 -0.00106077769 -0.997057498 0.282554656 0.78171736 0.555950403 0.282554656 0.78171736 0.555950403 0.282554656 0.78171736 0.555950403 -0.13033931 0.918679953 0.372879028 -0.13033931 0.918679953 0.372879028 -0.13033931 0.918679953 0.372879028 -0.0831541941 -0.000684029481 -0.996536434 -0.0831541941 -0.000684029481 -0.996536434 -0.0831541941 -0.000684029481 -0.996536434 -0.0363545343 -0.000695431838 -0.999338686 -0.0363545343 -0.000695431838 -0.999338686 -0.0363545343 -0.000695431838 -0.999338686 -0.00876448397 -0.00119137706 -0.999960899 -0.00876448397 -0.00119137706 -0.999960899 -0.00876448397 -0.00119137706 -0.999960899 -0.0432458967 0.000802836323 -0.999064147 -0.0432458967 0.000802836323 -0.999064147 -0.0432458967 0.000802836323 -0.999064147 -0.00722171599 -9.90562767e-05 -0.999973893 -0.00722171599 -9.90562767e-05 -0.999973893 -0.00722171599 -9.90562767e-05 -0.999973893 0.17889066 -0.906057358 0.383481652 0.17889066 -0.906057358 0.383481652 0.17889066 -0.906057358 0.383481652 -0.0434045009 -0.00048994855 -0.999057472 -0.0434045009 -0.00048994855 -0.999057472 -0.0434045009 -0.00048994855 -0.999057472 0.0455934815 -0.00400029449 -0.998952091 0.0455934815 -0.00400029449 -0.998952091 0.0455934815 -0.00400029449 -0.998952091 0.052554965 -0.00646764692 -0.998597085 0.052554965 -0.00646764692 -0.998597085 0.052554965 -0.00646764692 -0.998597085 -0.00215023058 -0.000934187672 -0.999997258 -0.00215023058 -0.000934187672 -0.999997258 -0.00215023058 -0.000934187672 -0.999997258 0.0465088971 0.000223246403 -0.998917878 0.0465088971 0.000223246403 -0.998917878 0.0465088971 0.000223246403 -0.998917878 0.00159967318 0.00191779691 -0.999996901 0.00159967318 0.00191779691 -0.999996901 0.00159967318 0.00191779691 -0.999996901 -0.0368547924 -0.00190725259 -0.999318838 -0.0368547924 -0.00190725259 -0.999318838 -0.0368547924 -0.00190725259 -0.999318838 0.0458522961 0.00101149059 -0.99894774 0.0458522961 0.00101149059 -0.99894774 0.0458522961 0.00101149059 -0.99894774 -0.0791833103 -0.00236080075 -0.996857285 -0.0791833103 -0.00236080075 -0.996857285 -0.0791833103 -0.00236080075 -0.996857285 -0.129535288 -0.136633039 0.982116103 -0.129535288 -0.136633039 0.982116103 -0.129535288 -0.136633039 0.982116103 -0.143367037 -0.119981207 0.982369781 -0.143367037 -0.119981207 0.982369781 -0.143367037 -0.119981207 0.982369781 -0.081761159 0.00279724202 -0.996648014 -0.081761159 0.00279724202 -0.996648014 -0.081761159 0.00279724202 -0.996648014 -0.046113614 0.000841931498 -0.998935819 -0.046113614 0.000841931498 -0.998935819 -0.046113614 0.000841931498 -0.998935819 0.0248301812 -0.000300625048 -0.999691665 0.0248301812 -0.000300625048 -0.999691665 0.0248301812 -0.000300625048 -0.999691665 -0.953788936 -0.136880726 0.267488837 -0.953788936 -0.136880726 0.267488837 -0.953788936 -0.136880726 0.267488837 -0.0519266985 -0.00131493574 -0.998650014 -0.0519266985 -0.00131493574 -0.998650014 -0.0519266985 -0.00131493574 -0.998650014 0.0460638404 -0.0112606613 -0.998875022 0.0460638404 -0.0112606613 -0.998875022 0.0460638404 -0.0112606613 -0.998875022 0.0532496385 -0.0154756997 -0.998461306 0.0532496385 -0.0154756997 -0.998461306 0.0532496385 -0.0154756997 -0.998461306 -0.113855578 -0.0993932113 0.988512993 -0.113855578 -0.0993932113 0.988512993 -0.113855578 -0.0993932113 0.988512993 -0.0174936168 -0.000455554808 -0.999846876 -0.0174936168 -0.000455554808 -0.999846876 -0.0174936168 -0.000455554808 -0.999846876 -0.129029021 -0.0880017653 0.987728298 -0.129029021 -0.0880017653 0.987728298 -0.129029021 -0.0880017653 0.987728298 -0.103112057 -0.071949482 0.992064118 -0.103112057 -0.071949482 0.992064118 -0.103112057 -0.071949482 0.992064118 -0.123424515 -0.0497294888 0.991107166 -0.123424515 -0.0497294888 0.991107166 -0.123424515 -0.0497294888 0.991107166 -0.118013509 -0.498760343 0.858668149 -0.118013509 -0.498760343 0.858668149 -0.118013509 -0.498760343 0.858668149 0.0520362556 -0.0167145673 -0.998505294 0.0520362556 -0.0167145673 -0.998505294 0.0520362556 -0.0167145673 -0.998505294 -0.935455918 0.27295205 0.224542618 -0.935455918 0.27295205 0.224542618 -0.935455918 0.27295205 0.224542618 -0.163708508 -0.458547682 0.87346065 -0.163708508 -0.458547682 0.87346065 -0.163708508 -0.458547682 0.87346065 0.178104788 -0.833137691 0.523603201 0.178104788 -0.833137691 0.523603201 0.178104788 -0.833137691 0.523603201 -0.123702489 -0.441334665 0.888775229 -0.123702489 -0.441334665 0.888775229 -0.123702489 -0.441334665 0.888775229 -0.186875597 -0.396179199 0.89895469 -0.186875597 -0.396179199 0.89895469 -0.186875597 -0.396179199 0.89895469 -0.129067272 -0.366335541 0.921487868 -0.129067272 -0.366335541 0.921487868 -0.129067272 -0.366335541 0.921487868 0.0487538874 -0.00519769173 -0.998797297 0.0487538874 -0.00519769173 -0.998797297 0.0487538874 -0.00519769173 -0.998797297 -0.184116527 -0.318782598 0.92977351 -0.184116527 -0.318782598 0.92977351 -0.184116527 -0.318782598 0.92977351 -0.131448165 -0.29659307 0.945914328 -0.131448165 -0.29659307 0.945914328 -0.131448165 -0.29659307 0.945914328 -0.174169421 -0.257845163 0.950358272 -0.174169421 -0.257845163 0.950358272 -0.174169421 -0.257845163 0.950358272 -0.931509435 0.285243273 0.225668818 -0.931509435 0.285243273 0.225668818 -0.931509435 0.285243273 0.225668818 -0.128503531 -0.248291969 0.960123897 -0.128503531 -0.248291969 0.960123897 -0.128503531 -0.248291969 0.960123897 -0.966288924 0.0535025001 0.251839668 -0.966288924 0.0535025001 0.251839668 -0.966288924 0.0535025001 0.251839668 -0.945674539 0.196732223 0.258835971 -0.945674539 0.196732223 0.258835971 -0.945674539 0.196732223 0.258835971 -0.0393301584 0.00165554485 -0.999224901 -0.0393301584 0.00165554485 -0.999224901 -0.0393301584 0.00165554485 -0.999224901 -0.16266185 -0.212690085 0.96348536 -0.16266185 -0.212690085 0.96348536 -0.16266185 -0.212690085 0.96348536 -0.119274244 -0.211900309 0.969985545 -0.119274244 -0.211900309 0.969985545 -0.119274244 -0.211900309 0.969985545 -0.147937343 -0.178691894 0.972719789 -0.147937343 -0.178691894 0.972719789 -0.147937343 -0.178691894 0.972719789 -0.104903877 -0.174535692 0.979046702 -0.104903877 -0.174535692 0.979046702 -0.104903877 -0.174535692 0.979046702 -0.129250497 -0.149316281 0.980305552 -0.129250497 -0.149316281 0.980305552 -0.129250497 -0.149316281 0.980305552 -0.092760019 -0.136815906 0.986243904 -0.092760019 -0.136815906 0.986243904 -0.092760019 -0.136815906 0.986243904 -0.0142581938 -0.983702958 0.179235056 -0.0142581938 -0.983702958 0.179235056 -0.0142581938 -0.983702958 0.179235056 0.00851471443 0.000150490901 -0.99996376 0.00851471443 0.000150490901 -0.99996376 0.00851471443 0.000150490901 -0.99996376 -0.111142099 -0.455075502 0.88348949 -0.111142099 -0.455075502 0.88348949 -0.111142099 -0.455075502 0.88348949 -0.11347457 -0.120012671 0.986265957 -0.11347457 -0.120012671 0.986265957 -0.11347457 -0.120012671 0.986265957 -0.0865242854 -0.107917733 0.99038744 -0.0865242854 -0.107917733 0.99038744 -0.0865242854 -0.107917733 0.99038744 -0.10187196 -0.0990012214 0.989858985 -0.10187196 -0.0990012214 0.989858985 -0.10187196 -0.0990012214 0.989858985 -0.0853113905 -0.0812475234 0.993036151 -0.0853113905 -0.0812475234 0.993036151 -0.0853113905 -0.0812475234 0.993036151 -0.120482802 -0.449252754 0.885243356 -0.120482802 -0.449252754 0.885243356 -0.120482802 -0.449252754 0.885243356 -0.0999642909 -0.43062982 0.896975517 -0.0999642909 -0.43062982 0.896975517 -0.0999642909 -0.43062982 0.896975517 0.0273409504 -0.986952066 0.158675879 0.0273409504 -0.986952066 0.158675879 0.0273409504 -0.986952066 0.158675879 1.58908169e-05 -0.626418352 0.779487014 1.58908169e-05 -0.626418352 0.779487014 1.58908169e-05 -0.626418352 0.779487014 0.104828566 0.992461562 0.0634904206 0.104828566 0.992461562 0.0634904206 0.104828566 0.992461562 0.0634904206 -0.124767348 -0.416270405 0.900639772 -0.124767348 -0.416270405 0.900639772 -0.124767348 -0.416270405 0.900639772 0.108224444 -0.939013958 0.326405019 0.108224444 -0.939013958 0.326405019 0.108224444 -0.939013958 0.326405019 -0.0834766552 -0.00144434534 -0.996508658 -0.0834766552 -0.00144434534 -0.996508658 -0.0834766552 -0.00144434534 -0.996508658 2.32706407e-06 -0.315766245 0.948837042 2.32706407e-06 -0.315766245 0.948837042 2.32706407e-06 -0.315766245 0.948837042 0.352135926 -0.728957474 0.587044537 0.352135926 -0.728957474 0.587044537 0.352135926 -0.728957474 0.587044537 0.0295101386 -0.99065733 0.133143455 0.0295101386 -0.99065733 0.133143455 0.0295101386 -0.99065733 0.133143455 0.00312321028 -0.988194823 0.153170496 0.00312321028 -0.988194823 0.153170496 0.00312321028 -0.988194823 0.153170496 0.0915338174 -0.969374001 0.2278938 0.0915338174 -0.969374001 0.2278938 0.0915338174 -0.969374001 0.2278938 0.0882116035 -0.969842076 0.22721155 0.0882116035 -0.969842076 0.22721155 0.0882116035 -0.969842076 0.22721155 0.0383590087 -0.98747319 0.15305312 0.0383590087 -0.98747319 0.15305312 0.0383590087 -0.98747319 0.15305312 -0.0228171218 -0.972581148 0.231441796 -0.0228171218 -0.972581148 0.231441796 -0.0228171218 -0.972581148 0.231441796 -0.0247810427 -0.107201695 0.993928432 -0.0247810427 -0.107201695 0.993928432 -0.0247810427 -0.107201695 0.993928432 -0.965249896 0.0707516968 0.251568854 -0.965249896 0.0707516968 0.251568854 -0.965249896 0.0707516968 0.251568854 -0.0298289191 -0.978741467 0.202917218 -0.0298289191 -0.978741467 0.202917218 -0.0298289191 -0.978741467 0.202917218 -0.0342990793 -0.00202609645 -0.999409556 -0.0342990793 -0.00202609645 -0.999409556 -0.0342990793 -0.00202609645 -0.999409556 0.0198293887 -0.989604592 0.142441288 0.0198293887 -0.989604592 0.142441288 0.0198293887 -0.989604592 0.142441288 0.00604054006 -0.186435983 0.982448518 0.00604054006 -0.186435983 0.982448518 0.00604054006 -0.186435983 0.982448518 -0.00366392988 -0.0617084242 0.998087466 -0.00366392988 -0.0617084242 0.998087466 -0.00366392988 -0.0617084242 0.998087466 -3.04757577e-07 0.0566412918 0.998394608 -3.04757577e-07 0.0566412918 0.998394608 -3.04757577e-07 0.0566412918 0.998394608 -0.95488888 0.179605141 0.236493692 -0.95488888 0.179605141 0.236493692 -0.95488888 0.179605141 0.236493692 -0.00202629948 -0.118463606 0.99295634 -0.00202629948 -0.118463606 0.99295634 -0.00202629948 -0.118463606 0.99295634 0.023398513 -0.158136308 0.98714 0.023398513 -0.158136308 0.98714 0.023398513 -0.158136308 0.98714 0.0206951499 -0.0862324387 0.996060073 0.0206951499 -0.0862324387 0.996060073 0.0206951499 -0.0862324387 0.996060073 -6.17756712e-07 0.0859384313 0.996300459 -6.17756712e-07 0.0859384313 0.996300459 -6.17756712e-07 0.0859384313 0.996300459 -0.947158098 0.19642438 0.253592134 -0.947158098 0.19642438 0.253592134 -0.947158098 0.19642438 0.253592134 0.00568265934 -0.98880738 0.149089441 0.00568265934 -0.98880738 0.149089441 0.00568265934 -0.98880738 0.149089441 0.161867633 -0.900623918 0.403330415 0.161867633 -0.900623918 0.403330415 0.161867633 -0.900623918 0.403330415 0.130763575 -0.917506576 0.375609517 0.130763575 -0.917506576 0.375609517 0.130763575 -0.917506576 0.375609517 0.493501812 0.643861473 0.58472079 0.493501812 0.643861473 0.58472079 0.493501812 0.643861473 0.58472079 0.011046906 -0.124487333 0.992159724 0.011046906 -0.124487333 0.992159724 0.011046906 -0.124487333 0.992159724 0.0390059613 -0.985373914 0.165881842 0.0390059613 -0.985373914 0.165881842 0.0390059613 -0.985373914 0.165881842 0.0504260249 0.00160570478 -0.998726487 0.0504260249 0.00160570478 -0.998726487 0.0504260249 0.00160570478 -0.998726487 0.0384722278 -0.985451877 0.165543094 0.0384722278 -0.985451877 0.165543094 0.0384722278 -0.985451877 0.165543094 0.0405946486 -0.985454023 0.165022537 0.0405946486 -0.985454023 0.165022537 0.0405946486 -0.985454023 0.165022537 -0.0494537689 0.000154015856 -0.998776376 -0.0494537689 0.000154015856 -0.998776376 -0.0494537689 0.000154015856 -0.998776376 -0.0304625761 0.978605092 0.203479961 -0.0304625761 0.978605092 0.203479961 -0.0304625761 0.978605092 0.203479961 -0.0951147452 -0.401543558 0.91088748 -0.0951147452 -0.401543558 0.91088748 -0.0951147452 -0.401543558 0.91088748 0.0502821729 0.00135644001 -0.998734117 0.0502821729 0.00135644001 -0.998734117 0.0502821729 0.00135644001 -0.998734117 -2.5011499e-05 0.401165605 0.916005552 -2.5011499e-05 0.401165605 0.916005552 -2.5011499e-05 0.401165605 0.916005552 -0.109732904 -0.9444713 0.309729964 -0.109732904 -0.9444713 0.309729964 -0.109732904 -0.9444713 0.309729964 0.145383075 -0.922831297 0.356715858 0.145383075 -0.922831297 0.356715858 0.145383075 -0.922831297 0.356715858 -0.0136517351 0.000281161017 -0.999906778 -0.0136517351 0.000281161017 -0.999906778 -0.0136517351 0.000281161017 -0.999906778 -0.0170426518 -0.95479542 0.296774834 -0.0170426518 -0.95479542 0.296774834 -0.0170426518 -0.95479542 0.296774834 0.0130223408 -0.990640283 0.135875866 0.0130223408 -0.990640283 0.135875866 0.0130223408 -0.990640283 0.135875866 -0.109555475 -0.521416187 0.846240342 -0.109555475 -0.521416187 0.846240342 -0.109555475 -0.521416187 0.846240342 -0.102511398 -0.525661409 0.84449482 -0.102511398 -0.525661409 0.84449482 -0.102511398 -0.525661409 0.84449482 -0.947889686 0.132859081 0.289574891 -0.947889686 0.132859081 0.289574891 -0.947889686 0.132859081 0.289574891 0.200940698 -0.888413846 0.412727088 0.200940698 -0.888413846 0.412727088 0.200940698 -0.888413846 0.412727088 -0.965249777 -0.0707527176 0.251568824 -0.965249777 -0.0707527176 0.251568824 -0.965249777 -0.0707527176 0.251568824 0.00157633203 -0.989161432 0.14682366 0.00157633203 -0.989161432 0.14682366 0.00157633203 -0.989161432 0.14682366 0.0359859355 -0.470319897 0.881761968 0.0359859355 -0.470319897 0.881761968 0.0359859355 -0.470319897 0.881761968 -0.0163343046 -0.339205414 0.940570474 -0.0163343046 -0.339205414 0.940570474 -0.0163343046 -0.339205414 0.940570474 -0.023337489 -0.198010981 0.979921937 -0.023337489 -0.198010981 0.979921937 -0.023337489 -0.198010981 0.979921937 -0.0331239626 -0.240492702 0.970085621 -0.0331239626 -0.240492702 0.970085621 -0.0331239626 -0.240492702 0.970085621 -0.00911142211 -0.113289945 0.9935202 -0.00911142211 -0.113289945 0.9935202 -0.00911142211 -0.113289945 0.9935202 0.00741100451 -0.187422752 0.982251406 0.00741100451 -0.187422752 0.982251406 0.00741100451 -0.187422752 0.982251406 0.0276224222 -0.354388624 0.934690177 0.0276224222 -0.354388624 0.934690177 0.0276224222 -0.354388624 0.934690177 0.174452186 -0.921347022 0.347399056 0.174452186 -0.921347022 0.347399056 0.174452186 -0.921347022 0.347399056 0.127155244 -0.936589241 0.326545835 0.127155244 -0.936589241 0.326545835 0.127155244 -0.936589241 0.326545835 0.172862425 -0.913413465 0.368503004 0.172862425 -0.913413465 0.368503004 0.172862425 -0.913413465 0.368503004 0.159657955 -0.914687216 0.371290445 0.159657955 -0.914687216 0.371290445 0.159657955 -0.914687216 0.371290445 0.0242623333 -0.991322637 0.12919271 0.0242623333 -0.991322637 0.12919271 0.0242623333 -0.991322637 0.12919271 0.187278688 0.899496973 0.394755512 0.187278688 0.899496973 0.394755512 0.187278688 0.899496973 0.394755512 0.0150919361 -0.990391016 0.137469694 0.0150919361 -0.990391016 0.137469694 0.0150919361 -0.990391016 0.137469694 0.105974711 0.988967419 0.103502929 0.105974711 0.988967419 0.103502929 0.105974711 0.988967419 0.103502929 -0.054995738 -0.977771044 0.202334523 -0.054995738 -0.977771044 0.202334523 -0.054995738 -0.977771044 0.202334523 -0.0199858528 -0.986411452 0.163073748 -0.0199858528 -0.986411452 0.163073748 -0.0199858528 -0.986411452 0.163073748 -0.0573266968 -0.969325364 0.239002034 -0.0573266968 -0.969325364 0.239002034 -0.0573266968 -0.969325364 0.239002034 -0.0536537431 -0.977616787 0.203437299 -0.0536537431 -0.977616787 0.203437299 -0.0536537431 -0.977616787 0.203437299 -0.0069573801 -0.983032465 0.183299616 -0.0069573801 -0.983032465 0.183299616 -0.0069573801 -0.983032465 0.183299616 0.105954386 0.984711289 -0.138265565 0.105954386 0.984711289 -0.138265565 0.105954386 0.984711289 -0.138265565 -0.128632218 -0.379122019 0.916362524 -0.128632218 -0.379122019 0.916362524 -0.128632218 -0.379122019 0.916362524 -0.000731226115 -0.989341736 0.145610571 -0.000731226115 -0.989341736 0.145610571 -0.000731226115 -0.989341736 0.145610571 0.0114037432 -0.0737849846 0.997208953 0.0114037432 -0.0737849846 0.997208953 0.0114037432 -0.0737849846 0.997208953 0.188043803 -0.907875001 0.374703258 0.188043803 -0.907875001 0.374703258 0.188043803 -0.907875001 0.374703258 0.177565768 -0.887651742 0.424905598 0.177565768 -0.887651742 0.424905598 0.177565768 -0.887651742 0.424905598 0.175181881 -0.906510592 0.384122252 0.175181881 -0.906510592 0.384122252 0.175181881 -0.906510592 0.384122252 0.0797659904 -0.971747279 0.222136557 0.0797659904 -0.971747279 0.222136557 0.0797659904 -0.971747279 0.222136557 -0.0218492039 -0.984773695 0.172462687 -0.0218492039 -0.984773695 0.172462687 -0.0218492039 -0.984773695 0.172462687 0.091350399 -0.964531004 0.247659042 0.091350399 -0.964531004 0.247659042 0.091350399 -0.964531004 0.247659042 -0.0438654907 -0.211085498 0.976482809 -0.0438654907 -0.211085498 0.976482809 -0.0438654907 -0.211085498 0.976482809 -0.0981115475 -0.472393155 0.875910282 -0.0981115475 -0.472393155 0.875910282 -0.0981115475 -0.472393155 0.875910282 -0.0973562226 -0.360963762 0.927484214 -0.0973562226 -0.360963762 0.927484214 -0.0973562226 -0.360963762 0.927484214 -0.13029851 -0.340076923 0.931326985 -0.13029851 -0.340076923 0.931326985 -0.13029851 -0.340076923 0.931326985 0.0205992274 -0.966335833 0.256457955 0.0205992274 -0.966335833 0.256457955 0.0205992274 -0.966335833 0.256457955 -0.0978835523 -0.322295189 0.941564977 -0.0978835523 -0.322295189 0.941564977 -0.0978835523 -0.322295189 0.941564977 -0.127316862 -0.304673135 0.943909287 -0.127316862 -0.304673135 0.943909287 -0.127316862 -0.304673135 0.943909287 -5.11087455e-06 0.256618977 0.96651268 -5.11087455e-06 0.256618977 0.96651268 -5.11087455e-06 0.256618977 0.96651268 -0.0176354665 -0.131479606 0.991162002 -0.0176354665 -0.131479606 0.991162002 -0.0176354665 -0.131479606 0.991162002 -0.0259499047 0.358272731 0.933256269 -0.0259499047 0.358272731 0.933256269 -0.0259499047 0.358272731 0.933256269 5.04123e-06 -0.259774595 0.965669274 5.04123e-06 -0.259774595 0.965669274 5.04123e-06 -0.259774595 0.965669274 -0.0811316967 -0.490030944 0.867921233 -0.0811316967 -0.490030944 0.867921233 -0.0811316967 -0.490030944 0.867921233 -0.0621101931 -0.457379073 0.88710016 -0.0621101931 -0.457379073 0.88710016 -0.0621101931 -0.457379073 0.88710016 -0.100573063 -0.446351171 0.88918823 -0.100573063 -0.446351171 0.88918823 -0.100573063 -0.446351171 0.88918823 -0.117704764 -0.488681465 0.864485979 -0.117704764 -0.488681465 0.864485979 -0.117704764 -0.488681465 0.864485979 -0.0217495319 -0.981855631 0.188378483 -0.0217495319 -0.981855631 0.188378483 -0.0217495319 -0.981855631 0.188378483 -0.0827263519 -0.399621874 0.912939608 -0.0827263519 -0.399621874 0.912939608 -0.0827263519 -0.399621874 0.912939608 -0.0904486701 0.000942211307 -0.995900691 -0.0904486701 0.000942211307 -0.995900691 -0.0904486701 0.000942211307 -0.995900691 -0.0684068725 -0.884677649 0.461157203 -0.0684068725 -0.884677649 0.461157203 -0.0684068725 -0.884677649 0.461157203 -0.00999657717 -0.982105672 0.188065082 -0.00999657717 -0.982105672 0.188065082 -0.00999657717 -0.982105672 0.188065082 0.0881808177 -0.970262706 0.225420624 0.0881808177 -0.970262706 0.225420624 0.0881808177 -0.970262706 0.225420624 0.0793450475 -0.97137028 0.223928884 0.0793450475 -0.97137028 0.223928884 0.0793450475 -0.97137028 0.223928884 0.00529896235 -0.989354432 0.145429626 0.00529896235 -0.989354432 0.145429626 0.00529896235 -0.989354432 0.145429626 -0.0703668296 -0.000513385341 -0.997521043 -0.0703668296 -0.000513385341 -0.997521043 -0.0703668296 -0.000513385341 -0.997521043 0.0149959819 -0.984275281 0.176003724 0.0149959819 -0.984275281 0.176003724 0.0149959819 -0.984275281 0.176003724 0.147489592 -0.822668612 0.54905659 0.147489592 -0.822668612 0.54905659 0.147489592 -0.822668612 0.54905659 -0.0149453888 -0.982623756 0.185005844 -0.0149453888 -0.982623756 0.185005844 -0.0149453888 -0.982623756 0.185005844 -0.0504513271 0.978596091 0.199510232 -0.0504513271 0.978596091 0.199510232 -0.0504513271 0.978596091 0.199510232 -0.0164780933 -0.986543775 0.16266498 -0.0164780933 -0.986543775 0.16266498 -0.0164780933 -0.986543775 0.16266498 -0.0330267437 -0.974731684 0.220923975 -0.0330267437 -0.974731684 0.220923975 -0.0330267437 -0.974731684 0.220923975 -0.0317558348 -0.974628389 0.221565142 -0.0317558348 -0.974628389 0.221565142 -0.0317558348 -0.974628389 0.221565142 -0.0317640081 -0.978340745 0.204549447 -0.0317640081 -0.978340745 0.204549447 -0.0317640081 -0.978340745 0.204549447 -0.0247489158 -0.919124901 0.393188119 -0.0247489158 -0.919124901 0.393188119 -0.0247489158 -0.919124901 0.393188119 -0.0257725399 -0.972540021 0.231304362 -0.0257725399 -0.972540021 0.231304362 -0.0257725399 -0.972540021 0.231304362 -0.0333702862 -0.974444032 0.222137839 -0.0333702862 -0.974444032 0.222137839 -0.0333702862 -0.974444032 0.222137839 -0.0954730511 -0.288105696 0.952827394 -0.0954730511 -0.288105696 0.952827394 -0.0954730511 -0.288105696 0.952827394 -0.966833651 -0.0416891053 0.251981616 -0.966833651 -0.0416891053 0.251981616 -0.966833651 -0.0416891053 0.251981616 -0.925054669 -0.287818968 0.247859016 -0.925054669 -0.287818968 0.247859016 -0.925054669 -0.287818968 0.247859016 0.0303069334 -0.990711629 0.132559255 0.0303069334 -0.990711629 0.132559255 0.0303069334 -0.990711629 0.132559255 0.0141734416 -0.98844558 0.150912136 0.0141734416 -0.98844558 0.150912136 0.0141734416 -0.98844558 0.150912136 0.0328446589 -0.981090903 0.190740407 0.0328446589 -0.981090903 0.190740407 0.0328446589 -0.981090903 0.190740407 0.0103577059 -0.989723563 0.142618448 0.0103577059 -0.989723563 0.142618448 0.0103577059 -0.989723563 0.142618448 0.0340230726 -0.402705699 0.914696991 0.0340230726 -0.402705699 0.914696991 0.0340230726 -0.402705699 0.914696991 0.0243272688 -0.293489128 0.955652833 0.0243272688 -0.293489128 0.955652833 0.0243272688 -0.293489128 0.955652833 8.74910938e-07 0.31315428 0.949702263 8.74910938e-07 0.31315428 0.949702263 8.74910938e-07 0.31315428 0.949702263 0.0242446959 -0.443168283 0.896110535 0.0242446959 -0.443168283 0.896110535 0.0242446959 -0.443168283 0.896110535 0.0248782169 -0.988936484 0.146238357 0.0248782169 -0.988936484 0.146238357 0.0248782169 -0.988936484 0.146238357 -0.0148990881 -0.979392767 0.201414436 -0.0148990881 -0.979392767 0.201414436 -0.0148990881 -0.979392767 0.201414436 0.0698177144 -0.978834569 0.19237566 0.0698177144 -0.978834569 0.19237566 0.0698177144 -0.978834569 0.19237566 0.102935173 -0.963878334 0.245648041 0.102935173 -0.963878334 0.245648041 0.102935173 -0.963878334 0.245648041 -0.0109555777 -0.988734543 0.149278179 -0.0109555777 -0.988734543 0.149278179 -0.0109555777 -0.988734543 0.149278179 -0.000754987763 -0.98641032 0.164298818 -0.000754987763 -0.98641032 0.164298818 -0.000754987763 -0.98641032 0.164298818 -0.00757557014 -0.988994718 0.147756651 -0.00757557014 -0.988994718 0.147756651 -0.00757557014 -0.988994718 0.147756651 0.00373888412 0.00105825602 -0.99999243 0.00373888412 0.00105825602 -0.99999243 0.00373888412 0.00105825602 -0.99999243 -0.118169188 -0.27526623 0.95407784 -0.118169188 -0.27526623 0.95407784 -0.118169188 -0.27526623 0.95407784 -0.0269591697 -0.260036409 0.965222418 -0.0269591697 -0.260036409 0.965222418 -0.0269591697 -0.260036409 0.965222418 -0.1132489 -0.483440012 0.868021011 -0.1132489 -0.483440012 0.868021011 -0.1132489 -0.483440012 0.868021011 0.000147338578 -0.989402831 0.145196304 0.000147338578 -0.989402831 0.145196304 0.000147338578 -0.989402831 0.145196304 -0.00143965497 -0.972782135 0.231717065 -0.00143965497 -0.972782135 0.231717065 -0.00143965497 -0.972782135 0.231717065 0.0115227392 -0.982468307 0.186073303 0.0115227392 -0.982468307 0.186073303 0.0115227392 -0.982468307 0.186073303 -0.0527034141 -0.954778731 0.292608827 -0.0527034141 -0.954778731 0.292608827 -0.0527034141 -0.954778731 0.292608827 -0.0681443065 -0.904934406 0.420059562 -0.0681443065 -0.904934406 0.420059562 -0.0681443065 -0.904934406 0.420059562 0.0310962088 -0.95911932 0.281288326 0.0310962088 -0.95911932 0.281288326 0.0310962088 -0.95911932 0.281288326 -0.0380180702 -0.91671735 0.397723436 -0.0380180702 -0.91671735 0.397723436 -0.0380180702 -0.91671735 0.397723436 -0.0107866414 -0.988803089 0.148835659 -0.0107866414 -0.988803089 0.148835659 -0.0107866414 -0.988803089 0.148835659 -0.0307949353 -0.981149495 0.190780997 -0.0307949353 -0.981149495 0.190780997 -0.0307949353 -0.981149495 0.190780997 0.287534624 0.946487367 0.146579474 0.287534624 0.946487367 0.146579474 0.287534624 0.946487367 0.146579474 0.0720004737 -0.600096107 0.796680987 0.0720004737 -0.600096107 0.796680987 0.0720004737 -0.600096107 0.796680987 -0.00842322875 -0.124725595 0.992155492 -0.00842322875 -0.124725595 0.992155492 -0.00842322875 -0.124725595 0.992155492 -0.00744361989 -0.066159375 0.997781277 -0.00744361989 -0.066159375 0.997781277 -0.00744361989 -0.066159375 0.997781277 -0.049993664 -0.327167988 0.943642795 -0.049993664 -0.327167988 0.943642795 -0.049993664 -0.327167988 0.943642795 0.0361238122 -0.47191599 0.880903125 0.0361238122 -0.47191599 0.880903125 0.0361238122 -0.47191599 0.880903125 0.0398332551 -0.63949579 0.767761946 0.0398332551 -0.63949579 0.767761946 0.0398332551 -0.63949579 0.767761946 0.0759542361 -0.974745691 0.210004359 0.0759542361 -0.974745691 0.210004359 0.0759542361 -0.974745691 0.210004359 0.111854598 -0.793246806 0.59853828 0.111854598 -0.793246806 0.59853828 0.111854598 -0.793246806 0.59853828 -0.0065568448 -0.989132404 0.146881148 -0.0065568448 -0.989132404 0.146881148 -0.0065568448 -0.989132404 0.146881148 -0.0897991061 -0.261146188 0.961113274 -0.0897991061 -0.261146188 0.961113274 -0.0897991061 -0.261146188 0.961113274 -0.0044662552 -0.989404142 0.145118803 -0.0044662552 -0.989404142 0.145118803 -0.0044662552 -0.989404142 0.145118803 -0.00821301248 -0.986944497 0.160851151 -0.00821301248 -0.986944497 0.160851151 -0.00821301248 -0.986944497 0.160851151 -0.0172660165 -0.984452009 0.174803153 -0.0172660165 -0.984452009 0.174803153 -0.0172660165 -0.984452009 0.174803153 0.0169591475 -0.245817184 0.969167829 0.0169591475 -0.245817184 0.969167829 0.0169591475 -0.245817184 0.969167829 0.0183575321 -0.334566265 0.942193389 0.0183575321 -0.334566265 0.942193389 0.0183575321 -0.334566265 0.942193389 -0.0487837009 -0.229864702 0.971999168 -0.0487837009 -0.229864702 0.971999168 -0.0487837009 -0.229864702 0.971999168 -0.0345971473 -0.153836563 0.987490416 -0.0345971473 -0.153836563 0.987490416 -0.0345971473 -0.153836563 0.987490416 -0.0734167248 -0.834735334 0.54573518 -0.0734167248 -0.834735334 0.54573518 -0.0734167248 -0.834735334 0.54573518 -0.0901412591 -0.642747283 0.760756493 -0.0901412591 -0.642747283 0.760756493 -0.0901412591 -0.642747283 0.760756493 0.0543238558 -0.813487351 0.579039872 0.0543238558 -0.813487351 0.579039872 0.0543238558 -0.813487351 0.579039872 0.0472926423 -0.90500474 0.42276451 0.0472926423 -0.90500474 0.42276451 0.0472926423 -0.90500474 0.42276451 0.0167239755 -0.534068823 0.845275581 0.0167239755 -0.534068823 0.845275581 0.0167239755 -0.534068823 0.845275581 -0.0376191251 -0.465663642 0.88416183 -0.0376191251 -0.465663642 0.88416183 -0.0376191251 -0.465663642 0.88416183 -0.0175357498 -0.329937041 0.943840027 -0.0175357498 -0.329937041 0.943840027 -0.0175357498 -0.329937041 0.943840027 0.0588496514 -0.495460749 0.866634488 0.0588496514 -0.495460749 0.866634488 0.0588496514 -0.495460749 0.866634488 0.034207534 -0.332783729 0.942382514 0.034207534 -0.332783729 0.942382514 0.034207534 -0.332783729 0.942382514 -0.0180876832 -0.257120937 0.966209948 -0.0180876832 -0.257120937 0.966209948 -0.0180876832 -0.257120937 0.966209948 0.0199758187 -0.171316504 0.985013485 0.0199758187 -0.171316504 0.985013485 0.0199758187 -0.171316504 0.985013485 0.0324188583 -0.266456962 0.96330148 0.0324188583 -0.266456962 0.96330148 0.0324188583 -0.266456962 0.96330148 0.0813229457 -0.618148685 0.781843185 0.0813229457 -0.618148685 0.781843185 0.0813229457 -0.618148685 0.781843185 0.0869735181 -0.716437459 0.692208767 0.0869735181 -0.716437459 0.692208767 0.0869735181 -0.716437459 0.692208767 0.09270183 -0.70327574 0.704847217 0.09270183 -0.70327574 0.704847217 0.09270183 -0.70327574 0.704847217 0.0226955973 -0.198796183 0.979778051 0.0226955973 -0.198796183 0.979778051 0.0226955973 -0.198796183 0.979778051 -2.62054243e-07 0.104530767 0.994521677 -2.62054243e-07 0.104530767 0.994521677 -2.62054243e-07 0.104530767 0.994521677 0.027685361 -0.153914064 0.98769629 0.027685361 -0.153914064 0.98769629 0.027685361 -0.153914064 0.98769629 0.0108289355 -0.199477732 0.979842544 0.0108289355 -0.199477732 0.979842544 0.0108289355 -0.199477732 0.979842544 0.0283106714 -0.980740666 0.193251729 0.0283106714 -0.980740666 0.193251729 0.0283106714 -0.980740666 0.193251729 0.00771230599 -0.984719992 0.17397435 0.00771230599 -0.984719992 0.17397435 0.00771230599 -0.984719992 0.17397435 0.0626155809 -0.930889547 0.359894395 0.0626155809 -0.930889547 0.359894395 0.0626155809 -0.930889547 0.359894395 -0.0431542471 -0.932554185 0.35844171 -0.0431542471 -0.932554185 0.35844171 -0.0431542471 -0.932554185 0.35844171 4.48788882e-07 -0.207382843 0.978259861 4.48788882e-07 -0.207382843 0.978259861 4.48788882e-07 -0.207382843 0.978259861 0.00638365885 -0.322851509 0.94642812 0.00638365885 -0.322851509 0.94642812 0.00638365885 -0.322851509 0.94642812 0.0663956851 -0.311752945 0.947840571 0.0663956851 -0.311752945 0.947840571 0.0663956851 -0.311752945 0.947840571 3.63719892e-07 -0.170045719 0.985436201 3.63719892e-07 -0.170045719 0.985436201 3.63719892e-07 -0.170045719 0.985436201 -0.015560586 -0.282903314 0.959022224 -0.015560586 -0.282903314 0.959022224 -0.015560586 -0.282903314 0.959022224 -0.103709601 -0.253644794 0.961721718 -0.103709601 -0.253644794 0.961721718 -0.103709601 -0.253644794 0.961721718 0.0468571261 -0.986212552 0.15871118 0.0468571261 -0.986212552 0.15871118 0.0468571261 -0.986212552 0.15871118 0.0249448642 -0.22770156 0.973411381 0.0249448642 -0.22770156 0.973411381 0.0249448642 -0.22770156 0.973411381 -0.0669351444 -0.468576074 0.880883753 -0.0669351444 -0.468576074 0.880883753 -0.0669351444 -0.468576074 0.880883753 -0.0258248392 -0.346039653 0.937864423 -0.0258248392 -0.346039653 0.937864423 -0.0258248392 -0.346039653 0.937864423 0.0246395841 -0.599636376 0.7998932 0.0246395841 -0.599636376 0.7998932 0.0246395841 -0.599636376 0.7998932 0.0625238344 -0.674304843 0.735801458 0.0625238344 -0.674304843 0.735801458 0.0625238344 -0.674304843 0.735801458 0.0319017991 -0.874199331 0.484518111 0.0319017991 -0.874199331 0.484518111 0.0319017991 -0.874199331 0.484518111 0.0415798277 -0.919089258 0.391849548 0.0415798277 -0.919089258 0.391849548 0.0415798277 -0.919089258 0.391849548 -0.0715587363 -0.813198924 0.577569783 -0.0715587363 -0.813198924 0.577569783 -0.0715587363 -0.813198924 0.577569783 -0.0474533327 -0.679817796 0.731844246 -0.0474533327 -0.679817796 0.731844246 -0.0474533327 -0.679817796 0.731844246 0.0957085565 -0.728644073 0.67817229 0.0957085565 -0.728644073 0.67817229 0.0957085565 -0.728644073 0.67817229 0.0903415158 -0.667318881 0.739272535 0.0903415158 -0.667318881 0.739272535 0.0903415158 -0.667318881 0.739272535 0.10361439 -0.654362679 0.749048412 0.10361439 -0.654362679 0.749048412 0.10361439 -0.654362679 0.749048412 0.103403918 -0.671429574 0.73381871 0.103403918 -0.671429574 0.73381871 0.103403918 -0.671429574 0.73381871 0.037236847 -0.731056035 0.681300581 0.037236847 -0.731056035 0.681300581 0.037236847 -0.731056035 0.681300581 0.0500449464 -0.69941771 0.712958932 0.0500449464 -0.69941771 0.712958932 0.0500449464 -0.69941771 0.712958932 3.43854554e-05 -0.554698467 0.832051456 3.43854554e-05 -0.554698467 0.832051456 3.43854554e-05 -0.554698467 0.832051456 0.0590043664 -0.610109627 0.790116906 0.0590043664 -0.610109627 0.790116906 0.0590043664 -0.610109627 0.790116906 0.0163020156 -0.129110709 0.991496205 0.0163020156 -0.129110709 0.991496205 0.0163020156 -0.129110709 0.991496205 -0.00434482982 -0.984934628 0.172872528 -0.00434482982 -0.984934628 0.172872528 -0.00434482982 -0.984934628 0.172872528 0.101186164 -0.770837247 0.628944635 0.101186164 -0.770837247 0.628944635 0.101186164 -0.770837247 0.628944635 -0.0187769588 -0.264656395 0.964159966 -0.0187769588 -0.264656395 0.964159966 -0.0187769588 -0.264656395 0.964159966 -0.017572403 -0.170519888 0.985197544 -0.017572403 -0.170519888 0.985197544 -0.017572403 -0.170519888 0.985197544 -0.0857039392 -0.244795695 0.965779424 -0.0857039392 -0.244795695 0.965779424 -0.0857039392 -0.244795695 0.965779424 -0.0913001895 -0.2418174 0.966016889 -0.0913001895 -0.2418174 0.966016889 -0.0913001895 -0.2418174 0.966016889 0.0601661503 -0.975624025 0.211039677 0.0601661503 -0.975624025 0.211039677 0.0601661503 -0.975624025 0.211039677 -0.0421298556 -0.957753003 0.284489393 -0.0421298556 -0.957753003 0.284489393 -0.0421298556 -0.957753003 0.284489393 -0.0472276136 -0.917144656 0.39574644 -0.0472276136 -0.917144656 0.39574644 -0.0472276136 -0.917144656 0.39574644 0.0281738527 -0.972669959 0.23047635 0.0281738527 -0.972669959 0.23047635 0.0281738527 -0.972669959 0.23047635 0.0151555808 -0.985019386 0.171776205 0.0151555808 -0.985019386 0.171776205 0.0151555808 -0.985019386 0.171776205 -0.0877729803 -0.239956856 0.966807425 -0.0877729803 -0.239956856 0.966807425 -0.0877729803 -0.239956856 0.966807425 -0.0847278982 -0.241318107 0.966740251 -0.0847278982 -0.241318107 0.966740251 -0.0847278982 -0.241318107 0.966740251 0.00613806956 0.988481343 0.15121825 0.00613806956 0.988481343 0.15121825 0.00613806956 0.988481343 0.15121825 0.0461111553 0.000369695103 -0.998936236 0.0461111553 0.000369695103 -0.998936236 0.0461111553 0.000369695103 -0.998936236 -0.0451356322 0.000387121225 -0.99898082 -0.0451356322 0.000387121225 -0.99898082 -0.0451356322 0.000387121225 -0.99898082 0.225524858 0.884234607 0.408983767 0.225524858 0.884234607 0.408983767 0.225524858 0.884234607 0.408983767 0.130199477 0.921095729 0.36692062 0.130199477 0.921095729 0.36692062 0.130199477 0.921095729 0.36692062 -0.00420808094 -0.988347054 0.152159229 -0.00420808094 -0.988347054 0.152159229 -0.00420808094 -0.988347054 0.152159229 0.149204955 0.921428919 0.358757079 0.149204955 0.921428919 0.358757079 0.149204955 0.921428919 0.358757079 -0.097718969 -0.000585909293 -0.995213866 -0.097718969 -0.000585909293 -0.995213866 -0.097718969 -0.000585909293 -0.995213866 -0.00997952744 -0.980551779 0.196006551 -0.00997952744 -0.980551779 0.196006551 -0.00997952744 -0.980551779 0.196006551 0.010867374 0.989903331 0.141326904 0.010867374 0.989903331 0.141326904 0.010867374 0.989903331 0.141326904 0.0034335393 0.989142478 0.146919578 0.0034335393 0.989142478 0.146919578 0.0034335393 0.989142478 0.146919578 -0.0422141477 1.77757775e-05 -0.999108613 -0.0422141477 1.77757775e-05 -0.999108613 -0.0422141477 1.77757775e-05 -0.999108613 -0.00784026831 0.14681901 0.989132285 -0.00784026831 0.14681901 0.989132285 -0.00784026831 0.14681901 0.989132285 0.0060285111 0.988594234 0.150482878 0.0060285111 0.988594234 0.150482878 0.0060285111 0.988594234 0.150482878 0.00160427415 -0.989165902 0.146793172 0.00160427415 -0.989165902 0.146793172 0.00160427415 -0.989165902 0.146793172 -0.0275067519 0.144758657 0.989084601 -0.0275067519 0.144758657 0.989084601 -0.0275067519 0.144758657 0.989084601 0.00352519425 0.0630099848 0.998006642 0.00352519425 0.0630099848 0.998006642 0.00352519425 0.0630099848 0.998006642 0.00134926313 0.1132387 0.993566871 0.00134926313 0.1132387 0.993566871 0.00134926313 0.1132387 0.993566871 0.0408955552 0.156357646 0.98685348 0.0408955552 0.156357646 0.98685348 0.0408955552 0.156357646 0.98685348 -0.0292449351 0.158993751 0.986846328 -0.0292449351 0.158993751 0.986846328 -0.0292449351 0.158993751 0.986846328 0.00294536608 0.0666155741 0.997774363 0.00294536608 0.0666155741 0.997774363 0.00294536608 0.0666155741 0.997774363 0.00393314334 -0.0613412894 0.998109102 0.00393314334 -0.0613412894 0.998109102 0.00393314334 -0.0613412894 0.998109102 -0.0829980522 -0.240424976 0.96711278 -0.0829980522 -0.240424976 0.96711278 -0.0829980522 -0.240424976 0.96711278 -0.108160965 -0.464264691 0.879067421 -0.108160965 -0.464264691 0.879067421 -0.108160965 -0.464264691 0.879067421 -0.0832651854 -0.240210071 0.967143238 -0.0832651854 -0.240210071 0.967143238 -0.0832651854 -0.240210071 0.967143238 0.00349980383 -0.989097118 0.147223085 0.00349980383 -0.989097118 0.147223085 0.00349980383 -0.989097118 0.147223085 -0.0214000568 -0.98315829 0.181498766 -0.0214000568 -0.98315829 0.181498766 -0.0214000568 -0.98315829 0.181498766 0.037207339 0.987654865 0.152162626 0.037207339 0.987654865 0.152162626 0.037207339 0.987654865 0.152162626 -0.177860081 -0.107268818 0.978191793 -0.177860081 -0.107268818 0.978191793 -0.177860081 -0.107268818 0.978191793 -0.930776238 -0.253876418 0.263063401 -0.930776238 -0.253876418 0.263063401 -0.930776238 -0.253876418 0.263063401 0.0433692038 -0.984759212 0.168429345 0.0433692038 -0.984759212 0.168429345 0.0433692038 -0.984759212 0.168429345 0.00126816181 0.0567849651 0.998385608 0.00126816181 0.0567849651 0.998385608 0.00126816181 0.0567849651 0.998385608 0.0394045748 0.985224247 0.166674897 0.0394045748 0.985224247 0.166674897 0.0394045748 0.985224247 0.166674897 0.0352491811 0.989706159 0.138705537 0.0352491811 0.989706159 0.138705537 0.0352491811 0.989706159 0.138705537 0.0442570075 0.987508118 0.151225194 0.0442570075 0.987508118 0.151225194 0.0442570075 0.987508118 0.151225194 0.0407262668 0.985220194 0.166380614 0.0407262668 0.985220194 0.166380614 0.0407262668 0.985220194 0.166380614 -0.0173255391 0.271071643 0.962403238 -0.0173255391 0.271071643 0.962403238 -0.0173255391 0.271071643 0.962403238 -0.0766673461 -0.641043603 0.763665676 -0.0766673461 -0.641043603 0.763665676 -0.0766673461 -0.641043603 0.763665676 0.0864363015 0.774983644 0.626042426 0.0864363015 0.774983644 0.626042426 0.0864363015 0.774983644 0.626042426 0.0305644404 0.990603268 0.133307621 0.0305644404 0.990603268 0.133307621 0.0305644404 0.990603268 0.133307621 -0.0813233033 -0.637228429 0.766372263 -0.0813233033 -0.637228429 0.766372263 -0.0813233033 -0.637228429 0.766372263 0.211303264 0.88338697 0.418304175 0.211303264 0.88338697 0.418304175 0.211303264 0.88338697 0.418304175 0.0250427816 -0.988948703 0.146127924 0.0250427816 -0.988948703 0.146127924 0.0250427816 -0.988948703 0.146127924 0.211999416 0.892433047 0.398270637 0.211999416 0.892433047 0.398270637 0.211999416 0.892433047 0.398270637 0.0407804623 0.000378181925 -0.999168038 0.0407804623 0.000378181925 -0.999168038 0.0407804623 0.000378181925 -0.999168038 0.0173046663 0.0842709839 0.996292591 0.0173046663 0.0842709839 0.996292591 0.0173046663 0.0842709839 0.996292591 -0.00496079167 0.181117445 0.983448982 -0.00496079167 0.181117445 0.983448982 -0.00496079167 0.181117445 0.983448982 -0.0813501999 -0.637241721 0.766358376 -0.0813501999 -0.637241721 0.766358376 -0.0813501999 -0.637241721 0.766358376 -0.0904150158 -0.631995261 0.769679904 -0.0904150158 -0.631995261 0.769679904 -0.0904150158 -0.631995261 0.769679904 -0.0627157763 -0.975452483 0.211090446 -0.0627157763 -0.975452483 0.211090446 -0.0627157763 -0.975452483 0.211090446 0.0156093705 0.990823686 0.134256393 0.0156093705 0.990823686 0.134256393 0.0156093705 0.990823686 0.134256393 -0.0904886276 -0.632037461 0.769636571 -0.0904886276 -0.632037461 0.769636571 -0.0904886276 -0.632037461 0.769636571 -0.0925352722 -0.630713761 0.770478666 -0.0925352722 -0.630713761 0.770478666 -0.0925352722 -0.630713761 0.770478666 0.0456302762 -0.335387975 0.940974355 0.0456302762 -0.335387975 0.940974355 0.0456302762 -0.335387975 0.940974355 0.00659926515 0.124893419 0.992148221 0.00659926515 0.124893419 0.992148221 0.00659926515 0.124893419 0.992148221 0.0249125138 0.137222975 0.990226865 0.0249125138 0.137222975 0.990226865 0.0249125138 0.137222975 0.990226865 0.0485802069 0.383108288 0.922425091 0.0485802069 0.383108288 0.922425091 0.0485802069 0.383108288 0.922425091 0.0464518517 0.382410794 0.922824025 0.0464518517 0.382410794 0.922824025 0.0464518517 0.382410794 0.922824025 0.0269947592 0.29204914 0.956022263 0.0269947592 0.29204914 0.956022263 0.0269947592 0.29204914 0.956022263 0.0239483621 -0.991262615 0.129710689 0.0239483621 -0.991262615 0.129710689 0.0239483621 -0.991262615 0.129710689 -2.00031977e-07 0.0771690458 0.997018039 -2.00031977e-07 0.0771690458 0.997018039 -2.00031977e-07 0.0771690458 0.997018039 0.0349902585 0.000886873924 -0.999387264 0.0349902585 0.000886873924 -0.999387264 0.0349902585 0.000886873924 -0.999387264 -0.00557586458 0.0841822475 0.996434748 -0.00557586458 0.0841822475 0.996434748 -0.00557586458 0.0841822475 0.996434748 -0.000221465321 0.140815392 0.990035832 -0.000221465321 0.140815392 0.990035832 -0.000221465321 0.140815392 0.990035832 -0.102148265 -0.635710955 0.765138745 -0.102148265 -0.635710955 0.765138745 -0.102148265 -0.635710955 0.765138745 0.00204298925 0.987994671 0.154474601 0.00204298925 0.987994671 0.154474601 0.00204298925 0.987994671 0.154474601 0.00523981499 -0.988830149 0.148954764 0.00523981499 -0.988830149 0.148954764 0.00523981499 -0.988830149 0.148954764 0.0559135489 0.533604562 0.843883812 0.0559135489 0.533604562 0.843883812 0.0559135489 0.533604562 0.843883812 -0.0929101929 -0.641311169 0.761634886 -0.0929101929 -0.641311169 0.761634886 -0.0929101929 -0.641311169 0.761634886 0.102985911 0.844527543 0.525516033 0.102985911 0.844527543 0.525516033 0.102985911 0.844527543 0.525516033 0.060096778 0.980468929 0.187267363 0.060096778 0.980468929 0.187267363 0.060096778 0.980468929 0.187267363 0.170840561 0.923134267 0.344436735 0.170840561 0.923134267 0.344436735 0.170840561 0.923134267 0.344436735 0.196733415 0.895344377 0.399567813 0.196733415 0.895344377 0.399567813 0.196733415 0.895344377 0.399567813 0.190543965 0.897527754 0.397664398 0.190543965 0.897527754 0.397664398 0.190543965 0.897527754 0.397664398 0.168792024 0.907363772 0.384967834 0.168792024 0.907363772 0.384967834 0.168792024 0.907363772 0.384967834 -0.00480752764 0.989344716 0.145512581 -0.00480752764 0.989344716 0.145512581 -0.00480752764 0.989344716 0.145512581 0.00530170556 0.987090766 0.160074145 0.00530170556 0.987090766 0.160074145 0.00530170556 0.987090766 0.160074145 -0.00241001183 0.989212751 0.146465942 -0.00241001183 0.989212751 0.146465942 -0.00241001183 0.989212751 0.146465942 -0.00330677629 0.989105403 0.147171795 -0.00330677629 0.989105403 0.147171795 -0.00330677629 0.989105403 0.147171795 0.0183326583 0.946736932 0.321485788 0.0183326583 0.946736932 0.321485788 0.0183326583 0.946736932 0.321485788 0.0537174419 0.901943564 0.428499937 0.0537174419 0.901943564 0.428499937 0.0537174419 0.901943564 0.428499937 -0.0436540954 0.970215142 0.23827903 -0.0436540954 0.970215142 0.23827903 -0.0436540954 0.970215142 0.23827903 -0.00209748792 0.988325 0.152346015 -0.00209748792 0.988325 0.152346015 -0.00209748792 0.988325 0.152346015 -6.90448678e-06 0.989309013 0.145834222 -6.90448678e-06 0.989309013 0.145834222 -6.90448678e-06 0.989309013 0.145834222 -0.000395255367 0.989421844 0.145066544 -0.000395255367 0.989421844 0.145066544 -0.000395255367 0.989421844 0.145066544 -0.0307018347 0.984278381 0.173935175 -0.0307018347 0.984278381 0.173935175 -0.0307018347 0.984278381 0.173935175 -0.00107931974 0.984659612 0.174483001 -0.00107931974 0.984659612 0.174483001 -0.00107931974 0.984659612 0.174483001 -0.113079317 -0.650737524 0.750835359 -0.113079317 -0.650737524 0.750835359 -0.113079317 -0.650737524 0.750835359 -0.00690223603 0.984435678 0.175609499 -0.00690223603 0.984435678 0.175609499 -0.00690223603 0.984435678 0.175609499 -0.021004416 0.978625834 0.204573497 -0.021004416 0.978625834 0.204573497 -0.021004416 0.978625834 0.204573497 -0.0164757166 -0.978902757 0.203661427 -0.0164757166 -0.978902757 0.203661427 -0.0164757166 -0.978902757 0.203661427 -0.106982931 0.46608001 0.878250599 -0.106982931 0.46608001 0.878250599 -0.106982931 0.46608001 0.878250599 0.179067835 -0.908383846 0.377853811 0.179067835 -0.908383846 0.377853811 0.179067835 -0.908383846 0.377853811 -0.0923571736 0.615037143 0.783070564 -0.0923571736 0.615037143 0.783070564 -0.0923571736 0.615037143 0.783070564 -0.0994355232 0.534622908 0.839220405 -0.0994355232 0.534622908 0.839220405 -0.0994355232 0.534622908 0.839220405 3.25306974e-05 -0.486611217 0.873618662 3.25306974e-05 -0.486611217 0.873618662 3.25306974e-05 -0.486611217 0.873618662 -0.0287038106 0.984604657 0.17242305 -0.0287038106 0.984604657 0.17242305 -0.0287038106 0.984604657 0.17242305 -0.0479179472 0.973848462 0.222087786 -0.0479179472 0.973848462 0.222087786 -0.0479179472 0.973848462 0.222087786 -0.0644831061 0.971948802 0.226180226 -0.0644831061 0.971948802 0.226180226 -0.0644831061 0.971948802 0.226180226 -0.0486891642 0.896951139 0.439440519 -0.0486891642 0.896951139 0.439440519 -0.0486891642 0.896951139 0.439440519 0.0117970221 0.987898827 0.154650196 0.0117970221 0.987898827 0.154650196 0.0117970221 0.987898827 0.154650196 -0.00279792328 -0.139462009 0.990223467 -0.00279792328 -0.139462009 0.990223467 -0.00279792328 -0.139462009 0.990223467 0.0300349575 0.9809196 0.192079797 0.0300349575 0.9809196 0.192079797 0.0300349575 0.9809196 0.192079797 0.0335047357 0.980679989 0.192728356 0.0335047357 0.980679989 0.192728356 0.0335047357 0.980679989 0.192728356 0.0308261923 0.440709174 0.897120476 0.0308261923 0.440709174 0.897120476 0.0308261923 0.440709174 0.897120476 0.0640460551 -0.979771674 0.189593226 0.0640460551 -0.979771674 0.189593226 0.0640460551 -0.979771674 0.189593226 0.0295784641 0.397192866 0.917258382 0.0295784641 0.397192866 0.917258382 0.0295784641 0.397192866 0.917258382 0.0670690835 0.412804037 0.908347189 0.0670690835 0.412804037 0.908347189 0.0670690835 0.412804037 0.908347189 -0.0255769938 0.207747594 0.977847993 -0.0255769938 0.207747594 0.977847993 -0.0255769938 0.207747594 0.977847993 0.0305227246 -0.000478309841 -0.999533951 0.0305227246 -0.000478309841 -0.999533951 0.0305227246 -0.000478309841 -0.999533951 -0.0248120967 0.176465631 0.983994007 -0.0248120967 0.176465631 0.983994007 -0.0248120967 0.176465631 0.983994007 -0.0255364161 0.207811102 0.977835596 -0.0255364161 0.207811102 0.977835596 -0.0255364161 0.207811102 0.977835596 -0.0380086638 -0.206890985 0.97762543 -0.0380086638 -0.206890985 0.97762543 -0.0380086638 -0.206890985 0.97762543 -0.0904731154 -0.663535655 0.742654026 -0.0904731154 -0.663535655 0.742654026 -0.0904731154 -0.663535655 0.742654026 0.152326077 0.922311664 0.355159074 0.152326077 0.922311664 0.355159074 0.152326077 0.922311664 0.355159074 0.0154113397 0.131113231 0.991247594 0.0154113397 0.131113231 0.991247594 0.0154113397 0.131113231 0.991247594 -0.0351182148 0.209749222 0.977124333 -0.0351182148 0.209749222 0.977124333 -0.0351182148 0.209749222 0.977124333 -0.0404322408 0.289474905 0.956331253 -0.0404322408 0.289474905 0.956331253 -0.0404322408 0.289474905 0.956331253 0.0174305514 0.230940476 0.972811759 0.0174305514 0.230940476 0.972811759 0.0174305514 0.230940476 0.972811759 -0.0082692476 0.989409149 0.144917637 -0.0082692476 0.989409149 0.144917637 -0.0082692476 0.989409149 0.144917637 0.00971066579 0.966303945 0.257220447 0.00971066579 0.966303945 0.257220447 0.00971066579 0.966303945 0.257220447 -0.0133868903 -0.212880164 0.976986587 -0.0133868903 -0.212880164 0.976986587 -0.0133868903 -0.212880164 0.976986587 -0.00489269616 0.988792002 0.149219349 -0.00489269616 0.988792002 0.149219349 -0.00489269616 0.988792002 0.149219349 0.0455340818 0.337971658 0.940054119 0.0455340818 0.337971658 0.940054119 0.0455340818 0.337971658 0.940054119 -0.0833779499 0.46095103 0.88349998 -0.0833779499 0.46095103 0.88349998 -0.0833779499 0.46095103 0.88349998 -0.0551617853 0.656811059 0.752034843 -0.0551617853 0.656811059 0.752034843 -0.0551617853 0.656811059 0.752034843 0.159975633 0.82939744 0.535264134 0.159975633 0.82939744 0.535264134 0.159975633 0.82939744 0.535264134 0.0839723051 0.969736159 0.229260653 0.0839723051 0.969736159 0.229260653 0.0839723051 0.969736159 0.229260653 0.201941371 -0.89639616 0.394580275 0.201941371 -0.89639616 0.394580275 0.201941371 -0.89639616 0.394580275 -0.0353544168 -0.260754168 0.964757681 -0.0353544168 -0.260754168 0.964757681 -0.0353544168 -0.260754168 0.964757681 -0.0294007193 0.26194346 0.964635253 -0.0294007193 0.26194346 0.964635253 -0.0294007193 0.26194346 0.964635253 -0.0764905661 0.304017663 0.949590683 -0.0764905661 0.304017663 0.949590683 -0.0764905661 0.304017663 0.949590683 -0.0878224671 0.372196078 0.923989892 -0.0878224671 0.372196078 0.923989892 -0.0878224671 0.372196078 0.923989892 -0.0715385824 0.633519113 0.770412743 -0.0715385824 0.633519113 0.770412743 -0.0715385824 0.633519113 0.770412743 -0.0698152781 0.502556503 0.86172086 -0.0698152781 0.502556503 0.86172086 -0.0698152781 0.502556503 0.86172086 -0.0556811839 0.687078178 0.724446774 -0.0556811839 0.687078178 0.724446774 -0.0556811839 0.687078178 0.724446774 -0.115235768 0.687174976 0.717294455 -0.115235768 0.687174976 0.717294455 -0.115235768 0.687174976 0.717294455 0.0272769202 0.288136125 0.957200885 0.0272769202 0.288136125 0.957200885 0.0272769202 0.288136125 0.957200885 -0.0580726713 0.39944312 0.914916813 -0.0580726713 0.39944312 0.914916813 -0.0580726713 0.39944312 0.914916813 0.0298829433 0.518761456 0.854396582 0.0298829433 0.518761456 0.854396582 0.0298829433 0.518761456 0.854396582 0.0799552947 0.493649602 0.865977585 0.0799552947 0.493649602 0.865977585 0.0799552947 0.493649602 0.865977585 -0.0424127392 0.978485763 0.201907814 -0.0424127392 0.978485763 0.201907814 -0.0424127392 0.978485763 0.201907814 -0.0974433497 -0.612134576 0.784726739 -0.0974433497 -0.612134576 0.784726739 -0.0974433497 -0.612134576 0.784726739 -4.04975217e-05 -0.549701452 0.835361183 -4.04975217e-05 -0.549701452 0.835361183 -4.04975217e-05 -0.549701452 0.835361183 -0.0522267967 0.380603194 0.923262477 -0.0522267967 0.380603194 0.923262477 -0.0522267967 0.380603194 0.923262477 0.153077111 0.760658979 0.630844891 0.153077111 0.760658979 0.630844891 0.153077111 0.760658979 0.630844891 0.063317515 0.702704728 0.708658576 0.063317515 0.702704728 0.708658576 0.063317515 0.702704728 0.708658576 0.125559837 0.696981966 0.70601052 0.125559837 0.696981966 0.70601052 0.125559837 0.696981966 0.70601052 0.021354001 0.868132889 0.495872229 0.021354001 0.868132889 0.495872229 0.021354001 0.868132889 0.495872229 -0.0521462671 0.226009384 0.972728372 -0.0521462671 0.226009384 0.972728372 -0.0521462671 0.226009384 0.972728372 -0.0444200076 0.314914376 0.948080063 -0.0444200076 0.314914376 0.948080063 -0.0444200076 0.314914376 0.948080063 0.0203564968 0.20137611 0.979302466 0.0203564968 0.20137611 0.979302466 0.0203564968 0.20137611 0.979302466 0.0289991293 0.151428044 0.988042831 0.0289991293 0.151428044 0.988042831 0.0289991293 0.151428044 0.988042831 -0.0306326672 0.226617262 0.97350204 -0.0306326672 0.226617262 0.97350204 -0.0306326672 0.226617262 0.97350204 -0.0464260988 0.32997492 0.942847371 -0.0464260988 0.32997492 0.942847371 -0.0464260988 0.32997492 0.942847371 0.0348669589 0.238536701 0.970507383 0.0348669589 0.238536701 0.970507383 0.0348669589 0.238536701 0.970507383 0.0808167011 0.692087948 0.717274666 0.0808167011 0.692087948 0.717274666 0.0808167011 0.692087948 0.717274666 0.117060542 0.688872516 0.715368032 0.117060542 0.688872516 0.715368032 0.117060542 0.688872516 0.715368032 0.112849839 0.800637007 0.588426173 0.112849839 0.800637007 0.588426173 0.112849839 0.800637007 0.588426173 0.0764352754 0.80791074 0.584326863 0.0764352754 0.80791074 0.584326863 0.0764352754 0.80791074 0.584326863 -0.0147421127 0.987839401 0.15477705 -0.0147421127 0.987839401 0.15477705 -0.0147421127 0.987839401 0.15477705 -0.025134556 0.972843349 0.230095685 -0.025134556 0.972843349 0.230095685 -0.025134556 0.972843349 0.230095685 0.464829445 -0.604750395 0.646691978 0.464829445 -0.604750395 0.646691978 0.464829445 -0.604750395 0.646691978 -0.0349220745 0.95332545 0.299918413 -0.0349220745 0.95332545 0.299918413 -0.0349220745 0.95332545 0.299918413 -0.0219107214 -0.968571603 0.247767881 -0.0219107214 -0.968571603 0.247767881 -0.0219107214 -0.968571603 0.247767881 -1.69056584e-05 0.401167303 0.916004777 -1.69056584e-05 0.401167303 0.916004777 -1.69056584e-05 0.401167303 0.916004777 0.000539175991 -0.988086224 0.153900355 0.000539175991 -0.988086224 0.153900355 0.000539175991 -0.988086224 0.153900355 -0.0682781562 -0.396394044 0.915538013 -0.0682781562 -0.396394044 0.915538013 -0.0682781562 -0.396394044 0.915538013 0.0483655185 0.975268841 0.215665117 0.0483655185 0.975268841 0.215665117 0.0483655185 0.975268841 0.215665117 -0.0511546023 0.927608132 0.370035559 -0.0511546023 0.927608132 0.370035559 -0.0511546023 0.927608132 0.370035559 -0.0051132706 0.979274094 0.202474803 -0.0051132706 0.979274094 0.202474803 -0.0051132706 0.979274094 0.202474803 -0.0568211414 0.849590003 0.524374127 -0.0568211414 0.849590003 0.524374127 -0.0568211414 0.849590003 0.524374127 -0.053808324 0.908002555 0.415494919 -0.053808324 0.908002555 0.415494919 -0.053808324 0.908002555 0.415494919 0.072709389 0.814911723 0.575006306 0.072709389 0.814911723 0.575006306 0.072709389 0.814911723 0.575006306 0.0562296063 0.650452852 0.757462442 0.0562296063 0.650452852 0.757462442 0.0562296063 0.650452852 0.757462442 -0.115245432 0.511778653 0.851352513 -0.115245432 0.511778653 0.851352513 -0.115245432 0.511778653 0.851352513 0.0301193092 0.603485525 0.796804905 0.0301193092 0.603485525 0.796804905 0.0301193092 0.603485525 0.796804905 0.0242933221 0.396209925 0.917838514 0.0242933221 0.396209925 0.917838514 0.0242933221 0.396209925 0.917838514 0.0134719256 0.317774951 0.948070467 0.0134719256 0.317774951 0.948070467 0.0134719256 0.317774951 0.948070467 0.0346520506 0.149172217 0.988203883 0.0346520506 0.149172217 0.988203883 0.0346520506 0.149172217 0.988203883 0.0812741593 0.967940867 0.237665758 0.0812741593 0.967940867 0.237665758 0.0812741593 0.967940867 0.237665758 4.1211706e-06 -0.232483223 0.9726004 4.1211706e-06 -0.232483223 0.9726004 4.1211706e-06 -0.232483223 0.9726004 -0.0630960912 0.525197625 0.848637938 -0.0630960912 0.525197625 0.848637938 -0.0630960912 0.525197625 0.848637938 0.0139796911 0.545531213 0.837973893 0.0139796911 0.545531213 0.837973893 0.0139796911 0.545531213 0.837973893 0.0719384998 0.488934994 0.869348824 0.0719384998 0.488934994 0.869348824 0.0719384998 0.488934994 0.869348824 0.0401950218 0.323678613 0.945312917 0.0401950218 0.323678613 0.945312917 0.0401950218 0.323678613 0.945312917 -0.0535905808 0.485195458 0.872761965 -0.0535905808 0.485195458 0.872761965 -0.0535905808 0.485195458 0.872761965 -0.00995098986 0.0843899027 0.996383131 -0.00995098986 0.0843899027 0.996383131 -0.00995098986 0.0843899027 0.996383131 -1.56211468e-06 0.0962037817 0.995361686 -1.56211468e-06 0.0962037817 0.995361686 -1.56211468e-06 0.0962037817 0.995361686 -0.0422166176 -0.315236837 0.948073566 -0.0422166176 -0.315236837 0.948073566 -0.0422166176 -0.315236837 0.948073566 -0.000615347002 0.168688953 0.985669136 -0.000615347002 0.168688953 0.985669136 -0.000615347002 0.168688953 0.985669136 -0.0366085805 0.943972349 0.32798785 -0.0366085805 0.943972349 0.32798785 -0.0366085805 0.943972349 0.32798785 0.0511280447 0.829850495 0.555638492 0.0511280447 0.829850495 0.555638492 0.0511280447 0.829850495 0.555638492 -0.0338366628 0.681168973 0.731343925 -0.0338366628 0.681168973 0.731343925 -0.0338366628 0.681168973 0.731343925 0.0362413302 0.967750669 0.249289289 0.0362413302 0.967750669 0.249289289 0.0362413302 0.967750669 0.249289289 0.0307210237 0.941637754 0.335223079 0.0307210237 0.941637754 0.335223079 0.0307210237 0.941637754 0.335223079 -0.0264894292 0.972755969 0.230313241 -0.0264894292 0.972755969 0.230313241 -0.0264894292 0.972755969 0.230313241 -0.0127369501 0.986927807 0.160658717 -0.0127369501 0.986927807 0.160658717 -0.0127369501 0.986927807 0.160658717 0.0768396631 0.64979434 0.756216228 0.0768396631 0.64979434 0.756216228 0.0768396631 0.64979434 0.756216228 0.109371886 0.645000577 0.756314754 0.109371886 0.645000577 0.756314754 0.109371886 0.645000577 0.756314754 0.125396863 0.732861221 0.668722689 0.125396863 0.732861221 0.668722689 0.125396863 0.732861221 0.668722689 0.0842549279 0.740976214 0.666224718 0.0842549279 0.740976214 0.666224718 0.0842549279 0.740976214 0.666224718 0.151804611 0.780205667 0.606823266 0.151804611 0.780205667 0.606823266 0.151804611 0.780205667 0.606823266 0.132206008 0.733690202 0.666498542 0.132206008 0.733690202 0.666498542 0.132206008 0.733690202 0.666498542 0.148702905 0.806625009 0.572052002 0.148702905 0.806625009 0.572052002 0.148702905 0.806625009 0.572052002 0.133952528 0.806540012 0.575803697 0.133952528 0.806540012 0.575803697 0.133952528 0.806540012 0.575803697 -0.0727455914 0.642917871 0.762472749 -0.0727455914 0.642917871 0.762472749 -0.0727455914 0.642917871 0.762472749 -0.122078754 -0.676697552 0.726069689 -0.122078754 -0.676697552 0.726069689 -0.122078754 -0.676697552 0.726069689 -0.0490581766 -0.315857202 0.947537601 -0.0490581766 -0.315857202 0.947537601 -0.0490581766 -0.315857202 0.947537601 0.184276432 0.908355594 0.375409514 0.184276432 0.908355594 0.375409514 0.184276432 0.908355594 0.375409514 0.201238275 0.897549987 0.392309994 0.201238275 0.897549987 0.392309994 0.201238275 0.897549987 0.392309994 0.182606757 -0.86396414 0.469276786 0.182606757 -0.86396414 0.469276786 0.182606757 -0.86396414 0.469276786 -0.0616739541 0.901366115 0.428643793 -0.0616739541 0.901366115 0.428643793 -0.0616739541 0.901366115 0.428643793 -0.0856904387 -0.437421292 0.895164669 -0.0856904387 -0.437421292 0.895164669 -0.0856904387 -0.437421292 0.895164669 0.0642554462 0.977001846 0.203318968 0.0642554462 0.977001846 0.203318968 0.0642554462 0.977001846 0.203318968 -0.0313032344 0.233809248 0.971778452 -0.0313032344 0.233809248 0.971778452 -0.0313032344 0.233809248 0.971778452 -0.025060406 0.325044781 0.945366502 -0.025060406 0.325044781 0.945366502 -0.025060406 0.325044781 0.945366502 0.037105713 0.245315775 0.968732834 0.037105713 0.245315775 0.968732834 0.037105713 0.245315775 0.968732834 0.0712493658 0.347699881 0.9348948 0.0712493658 0.347699881 0.9348948 0.0712493658 0.347699881 0.9348948 0.0201613083 0.34673807 0.937745273 0.0201613083 0.34673807 0.937745273 0.0201613083 0.34673807 0.937745273 -0.0848919973 -0.69623512 0.712776303 -0.0848919973 -0.69623512 0.712776303 -0.0848919973 -0.69623512 0.712776303 0.028489463 0.230315879 0.972698808 0.028489463 0.230315879 0.972698808 0.028489463 0.230315879 0.972698808 0.0477989465 0.555960536 0.82983321 0.0477989465 0.555960536 0.82983321 0.0477989465 0.555960536 0.82983321 0.0123456009 0.343238741 0.939167023 0.0123456009 0.343238741 0.939167023 0.0123456009 0.343238741 0.939167023 0.083103627 0.346331716 0.934423983 0.083103627 0.346331716 0.934423983 0.083103627 0.346331716 0.934423983 0.105750844 0.550291896 0.828248501 0.105750844 0.550291896 0.828248501 0.105750844 0.550291896 0.828248501 -0.0942191556 -0.408974349 0.907668829 -0.0942191556 -0.408974349 0.907668829 -0.0942191556 -0.408974349 0.907668829 -0.0544502251 -0.385428429 0.921129823 -0.0544502251 -0.385428429 0.921129823 -0.0544502251 -0.385428429 0.921129823 -0.110587828 0.465074748 0.878336966 -0.110587828 0.465074748 0.878336966 -0.110587828 0.465074748 0.878336966 0.12288557 -0.811113775 0.571833491 0.12288557 -0.811113775 0.571833491 0.12288557 -0.811113775 0.571833491 -0.112890705 0.486538857 0.866334617 -0.112890705 0.486538857 0.866334617 -0.112890705 0.486538857 0.866334617 -0.0282854475 -0.246507302 0.968728065 -0.0282854475 -0.246507302 0.968728065 -0.0282854475 -0.246507302 0.968728065 -0.0980216861 -0.438012928 0.89360863 -0.0980216861 -0.438012928 0.89360863 -0.0980216861 -0.438012928 0.89360863 -0.00409120973 -0.987153709 0.159720883 -0.00409120973 -0.987153709 0.159720883 -0.00409120973 -0.987153709 0.159720883 0.00265609799 0.892280459 0.451473683 0.00265609799 0.892280459 0.451473683 0.00265609799 0.892280459 0.451473683 0.00935299974 0.854135036 0.519967139 0.00935299974 0.854135036 0.519967139 0.00935299974 0.854135036 0.519967139 -0.0214923918 -0.986467779 0.16254051 -0.0214923918 -0.986467779 0.16254051 -0.0214923918 -0.986467779 0.16254051 0.101741947 0.967062354 0.233321592 0.101741947 0.967062354 0.233321592 0.101741947 0.967062354 0.233321592 0.101999573 -0.855023444 0.508459449 0.101999573 -0.855023444 0.508459449 0.101999573 -0.855023444 0.508459449 0.22741352 -0.882273138 0.412161648 0.22741352 -0.882273138 0.412161648 0.22741352 -0.882273138 0.412161648 0.217994526 -0.877856195 0.426435113 0.217994526 -0.877856195 0.426435113 0.217994526 -0.877856195 0.426435113 -0.0126544107 -0.0858494043 0.996227741 -0.0126544107 -0.0858494043 0.996227741 -0.0126544107 -0.0858494043 0.996227741 0.409444183 -0.737527311 0.537037194 0.409444183 -0.737527311 0.537037194 0.409444183 -0.737527311 0.537037194 0.133203834 -0.762944639 0.632591665 0.133203834 -0.762944639 0.632591665 0.133203834 -0.762944639 0.632591665 9.7942177e-07 -0.0787859112 0.996891558 9.7942177e-07 -0.0787859112 0.996891558 9.7942177e-07 -0.0787859112 0.996891558 0.0642680973 -0.780189693 0.622232795 0.0642680973 -0.780189693 0.622232795 0.0642680973 -0.780189693 0.622232795 -5.32334852e-05 0.662173688 0.749350369 -5.32334852e-05 0.662173688 0.749350369 -5.32334852e-05 0.662173688 0.749350369 0.14816685 -0.845043242 0.513759196 0.14816685 -0.845043242 0.513759196 0.14816685 -0.845043242 0.513759196 0.137131423 -0.824254632 0.5493626 0.137131423 -0.824254632 0.5493626 0.137131423 -0.824254632 0.5493626 -0.154027224 0.538235843 0.82859987 -0.154027224 0.538235843 0.82859987 -0.154027224 0.538235843 0.82859987 0.155242756 -0.887254596 0.434371889 0.155242756 -0.887254596 0.434371889 0.155242756 -0.887254596 0.434371889 0.163489148 -0.870753586 0.463745117 0.163489148 -0.870753586 0.463745117 0.163489148 -0.870753586 0.463745117 -0.0108503774 -0.128084704 0.991703868 -0.0108503774 -0.128084704 0.991703868 -0.0108503774 -0.128084704 0.991703868 0.107975289 0.990198612 -0.0885894969 0.107975289 0.990198612 -0.0885894969 0.107975289 0.990198612 -0.0885894969 2.92998038e-06 -0.144587651 0.989491999 2.92998038e-06 -0.144587651 0.989491999 2.92998038e-06 -0.144587651 0.989491999 0.0188931879 -0.991158843 0.131328449 0.0188931879 -0.991158843 0.131328449 0.0188931879 -0.991158843 0.131328449 0.180980816 0.883227944 0.432613432 0.180980816 0.883227944 0.432613432 0.180980816 0.883227944 0.432613432 -0.0452064201 0.978998244 0.198793441 -0.0452064201 0.978998244 0.198793441 -0.0452064201 0.978998244 0.198793441 -0.00593851972 -0.125876486 0.992028117 -0.00593851972 -0.125876486 0.992028117 -0.00593851972 -0.125876486 0.992028117 0.00294116279 -0.11641483 0.993196309 0.00294116279 -0.11641483 0.993196309 0.00294116279 -0.11641483 0.993196309 0.158927992 0.834301174 0.527904809 0.158927992 0.834301174 0.527904809 0.158927992 0.834301174 0.527904809 0.117574863 0.857455909 0.500944614 0.117574863 0.857455909 0.500944614 0.117574863 0.857455909 0.500944614 -0.289480418 0.425774217 0.857273221 -0.289480418 0.425774217 0.857273221 -0.289480418 0.425774217 0.857273221 0.0955074206 0.85967207 0.501838923 0.0955074206 0.85967207 0.501838923 0.0955074206 0.85967207 0.501838923 0.139337867 0.83589524 0.530908823 0.139337867 0.83589524 0.530908823 0.139337867 0.83589524 0.530908823 0.173695654 0.872190237 0.457289875 0.173695654 0.872190237 0.457289875 0.173695654 0.872190237 0.457289875 0.157329977 0.886915147 0.434314132 0.157329977 0.886915147 0.434314132 0.157329977 0.886915147 0.434314132 -0.00371341081 0.98747319 0.15774323 -0.00371341081 0.98747319 0.15774323 -0.00371341081 0.98747319 0.15774323 0.00989125483 -0.217823923 0.975937963 0.00989125483 -0.217823923 0.975937963 0.00989125483 -0.217823923 0.975937963 -0.103528842 0.674958289 0.730556667 -0.103528842 0.674958289 0.730556667 -0.103528842 0.674958289 0.730556667 -0.0147191444 0.983135581 0.182284877 -0.0147191444 0.983135581 0.182284877 -0.0147191444 0.983135581 0.182284877 0.0201185457 -0.220325887 0.975218832 0.0201185457 -0.220325887 0.975218832 0.0201185457 -0.220325887 0.975218832 -0.0486502312 0.972905338 0.226027384 -0.0486502312 0.972905338 0.226027384 -0.0486502312 0.972905338 0.226027384 -0.0275763944 -0.821145594 0.570052147 -0.0275763944 -0.821145594 0.570052147 -0.0275763944 -0.821145594 0.570052147 -0.0247914921 -0.177280292 0.983848095 -0.0247914921 -0.177280292 0.983848095 -0.0247914921 -0.177280292 0.983848095 -0.177913278 0.10447555 0.978484392 -0.177913278 0.10447555 0.978484392 -0.177913278 0.10447555 0.978484392 -0.129895076 0.448818058 0.884132147 -0.129895076 0.448818058 0.884132147 -0.129895076 0.448818058 0.884132147 -0.0452343076 -0.976038277 0.21284546 -0.0452343076 -0.976038277 0.21284546 -0.0452343076 -0.976038277 0.21284546 1.75217556e-05 0.593920052 0.804524064 1.75217556e-05 0.593920052 0.804524064 1.75217556e-05 0.593920052 0.804524064 -0.0726592243 -0.498515159 0.863830566 -0.0726592243 -0.498515159 0.863830566 -0.0726592243 -0.498515159 0.863830566 -0.0478728488 0.446849555 0.893327296 -0.0478728488 0.446849555 0.893327296 -0.0478728488 0.446849555 0.893327296 -0.00789272785 0.988500953 0.151008442 -0.00789272785 0.988500953 0.151008442 -0.00789272785 0.988500953 0.151008442 0.0729197264 -0.968044221 0.239943877 0.0729197264 -0.968044221 0.239943877 0.0729197264 -0.968044221 0.239943877 -0.101071499 -0.462543219 0.880816877 -0.101071499 -0.462543219 0.880816877 -0.101071499 -0.462543219 0.880816877 -0.0242889468 -0.976578295 0.213787049 -0.0242889468 -0.976578295 0.213787049 -0.0242889468 -0.976578295 0.213787049 0.113401659 -0.90081495 0.419132948 0.113401659 -0.90081495 0.419132948 0.113401659 -0.90081495 0.419132948 0.203741029 0.846141517 0.492477536 0.203741029 0.846141517 0.492477536 0.203741029 0.846141517 0.492477536 -0.0218490232 -0.978781283 0.203739598 -0.0218490232 -0.978781283 0.203739598 -0.0218490232 -0.978781283 0.203739598 -0.0261615533 -0.978317857 0.205449969 -0.0261615533 -0.978317857 0.205449969 -0.0261615533 -0.978317857 0.205449969 0.149050757 -0.885556877 0.439969182 0.149050757 -0.885556877 0.439969182 0.149050757 -0.885556877 0.439969182 0.0746487305 0.976614177 0.20162414 0.0746487305 0.976614177 0.20162414 0.0746487305 0.976614177 0.20162414 0.0779748634 0.976483405 0.200997829 0.0779748634 0.976483405 0.200997829 0.0779748634 0.976483405 0.200997829 0.0593940765 0.983858407 0.16880469 0.0593940765 0.983858407 0.16880469 0.0593940765 0.983858407 0.16880469 0.0518168807 0.982685387 0.17788893 0.0518168807 0.982685387 0.17788893 0.0518168807 0.982685387 0.17788893 0.0126888212 0.989831507 0.141677603 0.0126888212 0.989831507 0.141677603 0.0126888212 0.989831507 0.141677603 -0.0894717574 -0.0010239844 -0.995988846 -0.0894717574 -0.0010239844 -0.995988846 -0.0894717574 -0.0010239844 -0.995988846 0.196843773 -0.895418108 0.39934817 0.196843773 -0.895418108 0.39934817 0.196843773 -0.895418108 0.39934817 0.0109471353 0.989895642 0.141374573 0.0109471353 0.989895642 0.141374573 0.0109471353 0.989895642 0.141374573 -0.0204173196 -0.981760859 0.189020365 -0.0204173196 -0.981760859 0.189020365 -0.0204173196 -0.981760859 0.189020365 -0.0795316845 0.471941382 0.878035307 -0.0795316845 0.471941382 0.878035307 -0.0795316845 0.471941382 0.878035307 0.0615897179 0.976263165 0.207646236 0.0615897179 0.976263165 0.207646236 0.0615897179 0.976263165 0.207646236 0.103399642 0.957380652 0.26968655 0.103399642 0.957380652 0.26968655 0.103399642 0.957380652 0.26968655 0.195659533 -0.851226926 0.486960083 0.195659533 -0.851226926 0.486960083 0.195659533 -0.851226926 0.486960083 0.0160156786 0.990745485 0.134784743 0.0160156786 0.990745485 0.134784743 0.0160156786 0.990745485 0.134784743 0.224006996 -0.840884089 0.492681205 0.224006996 -0.840884089 0.492681205 0.224006996 -0.840884089 0.492681205 -0.00762811536 0.988536835 0.150787011 -0.00762811536 0.988536835 0.150787011 -0.00762811536 0.988536835 0.150787011 0.0166984778 0.990738571 0.134752482 0.0166984778 0.990738571 0.134752482 0.0166984778 0.990738571 0.134752482 -0.00903562177 0.987110198 0.15978694 -0.00903562177 0.987110198 0.15978694 -0.00903562177 0.987110198 0.15978694 0.0202234127 0.991437733 0.129004642 0.0202234127 0.991437733 0.129004642 0.0202234127 0.991437733 0.129004642 -0.201614842 -0.782476544 -0.5891366 -0.201614842 -0.782476544 -0.5891366 -0.201614842 -0.782476544 -0.5891366 -0.146884561 -0.664256394 -0.732931376 -0.146884561 -0.664256394 -0.732931376 -0.146884561 -0.664256394 -0.732931376 0.176464856 0.898337781 0.402305067 0.176464856 0.898337781 0.402305067 0.176464856 0.898337781 0.402305067 -0.0441078879 -0.758891463 -0.649721682 -0.0441078879 -0.758891463 -0.649721682 -0.0441078879 -0.758891463 -0.649721682 -0.00861947332 0.988594949 0.150352001 -0.00861947332 0.988594949 0.150352001 -0.00861947332 0.988594949 0.150352001 -0.226885349 -0.358223617 0.905648291 -0.226885349 -0.358223617 0.905648291 -0.226885349 -0.358223617 0.905648291 0.510325968 -0.611522794 0.60465467 0.510325968 -0.611522794 0.60465467 0.510325968 -0.611522794 0.60465467 -0.0247089006 -0.992499828 -0.119722866 -0.0247089006 -0.992499828 -0.119722866 -0.0247089006 -0.992499828 -0.119722866 -0.195037171 -0.622575581 -0.757865548 -0.195037171 -0.622575581 -0.757865548 -0.195037171 -0.622575581 -0.757865548 0.0217106324 0.989547789 0.142561749 0.0217106324 0.989547789 0.142561749 0.0217106324 0.989547789 0.142561749 0.121137314 0.955794096 0.267924249 0.121137314 0.955794096 0.267924249 0.121137314 0.955794096 0.267924249 0.0118170185 0.98878938 0.148848757 0.0118170185 0.98878938 0.148848757 0.0118170185 0.98878938 0.148848757 0.0203862134 -0.000108165463 -0.999792159 0.0203862134 -0.000108165463 -0.999792159 0.0203862134 -0.000108165463 -0.999792159 0.00663792575 0.988978565 0.14790985 0.00663792575 0.988978565 0.14790985 0.00663792575 0.988978565 0.14790985 -0.12939468 -0.712579608 0.689555883 -0.12939468 -0.712579608 0.689555883 -0.12939468 -0.712579608 0.689555883 -0.143863097 -0.392833889 0.90828681 -0.143863097 -0.392833889 0.90828681 -0.143863097 -0.392833889 0.90828681 -0.154450119 -0.073265478 0.985280335 -0.154450119 -0.073265478 0.985280335 -0.154450119 -0.073265478 0.985280335 -0.0164074115 -0.979579806 0.200385064 -0.0164074115 -0.979579806 0.200385064 -0.0164074115 -0.979579806 0.200385064 0.0197248869 -0.990992427 0.132457182 0.0197248869 -0.990992427 0.132457182 0.0197248869 -0.990992427 0.132457182 -3.6237841e-06 0.180378228 0.983597338 -3.6237841e-06 0.180378228 0.983597338 -3.6237841e-06 0.180378228 0.983597338 -0.192682922 -0.781835616 0.592963994 -0.192682922 -0.781835616 0.592963994 -0.192682922 -0.781835616 0.592963994 -0.098388873 -0.655115545 0.749094903 -0.098388873 -0.655115545 0.749094903 -0.098388873 -0.655115545 0.749094903 -0.194723263 -0.978189111 -0.0723110586 -0.194723263 -0.978189111 -0.0723110586 -0.194723263 -0.978189111 -0.0723110586 -0.10129112 -0.984725595 -0.141617745 -0.10129112 -0.984725595 -0.141617745 -0.10129112 -0.984725595 -0.141617745 0.0481872186 -0.919831455 0.389343202 0.0481872186 -0.919831455 0.389343202 0.0481872186 -0.919831455 0.389343202 -0.0833126679 -0.988228142 -0.128312811 -0.0833126679 -0.988228142 -0.128312811 -0.0833126679 -0.988228142 -0.128312811 -0.0404062979 0.000115224269 -0.999183297 -0.0404062979 0.000115224269 -0.999183297 -0.0404062979 0.000115224269 -0.999183297 -0.207632303 0.151789173 0.966358542 -0.207632303 0.151789173 0.966358542 -0.207632303 0.151789173 0.966358542 0.0507375747 -0.984703183 0.166689217 0.0507375747 -0.984703183 0.166689217 0.0507375747 -0.984703183 0.166689217 -0.0069804932 0.983045876 0.183226898 -0.0069804932 0.983045876 0.183226898 -0.0069804932 0.983045876 0.183226898 0.0608241186 -0.977818012 0.200430483 0.0608241186 -0.977818012 0.200430483 0.0608241186 -0.977818012 0.200430483 -0.0202036463 0.133008644 0.990908921 -0.0202036463 0.133008644 0.990908921 -0.0202036463 0.133008644 0.990908921 -0.165448561 -0.653623283 -0.738514304 -0.165448561 -0.653623283 -0.738514304 -0.165448561 -0.653623283 -0.738514304 0.0806018636 -0.971702158 0.222032115 0.0806018636 -0.971702158 0.222032115 0.0806018636 -0.971702158 0.222032115 0.898675621 -0.36936897 -0.236534789 0.898675621 -0.36936897 -0.236534789 0.898675621 -0.36936897 -0.236534789 -0.041653987 0.967254162 0.250368446 -0.041653987 0.967254162 0.250368446 -0.041653987 0.967254162 0.250368446 -0.0385258272 0.978767157 0.201322123 -0.0385258272 0.978767157 0.201322123 -0.0385258272 0.978767157 0.201322123 0.0200344287 0.989561617 0.142711118 0.0200344287 0.989561617 0.142711118 0.0200344287 0.989561617 0.142711118 0.0095647946 -0.972462773 0.232861862 0.0095647946 -0.972462773 0.232861862 0.0095647946 -0.972462773 0.232861862 0.16937466 0.899472535 0.402816743 0.16937466 0.899472535 0.402816743 0.16937466 0.899472535 0.402816743 0.0554197058 -0.969248474 0.23976256 0.0554197058 -0.969248474 0.23976256 0.0554197058 -0.969248474 0.23976256 -0.202096194 0.646861494 -0.735341668 -0.202096194 0.646861494 -0.735341668 -0.202096194 0.646861494 -0.735341668 -0.15658775 0.634473741 -0.756917 -0.15658775 0.634473741 -0.756917 -0.15658775 0.634473741 -0.756917 -0.0115228258 -0.0695827827 0.997509658 -0.0115228258 -0.0695827827 0.997509658 -0.0115228258 -0.0695827827 0.997509658 -0.275778174 0.8305372 -0.483895004 -0.275778174 0.8305372 -0.483895004 -0.275778174 0.8305372 -0.483895004 0.0172010642 0.817264915 -0.57600534 0.0172010642 0.817264915 -0.57600534 0.0172010642 0.817264915 -0.57600534 -0.097539857 0.579113722 -0.809390724 -0.097539857 0.579113722 -0.809390724 -0.097539857 0.579113722 -0.809390724 -3.06080551e-06 0.146621272 0.989192724 -3.06080551e-06 0.146621272 0.989192724 -3.06080551e-06 0.146621272 0.989192724 1.28998096e-07 -0.0651688501 0.99787426 1.28998096e-07 -0.0651688501 0.99787426 1.28998096e-07 -0.0651688501 0.99787426 -0.0181717146 0.979375005 -0.201232195 -0.0181717146 0.979375005 -0.201232195 -0.0181717146 0.979375005 -0.201232195 -0.0341833681 0.991569638 -0.12498451 -0.0341833681 0.991569638 -0.12498451 -0.0341833681 0.991569638 -0.12498451 -0.0770568401 0.760959268 0.644207418 -0.0770568401 0.760959268 0.644207418 -0.0770568401 0.760959268 0.644207418 -0.249764085 0.807622373 0.534194708 -0.249764085 0.807622373 0.534194708 -0.249764085 0.807622373 0.534194708 0.204910114 -0.879138827 0.430263638 0.204910114 -0.879138827 0.430263638 0.204910114 -0.879138827 0.430263638 -0.0537636355 0.0695143342 0.996131122 -0.0537636355 0.0695143342 0.996131122 -0.0537636355 0.0695143342 0.996131122 -0.0602623411 0.305387586 0.95031935 -0.0602623411 0.305387586 0.95031935 -0.0602623411 0.305387586 0.95031935 0.049975276 0.3797656 0.923731863 0.049975276 0.3797656 0.923731863 0.049975276 0.3797656 0.923731863 -0.944189131 -0.252067953 0.212058038 -0.944189131 -0.252067953 0.212058038 -0.944189131 -0.252067953 0.212058038 -0.106712207 0.458316118 0.882359803 -0.106712207 0.458316118 0.882359803 -0.106712207 0.458316118 0.882359803 0.198073491 -0.814708054 0.544993341 0.198073491 -0.814708054 0.544993341 0.198073491 -0.814708054 0.544993341 0.14345482 -0.785148978 0.602463067 0.14345482 -0.785148978 0.602463067 0.14345482 -0.785148978 0.602463067 0.188648328 0.809138894 -0.556512415 0.188648328 0.809138894 -0.556512415 0.188648328 0.809138894 -0.556512415 -0.0936644077 0.662216604 -0.743435383 -0.0936644077 0.662216604 -0.743435383 -0.0936644077 0.662216604 -0.743435383 0.141206741 -0.97965467 0.142609373 0.141206741 -0.97965467 0.142609373 0.141206741 -0.97965467 0.142609373 0.141190693 -0.921005607 0.363061696 0.141190693 -0.921005607 0.363061696 0.141190693 -0.921005607 0.363061696 -0.0182764046 0.999795556 -0.00865181163 -0.0182764046 0.999795556 -0.00865181163 -0.0182764046 0.999795556 -0.00865181163 0.0682949647 -0.979680479 0.18857871 0.0682949647 -0.979680479 0.18857871 0.0682949647 -0.979680479 0.18857871 -0.231653526 0.833357394 -0.501848638 -0.231653526 0.833357394 -0.501848638 -0.231653526 0.833357394 -0.501848638 0.0159540754 0.991961658 -0.125529125 0.0159540754 0.991961658 -0.125529125 0.0159540754 0.991961658 -0.125529125 0.111586414 0.989714146 -0.0895232707 0.111586414 0.989714146 -0.0895232707 0.111586414 0.989714146 -0.0895232707 -0.955769777 0.179943055 0.232646897 -0.955769777 0.179943055 0.232646897 -0.955769777 0.179943055 0.232646897 -0.0466760471 0.861179948 -0.50615257 -0.0466760471 0.861179948 -0.50615257 -0.0466760471 0.861179948 -0.50615257 0.055197902 -0.80221498 0.59447819 0.055197902 -0.80221498 0.59447819 0.055197902 -0.80221498 0.59447819 -0.00861959625 0.127891392 0.991750717 -0.00861959625 0.127891392 0.991750717 -0.00861959625 0.127891392 0.991750717 0.00635002367 0.989376843 0.145234585 0.00635002367 0.989376843 0.145234585 0.00635002367 0.989376843 0.145234585 0.00432191975 0.98908627 0.147274122 0.00432191975 0.98908627 0.147274122 0.00432191975 0.98908627 0.147274122 0.0690057501 -0.403044403 0.912575185 0.0690057501 -0.403044403 0.912575185 0.0690057501 -0.403044403 0.912575185 0.0784072205 -0.78488189 0.614664733 0.0784072205 -0.78488189 0.614664733 0.0784072205 -0.78488189 0.614664733 0.0033863131 0.989015043 0.147776142 0.0033863131 0.989015043 0.147776142 0.0033863131 0.989015043 0.147776142 0.249280766 0.789315224 -0.561106563 0.249280766 0.789315224 -0.561106563 0.249280766 0.789315224 -0.561106563 0.251305014 0.967800796 -0.0144000892 0.251305014 0.967800796 -0.0144000892 0.251305014 0.967800796 -0.0144000892 0.146400094 0.840675354 0.52137506 0.146400094 0.840675354 0.52137506 0.146400094 0.840675354 0.52137506 -0.015913235 0.979635298 0.20015344 -0.015913235 0.979635298 0.20015344 -0.015913235 0.979635298 0.20015344 -0.112793341 0.993321061 0.0243099499 -0.112793341 0.993321061 0.0243099499 -0.112793341 0.993321061 0.0243099499 -0.133976713 -0.914677501 0.38133359 -0.133976713 -0.914677501 0.38133359 -0.133976713 -0.914677501 0.38133359 -0.165694445 0.791844845 -0.587815523 -0.165694445 0.791844845 -0.587815523 -0.165694445 0.791844845 -0.587815523 -0.336097717 0.739852726 -0.582800329 -0.336097717 0.739852726 -0.582800329 -0.336097717 0.739852726 -0.582800329 -0.0209505353 -0.130660936 0.991205752 -0.0209505353 -0.130660936 0.991205752 -0.0209505353 -0.130660936 0.991205752 -0.301866502 -0.221704796 0.927212834 -0.301866502 -0.221704796 0.927212834 -0.301866502 -0.221704796 0.927212834 -0.318706632 0.614895463 0.721338809 -0.318706632 0.614895463 0.721338809 -0.318706632 0.614895463 0.721338809 0.0854377151 0.81965965 -0.566443741 0.0854377151 0.81965965 -0.566443741 0.0854377151 0.81965965 -0.566443741 0.134906113 0.484621912 -0.864258051 0.134906113 0.484621912 -0.864258051 0.134906113 0.484621912 -0.864258051 0.107047319 0.983470798 0.146034583 0.107047319 0.983470798 0.146034583 0.107047319 0.983470798 0.146034583 0.121528536 0.961408019 0.246830672 0.121528536 0.961408019 0.246830672 0.121528536 0.961408019 0.246830672 0.146160826 0.960974693 -0.234871581 0.146160826 0.960974693 -0.234871581 0.146160826 0.960974693 -0.234871581 3.73530856e-05 0.556817412 0.830634952 3.73530856e-05 0.556817412 0.830634952 3.73530856e-05 0.556817412 0.830634952 0.0296263471 -0.000404771708 -0.999560952 0.0296263471 -0.000404771708 -0.999560952 0.0296263471 -0.000404771708 -0.999560952 0.178622618 -0.845896602 0.50254643 0.178622618 -0.845896602 0.50254643 0.178622618 -0.845896602 0.50254643 0.211533323 -0.869780362 0.44579795 0.211533323 -0.869780362 0.44579795 0.211533323 -0.869780362 0.44579795 -0.0183541626 -0.995563745 0.092281647 -0.0183541626 -0.995563745 0.092281647 -0.0183541626 -0.995563745 0.092281647 0.213508755 -0.824817538 0.523536146 0.213508755 -0.824817538 0.523536146 0.213508755 -0.824817538 0.523536146 0.214188918 -0.828404069 0.517561376 0.214188918 -0.828404069 0.517561376 0.214188918 -0.828404069 0.517561376 0.197219968 -0.835473239 0.512921751 0.197219968 -0.835473239 0.512921751 0.197219968 -0.835473239 0.512921751 0.241434246 -0.814149439 0.528081596 0.241434246 -0.814149439 0.528081596 0.241434246 -0.814149439 0.528081596 0.249219328 -0.800447345 0.545136511 0.249219328 -0.800447345 0.545136511 0.249219328 -0.800447345 0.545136511 0.262082517 -0.800053716 0.539654315 0.262082517 -0.800053716 0.539654315 0.262082517 -0.800053716 0.539654315 0.236075103 -0.811220765 0.534966707 0.236075103 -0.811220765 0.534966707 0.236075103 -0.811220765 0.534966707 0.309703529 -0.798218071 0.516654313 0.309703529 -0.798218071 0.516654313 0.309703529 -0.798218071 0.516654313 0.311886758 -0.768589973 0.558566093 0.311886758 -0.768589973 0.558566093 0.311886758 -0.768589973 0.558566093 0.294838369 -0.782163143 0.548900008 0.294838369 -0.782163143 0.548900008 0.294838369 -0.782163143 0.548900008 0.291131705 -0.806799412 0.514117718 0.291131705 -0.806799412 0.514117718 0.291131705 -0.806799412 0.514117718 1.31121439e-07 -0.0563571081 0.998410702 1.31121439e-07 -0.0563571081 0.998410702 1.31121439e-07 -0.0563571081 0.998410702 0.230955347 -0.917543769 0.323686659 0.230955347 -0.917543769 0.323686659 0.230955347 -0.917543769 0.323686659 0.236703649 -0.845758259 0.478188574 0.236703649 -0.845758259 0.478188574 0.236703649 -0.845758259 0.478188574 0.23949945 -0.843785107 0.480277717 0.23949945 -0.843785107 0.480277717 0.23949945 -0.843785107 0.480277717 0.238751039 -0.855719566 0.459066451 0.238751039 -0.855719566 0.459066451 0.238751039 -0.855719566 0.459066451 0.229395539 -0.824838638 0.516738713 0.229395539 -0.824838638 0.516738713 0.229395539 -0.824838638 0.516738713 0.239946797 -0.888108253 0.392032266 0.239946797 -0.888108253 0.392032266 0.239946797 -0.888108253 0.392032266 0.243135929 -0.886766553 0.393103004 0.243135929 -0.886766553 0.393103004 0.243135929 -0.886766553 0.393103004 0.23293981 -0.910669923 0.341202766 0.23293981 -0.910669923 0.341202766 0.23293981 -0.910669923 0.341202766 0.218368664 -0.916641057 0.334789902 0.218368664 -0.916641057 0.334789902 0.218368664 -0.916641057 0.334789902 0.244647697 -0.888850927 0.387416542 0.244647697 -0.888850927 0.387416542 0.244647697 -0.888850927 0.387416542 0.233781144 -0.887062967 0.398077518 0.233781144 -0.887062967 0.398077518 0.233781144 -0.887062967 0.398077518 0.234675229 -0.899505615 0.36853376 0.234675229 -0.899505615 0.36853376 0.234675229 -0.899505615 0.36853376 0.238294303 -0.918923259 0.314318091 0.238294303 -0.918923259 0.314318091 0.238294303 -0.918923259 0.314318091 0.209620014 -0.948636413 0.236956492 0.209620014 -0.948636413 0.236956492 0.209620014 -0.948636413 0.236956492 0.221063122 -0.938031673 0.266885191 0.221063122 -0.938031673 0.266885191 0.221063122 -0.938031673 0.266885191 0.0450214036 -0.462148249 0.885659099 0.0450214036 -0.462148249 0.885659099 0.0450214036 -0.462148249 0.885659099 0.273947597 -0.808779001 0.520412624 0.273947597 -0.808779001 0.520412624 0.273947597 -0.808779001 0.520412624 0.264257967 -0.833476484 0.485267639 0.264257967 -0.833476484 0.485267639 0.264257967 -0.833476484 0.485267639 0.236770958 -0.854638457 0.462095916 0.236770958 -0.854638457 0.462095916 0.236770958 -0.854638457 0.462095916 -0.0803114921 -0.736657083 0.671480715 -0.0803114921 -0.736657083 0.671480715 -0.0803114921 -0.736657083 0.671480715 0.116182603 -0.922845542 0.36722976 0.116182603 -0.922845542 0.36722976 0.116182603 -0.922845542 0.36722976 0.234741747 0.814656734 0.530311942 0.234741747 0.814656734 0.530311942 0.234741747 0.814656734 0.530311942 0.179092988 -0.92361021 0.338924587 0.179092988 -0.92361021 0.338924587 0.179092988 -0.92361021 0.338924587 0.189197287 -0.963783205 0.187953129 0.189197287 -0.963783205 0.187953129 0.189197287 -0.963783205 0.187953129 0.0714378208 -0.801466048 0.593758225 0.0714378208 -0.801466048 0.593758225 0.0714378208 -0.801466048 0.593758225 1.46199745e-05 -0.577756047 0.816209495 1.46199745e-05 -0.577756047 0.816209495 1.46199745e-05 -0.577756047 0.816209495 -0.13861756 -0.75571996 0.64005661 -0.13861756 -0.75571996 0.64005661 -0.13861756 -0.75571996 0.64005661 -0.080349192 -0.783395708 0.616307735 -0.080349192 -0.783395708 0.616307735 -0.080349192 -0.783395708 0.616307735 0.116001025 -0.99149394 0.0590212829 0.116001025 -0.99149394 0.0590212829 0.116001025 -0.99149394 0.0590212829 0.152642965 -0.979038835 0.13484481 0.152642965 -0.979038835 0.13484481 0.152642965 -0.979038835 0.13484481 -0.0960312635 0.50067836 0.86029017 -0.0960312635 0.50067836 0.86029017 -0.0960312635 0.50067836 0.86029017 0.176218659 -0.956687748 0.231722966 0.176218659 -0.956687748 0.231722966 0.176218659 -0.956687748 0.231722966 0.158599734 -0.966129959 0.203565791 0.158599734 -0.966129959 0.203565791 0.158599734 -0.966129959 0.203565791 0.214477345 -0.938218832 0.271560073 0.214477345 -0.938218832 0.271560073 0.214477345 -0.938218832 0.271560073 0.211930707 -0.937543213 0.275858849 0.211930707 -0.937543213 0.275858849 0.211930707 -0.937543213 0.275858849 0.171310395 -0.968217552 0.182229295 0.171310395 -0.968217552 0.182229295 0.171310395 -0.968217552 0.182229295 0.166179731 -0.964912176 0.203294918 0.166179731 -0.964912176 0.203294918 0.166179731 -0.964912176 0.203294918 0.110453896 -0.980911851 0.160036951 0.110453896 -0.980911851 0.160036951 0.110453896 -0.980911851 0.160036951 -0.124883302 -0.637470424 -0.76028651 -0.124883302 -0.637470424 -0.76028651 -0.124883302 -0.637470424 -0.76028651 -0.0593952127 0.444242746 0.893935442 -0.0593952127 0.444242746 0.893935442 -0.0593952127 0.444242746 0.893935442 -0.045763623 -0.974982202 0.217521042 -0.045763623 -0.974982202 0.217521042 -0.045763623 -0.974982202 0.217521042 -0.00790271163 -0.98873651 0.149457887 -0.00790271163 -0.98873651 0.149457887 -0.00790271163 -0.98873651 0.149457887 0.127675071 -0.983823717 0.125657991 0.127675071 -0.983823717 0.125657991 0.127675071 -0.983823717 0.125657991 0.191359997 0.83393389 0.517624974 0.191359997 0.83393389 0.517624974 0.191359997 0.83393389 0.517624974 -0.0026283497 -0.989109933 0.1471553 -0.0026283497 -0.989109933 0.1471553 -0.0026283497 -0.989109933 0.1471553 -0.178128734 -0.249376997 0.951883018 -0.178128734 -0.249376997 0.951883018 -0.178128734 -0.249376997 0.951883018 0.239681721 0.818618596 0.521935105 0.239681721 0.818618596 0.521935105 0.239681721 0.818618596 0.521935105 0.216286317 0.820865512 0.52858299 0.216286317 0.820865512 0.52858299 0.216286317 0.820865512 0.52858299 0.267393857 0.793994606 0.545960724 0.267393857 0.793994606 0.545960724 0.267393857 0.793994606 0.545960724 0.267716765 0.796745181 0.54177928 0.267716765 0.796745181 0.54177928 0.267716765 0.796745181 0.54177928 0.195792288 0.90837276 0.369492024 0.195792288 0.90837276 0.369492024 0.195792288 0.90837276 0.369492024 -0.147421494 -0.7986902 0.583404541 -0.147421494 -0.7986902 0.583404541 -0.147421494 -0.7986902 0.583404541 -0.179976091 -0.102617055 0.97830379 -0.179976091 -0.102617055 0.97830379 -0.179976091 -0.102617055 0.97830379 -0.152095869 -0.635460794 0.757004917 -0.152095869 -0.635460794 0.757004917 -0.152095869 -0.635460794 0.757004917 0.218296945 0.881996453 0.417646646 0.218296945 0.881996453 0.417646646 0.218296945 0.881996453 0.417646646 0.0384589024 -0.345205218 0.937738895 0.0384589024 -0.345205218 0.937738895 0.0384589024 -0.345205218 0.937738895 0.204193935 0.871631324 0.445604771 0.204193935 0.871631324 0.445604771 0.204193935 0.871631324 0.445604771 0.230504543 0.910563111 0.343136191 0.230504543 0.910563111 0.343136191 0.230504543 0.910563111 0.343136191 0.188057438 0.874498487 0.447087049 0.188057438 0.874498487 0.447087049 0.188057438 0.874498487 0.447087049 -0.00615839334 0.985532522 0.1693746 -0.00615839334 0.985532522 0.1693746 -0.00615839334 0.985532522 0.1693746 0.037058454 -0.802733958 0.595184743 0.037058454 -0.802733958 0.595184743 0.037058454 -0.802733958 0.595184743 -0.0499929637 -0.975347638 0.214936569 -0.0499929637 -0.975347638 0.214936569 -0.0499929637 -0.975347638 0.214936569 0.217539087 0.832612634 0.509345651 0.217539087 0.832612634 0.509345651 0.217539087 0.832612634 0.509345651 0.255833447 0.824247241 0.505139291 0.255833447 0.824247241 0.505139291 0.255833447 0.824247241 0.505139291 -0.040349178 -0.978211343 0.203653052 -0.040349178 -0.978211343 0.203653052 -0.040349178 -0.978211343 0.203653052 -0.138433024 0.163798168 0.976732552 -0.138433024 0.163798168 0.976732552 -0.138433024 0.163798168 0.976732552 -0.0484238341 -0.978157341 0.202146828 -0.0484238341 -0.978157341 0.202146828 -0.0484238341 -0.978157341 0.202146828 0.291496575 0.8008973 0.523061454 0.291496575 0.8008973 0.523061454 0.291496575 0.8008973 0.523061454 0.286775708 0.804103374 0.520747006 0.286775708 0.804103374 0.520747006 0.286775708 0.804103374 0.520747006 0.256634802 0.845726311 0.467852086 0.256634802 0.845726311 0.467852086 0.256634802 0.845726311 0.467852086 -0.0230576433 -0.979050875 0.202306047 -0.0230576433 -0.979050875 0.202306047 -0.0230576433 -0.979050875 0.202306047 0.287566125 0.799488902 0.52737391 0.287566125 0.799488902 0.52737391 0.287566125 0.799488902 0.52737391 0.23845759 0.893003941 0.381683081 0.23845759 0.893003941 0.381683081 0.23845759 0.893003941 0.381683081 0.21799235 0.935408413 0.278371066 0.21799235 0.935408413 0.278371066 0.21799235 0.935408413 0.278371066 0.204397723 0.936588645 0.284645915 0.204397723 0.936588645 0.284645915 0.204397723 0.936588645 0.284645915 0.22852008 0.898932159 0.373764068 0.22852008 0.898932159 0.373764068 0.22852008 0.898932159 0.373764068 -0.0200637653 -0.000277553103 -0.999798656 -0.0200637653 -0.000277553103 -0.999798656 -0.0200637653 -0.000277553103 -0.999798656 0.217338353 0.939850032 0.263526082 0.217338353 0.939850032 0.263526082 0.217338353 0.939850032 0.263526082 0.239390805 0.92317003 0.300747603 0.239390805 0.92317003 0.300747603 0.239390805 0.92317003 0.300747603 0.0338332094 -0.869178295 0.493340045 0.0338332094 -0.869178295 0.493340045 0.0338332094 -0.869178295 0.493340045 0.198208109 0.94400543 0.263756216 0.198208109 0.94400543 0.263756216 0.198208109 0.94400543 0.263756216 0.170637578 0.952515423 0.252184868 0.170637578 0.952515423 0.252184868 0.170637578 0.952515423 0.252184868 0.234900028 0.814707041 0.53016454 0.234900028 0.814707041 0.53016454 0.234900028 0.814707041 0.53016454 0.198094815 0.962822497 0.183660939 0.198094815 0.962822497 0.183660939 0.198094815 0.962822497 0.183660939 0.235509738 0.93388623 0.269056946 0.235509738 0.93388623 0.269056946 0.235509738 0.93388623 0.269056946 -0.0800828859 0.0014204972 -0.99678719 -0.0800828859 0.0014204972 -0.99678719 -0.0800828859 0.0014204972 -0.99678719 0.209115997 0.931141973 0.298739165 0.209115997 0.931141973 0.298739165 0.209115997 0.931141973 0.298739165 0.209420159 0.9310745 0.298736513 0.209420159 0.9310745 0.298736513 0.209420159 0.9310745 0.298736513 0.24102217 0.883410513 0.401863337 0.24102217 0.883410513 0.401863337 0.24102217 0.883410513 0.401863337 0.246145248 0.882242143 0.401324391 0.246145248 0.882242143 0.401324391 0.246145248 0.882242143 0.401324391 0.0114446701 -0.142137662 0.989780724 0.0114446701 -0.142137662 0.989780724 0.0114446701 -0.142137662 0.989780724 0.276778132 0.920483768 0.275868565 0.276778132 0.920483768 0.275868565 0.276778132 0.920483768 0.275868565 0.313453525 0.859629869 0.403464228 0.313453525 0.859629869 0.403464228 0.313453525 0.859629869 0.403464228 0.0512766764 -0.792224288 0.608071864 0.0512766764 -0.792224288 0.608071864 0.0512766764 -0.792224288 0.608071864 0.867240012 -0.359452337 -0.344512373 0.867240012 -0.359452337 -0.344512373 0.867240012 -0.359452337 -0.344512373 1.60751256e-07 -0.0787786394 0.996892154 1.60751256e-07 -0.0787786394 0.996892154 1.60751256e-07 -0.0787786394 0.996892154 0.196538419 0.825538158 0.529017448 0.196538419 0.825538158 0.529017448 0.196538419 0.825538158 0.529017448 -0.00379047426 -0.987199783 0.159443453 -0.00379047426 -0.987199783 0.159443453 -0.00379047426 -0.987199783 0.159443453 0.132974476 0.983681679 0.121194482 0.132974476 0.983681679 0.121194482 0.132974476 0.983681679 0.121194482 0.172713414 0.964950204 0.197588548 0.172713414 0.964950204 0.197588548 0.172713414 0.964950204 0.197588548 0.192281157 0.964308977 0.18203339 0.192281157 0.964308977 0.18203339 0.192281157 0.964308977 0.18203339 0.152090222 0.982097805 0.111141704 0.152090222 0.982097805 0.111141704 0.152090222 0.982097805 0.111141704 -1.44579208e-05 -0.989423871 0.145053133 -1.44579208e-05 -0.989423871 0.145053133 -1.44579208e-05 -0.989423871 0.145053133 -0.0619513504 0.975712955 0.210110232 -0.0619513504 0.975712955 0.210110232 -0.0619513504 0.975712955 0.210110232 0.211854666 0.923594117 0.319517672 0.211854666 0.923594117 0.319517672 0.211854666 0.923594117 0.319517672 -0.0996515527 0.461909682 0.88131094 -0.0996515527 0.461909682 0.88131094 -0.0996515527 0.461909682 0.88131094 -0.0551480055 0.977927446 0.201535538 -0.0551480055 0.977927446 0.201535538 -0.0551480055 0.977927446 0.201535538 -0.154370278 0.0799749345 0.984770954 -0.154370278 0.0799749345 0.984770954 -0.154370278 0.0799749345 0.984770954 -0.365664423 0.671136498 0.644876242 -0.365664423 0.671136498 0.644876242 -0.365664423 0.671136498 0.644876242 0.217847228 0.942107737 0.254903227 0.217847228 0.942107737 0.254903227 0.217847228 0.942107737 0.254903227 0.183985472 0.954264224 0.235646218 0.183985472 0.954264224 0.235646218 0.183985472 0.954264224 0.235646218 0.183765501 0.964266717 0.190839991 0.183765501 0.964266717 0.190839991 0.183765501 0.964266717 0.190839991 3.62977225e-05 -0.516404569 0.8563447 3.62977225e-05 -0.516404569 0.8563447 3.62977225e-05 -0.516404569 0.8563447 0.143383726 0.976560831 0.160530701 0.143383726 0.976560831 0.160530701 0.143383726 0.976560831 0.160530701 0.159967184 0.974502563 0.157338098 0.159967184 0.974502563 0.157338098 0.159967184 0.974502563 0.157338098 0.134060353 0.988099396 0.0754151195 0.134060353 0.988099396 0.0754151195 0.134060353 0.988099396 0.0754151195 0.168900847 0.985370338 -0.0227555092 0.168900847 0.985370338 -0.0227555092 0.168900847 0.985370338 -0.0227555092 0.123992093 0.980789423 0.150592387 0.123992093 0.980789423 0.150592387 0.123992093 0.980789423 0.150592387 0.115842067 0.991131902 0.0651011392 0.115842067 0.991131902 0.0651011392 0.115842067 0.991131902 0.0651011392 0.16764316 0.984243155 0.0562241562 0.16764316 0.984243155 0.0562241562 0.16764316 0.984243155 0.0562241562 0.228723183 0.815111876 0.53223896 0.228723183 0.815111876 0.53223896 0.228723183 0.815111876 0.53223896 0.110772081 0.983109057 0.145692021 0.110772081 0.983109057 0.145692021 0.110772081 0.983109057 0.145692021 0.125512496 -0.989309609 0.0742502734 0.125512496 -0.989309609 0.0742502734 0.125512496 -0.989309609 0.0742502734 -0.10526935 -0.816830039 0.567192256 -0.10526935 -0.816830039 0.567192256 -0.10526935 -0.816830039 0.567192256 -0.119476877 -0.44930774 0.885351837 -0.119476877 -0.44930774 0.885351837 -0.119476877 -0.44930774 0.885351837 0.275236458 -0.92151159 0.273973048 0.275236458 -0.92151159 0.273973048 0.275236458 -0.92151159 0.273973048 0.101149641 -0.839155376 0.534403384 0.101149641 -0.839155376 0.534403384 0.101149641 -0.839155376 0.534403384 1.32688101e-07 -0.0666515157 0.99777633 1.32688101e-07 -0.0666515157 0.99777633 1.32688101e-07 -0.0666515157 0.99777633 7.14421731e-07 -0.251653671 0.967817366 7.14421731e-07 -0.251653671 0.967817366 7.14421731e-07 -0.251653671 0.967817366 0.390395671 0.663631558 0.638110042 0.390395671 0.663631558 0.638110042 0.390395671 0.663631558 0.638110042 -0.0172226988 -8.72414057e-06 -0.999851704 -0.0172226988 -8.72414057e-06 -0.999851704 -0.0172226988 -8.72414057e-06 -0.999851704 -0.153286979 -0.834965706 0.528521895 -0.153286979 -0.834965706 0.528521895 -0.153286979 -0.834965706 0.528521895 -0.0537084155 0.977639437 0.203314036 -0.0537084155 0.977639437 0.203314036 -0.0537084155 0.977639437 0.203314036 0.302794635 -0.767144203 0.565513194 0.302794635 -0.767144203 0.565513194 0.302794635 -0.767144203 0.565513194 0.456416726 -0.577375591 0.676994205 0.456416726 -0.577375591 0.676994205 0.456416726 -0.577375591 0.676994205 -0.0478289761 0.00126696273 -0.998854756 -0.0478289761 0.00126696273 -0.998854756 -0.0478289761 0.00126696273 -0.998854756 -0.0220866501 0.982223868 0.186409473 -0.0220866501 0.982223868 0.186409473 -0.0220866501 0.982223868 0.186409473 0.456416726 0.577375591 0.676994205 0.456416726 0.577375591 0.676994205 0.456416726 0.577375591 0.676994205 0.298487365 0.874095142 0.383226991 0.298487365 0.874095142 0.383226991 0.298487365 0.874095142 0.383226991 -0.0503918529 -0.986331046 0.156881288 -0.0503918529 -0.986331046 0.156881288 -0.0503918529 -0.986331046 0.156881288 -0.0194331743 0.995025516 0.0977067426 -0.0194331743 0.995025516 0.0977067426 -0.0194331743 0.995025516 0.0977067426 -0.134049878 0.0810165852 0.987657309 -0.134049878 0.0810165852 0.987657309 -0.134049878 0.0810165852 0.987657309 0.154976383 -0.981668353 0.110948414 0.154976383 -0.981668353 0.110948414 0.154976383 -0.981668353 0.110948414 0.216916904 0.830572665 0.512928903 0.216916904 0.830572665 0.512928903 0.216916904 0.830572665 0.512928903 0.153674677 -0.933136642 0.325023204 0.153674677 -0.933136642 0.325023204 0.153674677 -0.933136642 0.325023204 -0.0953040943 0.451991796 0.886916339 -0.0953040943 0.451991796 0.886916339 -0.0953040943 0.451991796 0.886916339 -0.0604052283 -0.921309888 0.384108394 -0.0604052283 -0.921309888 0.384108394 -0.0604052283 -0.921309888 0.384108394 -0.0172055699 -0.000130381915 -0.999851942 -0.0172055699 -0.000130381915 -0.999851942 -0.0172055699 -0.000130381915 -0.999851942 -0.0692455992 0.542872787 0.836955309 -0.0692455992 0.542872787 0.836955309 -0.0692455992 0.542872787 0.836955309 0.154175609 -0.938025832 0.310382664 0.154175609 -0.938025832 0.310382664 0.154175609 -0.938025832 0.310382664 -0.0445587933 -0.979109824 0.198389545 -0.0445587933 -0.979109824 0.198389545 -0.0445587933 -0.979109824 0.198389545 0.135901034 0.985690176 0.0997285321 0.135901034 0.985690176 0.0997285321 0.135901034 0.985690176 0.0997285321 0.258851081 0.798080862 0.544116795 0.258851081 0.798080862 0.544116795 0.258851081 0.798080862 0.544116795 0.157209024 0.966613173 0.202346846 0.157209024 0.966613173 0.202346846 0.157209024 0.966613173 0.202346846 -0.0187217817 0.982073784 0.187564924 -0.0187217817 0.982073784 0.187564924 -0.0187217817 0.982073784 0.187564924 0.0113349594 -0.0703372583 0.997458875 0.0113349594 -0.0703372583 0.997458875 0.0113349594 -0.0703372583 0.997458875 3.95617826e-05 0.494569093 0.8691383 3.95617826e-05 0.494569093 0.8691383 3.95617826e-05 0.494569093 0.8691383 0.218993858 0.830519319 0.512132227 0.218993858 0.830519319 0.512132227 0.218993858 0.830519319 0.512132227 0.19370392 0.841083288 0.505032361 0.19370392 0.841083288 0.505032361 0.19370392 0.841083288 0.505032361 0.363957584 0.822270274 0.437500238 0.363957584 0.822270274 0.437500238 0.363957584 0.822270274 0.437500238 0.236508727 0.81686312 0.526116192 0.236508727 0.81686312 0.526116192 0.236508727 0.81686312 0.526116192 -0.0554305017 0.956584156 0.286136657 -0.0554305017 0.956584156 0.286136657 -0.0554305017 0.956584156 0.286136657 -0.147376195 -0.977197826 -0.152855009 -0.147376195 -0.977197826 -0.152855009 -0.147376195 -0.977197826 -0.152855009 -0.0148797976 0.979558647 0.200607762 -0.0148797976 0.979558647 0.200607762 -0.0148797976 0.979558647 0.200607762 -0.305005252 -0.929812968 0.205960169 -0.305005252 -0.929812968 0.205960169 -0.305005252 -0.929812968 0.205960169 0.0090085119 -0.0686097443 0.99760288 0.0090085119 -0.0686097443 0.99760288 0.0090085119 -0.0686097443 0.99760288 -0.172343656 0.102533698 0.979685903 -0.172343656 0.102533698 0.979685903 -0.172343656 0.102533698 0.979685903 -3.05377398e-05 0.454160243 0.890919983 -3.05377398e-05 0.454160243 0.890919983 -3.05377398e-05 0.454160243 0.890919983 0.070755817 0.849243939 0.523238361 0.070755817 0.849243939 0.523238361 0.070755817 0.849243939 0.523238361 -0.0154777542 -0.984975874 0.171996847 -0.0154777542 -0.984975874 0.171996847 -0.0154777542 -0.984975874 0.171996847 0.0101299565 -0.988402784 0.151516855 0.0101299565 -0.988402784 0.151516855 0.0101299565 -0.988402784 0.151516855 0.0755050927 0.97695142 0.199661985 0.0755050927 0.97695142 0.199661985 0.0755050927 0.97695142 0.199661985 -0.00064856041 -0.986932933 0.161130369 -0.00064856041 -0.986932933 0.161130369 -0.00064856041 -0.986932933 0.161130369 -0.185655475 0.087121442 0.978745043 -0.185655475 0.087121442 0.978745043 -0.185655475 0.087121442 0.978745043 -0.0115129249 -0.969644487 0.244247764 -0.0115129249 -0.969644487 0.244247764 -0.0115129249 -0.969644487 0.244247764 -0.0297242403 -0.977652192 0.208116978 -0.0297242403 -0.977652192 0.208116978 -0.0297242403 -0.977652192 0.208116978 0.0232688915 0.140491679 0.989808381 0.0232688915 0.140491679 0.989808381 0.0232688915 0.140491679 0.989808381 0.21640788 -0.878580153 0.425751716 0.21640788 -0.878580153 0.425751716 0.21640788 -0.878580153 0.425751716 0.00338598294 0.134030402 0.990971446 0.00338598294 0.134030402 0.990971446 0.00338598294 0.134030402 0.990971446 -0.0207684767 -0.217596859 0.97581774 -0.0207684767 -0.217596859 0.97581774 -0.0207684767 -0.217596859 0.97581774 -0.0625149831 -0.243550658 0.967871368 -0.0625149831 -0.243550658 0.967871368 -0.0625149831 -0.243550658 0.967871368 0.0107799806 -0.125682473 0.992011964 0.0107799806 -0.125682473 0.992011964 0.0107799806 -0.125682473 0.992011964 0.00125499244 -0.0655368343 0.997849345 0.00125499244 -0.0655368343 0.997849345 0.00125499244 -0.0655368343 0.997849345 -0.46816951 0.583396494 0.663676023 -0.46816951 0.583396494 0.663676023 -0.46816951 0.583396494 0.663676023 -0.0104310587 -0.256246358 0.966555238 -0.0104310587 -0.256246358 0.966555238 -0.0104310587 -0.256246358 0.966555238 0.174292341 -0.945759177 0.274156392 0.174292341 -0.945759177 0.274156392 0.174292341 -0.945759177 0.274156392 0.0602051876 0.980457127 0.18729423 0.0602051876 0.980457127 0.18729423 0.0602051876 0.980457127 0.18729423 0.179466724 -0.887643576 0.424123347 0.179466724 -0.887643576 0.424123347 0.179466724 -0.887643576 0.424123347 0.175442263 -0.888386071 0.42425245 0.175442263 -0.888386071 0.42425245 0.175442263 -0.888386071 0.42425245 0.0319954939 -0.159593046 0.986664236 0.0319954939 -0.159593046 0.986664236 0.0319954939 -0.159593046 0.986664236 0.0360831022 -0.111153804 0.993147969 0.0360831022 -0.111153804 0.993147969 0.0360831022 -0.111153804 0.993147969 0.0168534853 -0.108108282 0.993996263 0.0168534853 -0.108108282 0.993996263 0.0168534853 -0.108108282 0.993996263 0.0070416457 -0.168173388 0.985732257 0.0070416457 -0.168173388 0.985732257 0.0070416457 -0.168173388 0.985732257 0.094552651 0.96461004 0.246144861 0.094552651 0.96461004 0.246144861 0.094552651 0.96461004 0.246144861 0.0618203208 0.810262859 0.58279705 0.0618203208 0.810262859 0.58279705 0.0618203208 0.810262859 0.58279705 -0.144880012 -0.0752503127 0.986583591 -0.144880012 -0.0752503127 0.986583591 -0.144880012 -0.0752503127 0.986583591 -0.255782425 0.640690088 0.723941684 -0.255782425 0.640690088 0.723941684 -0.255782425 0.640690088 0.723941684 0.119618051 0.787740827 0.604281306 0.119618051 0.787740827 0.604281306 0.119618051 0.787740827 0.604281306 -0.283681244 -0.958517373 0.0277383327 -0.283681244 -0.958517373 0.0277383327 -0.283681244 -0.958517373 0.0277383327 -0.0157331489 -0.995474279 0.0937197283 -0.0157331489 -0.995474279 0.0937197283 -0.0157331489 -0.995474279 0.0937197283 0.0266679022 0.987197995 0.157254413 0.0266679022 0.987197995 0.157254413 0.0266679022 0.987197995 0.157254413 -0.0373322293 -0.912647665 0.407038748 -0.0373322293 -0.912647665 0.407038748 -0.0373322293 -0.912647665 0.407038748 0.0229757484 0.989780903 0.140733495 0.0229757484 0.989780903 0.140733495 0.0229757484 0.989780903 0.140733495 0.00751994457 -0.881605089 0.471927851 0.00751994457 -0.881605089 0.471927851 0.00751994457 -0.881605089 0.471927851 0.0242881663 -0.7291224 0.683952153 0.0242881663 -0.7291224 0.683952153 0.0242881663 -0.7291224 0.683952153 -0.00875264034 -0.276544034 0.960961401 -0.00875264034 -0.276544034 0.960961401 -0.00875264034 -0.276544034 0.960961401 -0.0684942529 -0.899245083 0.432049572 -0.0684942529 -0.899245083 0.432049572 -0.0684942529 -0.899245083 0.432049572 0.0272313692 -0.162365332 0.986354887 0.0272313692 -0.162365332 0.986354887 0.0272313692 -0.162365332 0.986354887 -0.00424664374 -0.158843786 0.987294614 -0.00424664374 -0.158843786 0.987294614 -0.00424664374 -0.158843786 0.987294614 0.0179602038 -0.318743855 0.947670698 0.0179602038 -0.318743855 0.947670698 0.0179602038 -0.318743855 0.947670698 0.0248643942 0.991397142 0.128504902 0.0248643942 0.991397142 0.128504902 0.0248643942 0.991397142 0.128504902 -0.0554702096 0.956586301 0.286121756 -0.0554702096 0.956586301 0.286121756 -0.0554702096 0.956586301 0.286121756 0.0992106348 -0.993229985 0.0604272522 0.0992106348 -0.993229985 0.0604272522 0.0992106348 -0.993229985 0.0604272522 0.00896674022 -0.234643713 0.972040057 0.00896674022 -0.234643713 0.972040057 0.00896674022 -0.234643713 0.972040057 -0.0242731571 -0.341310978 0.939636946 -0.0242731571 -0.341310978 0.939636946 -0.0242731571 -0.341310978 0.939636946 -0.0207273643 0.979866803 0.198573589 -0.0207273643 0.979866803 0.198573589 -0.0207273643 0.979866803 0.198573589 -0.107851133 0.487988174 0.866161466 -0.107851133 0.487988174 0.866161466 -0.107851133 0.487988174 0.866161466 0.167628482 -0.869383514 0.464836538 0.167628482 -0.869383514 0.464836538 0.167628482 -0.869383514 0.464836538 0.166456029 -0.9126966 0.373198748 0.166456029 -0.9126966 0.373198748 0.166456029 -0.9126966 0.373198748 0.136390403 -0.926445842 0.350850075 0.136390403 -0.926445842 0.350850075 0.136390403 -0.926445842 0.350850075 0.104484186 -0.923381507 0.369390875 0.104484186 -0.923381507 0.369390875 0.104484186 -0.923381507 0.369390875 0.00604264159 -0.0831339806 0.996520042 0.00604264159 -0.0831339806 0.996520042 0.00604264159 -0.0831339806 0.996520042 -0.108505547 0.459360301 0.881597817 -0.108505547 0.459360301 0.881597817 -0.108505547 0.459360301 0.881597817 -0.014254068 0.142897576 0.989634812 -0.014254068 0.142897576 0.989634812 -0.014254068 0.142897576 0.989634812 -0.033597514 0.209158584 0.977304399 -0.033597514 0.209158584 0.977304399 -0.033597514 0.209158584 0.977304399 -0.00845620781 0.982784629 0.184561208 -0.00845620781 0.982784629 0.184561208 -0.00845620781 0.982784629 0.184561208 -0.0126560712 0.98619473 0.165105283 -0.0126560712 0.98619473 0.165105283 -0.0126560712 0.98619473 0.165105283 0.0460370034 -0.494698197 0.867844641 0.0460370034 -0.494698197 0.867844641 0.0460370034 -0.494698197 0.867844641 -0.0807920918 -0.904145718 0.419515371 -0.0807920918 -0.904145718 0.419515371 -0.0807920918 -0.904145718 0.419515371 0.120085664 -0.946147323 0.300640374 0.120085664 -0.946147323 0.300640374 0.120085664 -0.946147323 0.300640374 0.113394774 0.990962148 0.0716632381 0.113394774 0.990962148 0.0716632381 0.113394774 0.990962148 0.0716632381 0.0228552204 0.99106133 0.131434634 0.0228552204 0.99106133 0.131434634 0.0228552204 0.99106133 0.131434634 0.151538536 0.927705884 0.341171354 0.151538536 0.927705884 0.341171354 0.151538536 0.927705884 0.341171354 -0.0227094498 0.982706964 0.183769748 -0.0227094498 0.982706964 0.183769748 -0.0227094498 0.982706964 0.183769748 -0.0112081543 0.984012723 0.177745119 -0.0112081543 0.984012723 0.177745119 -0.0112081543 0.984012723 0.177745119 0.00308653223 0.980974019 0.194114417 0.00308653223 0.980974019 0.194114417 0.00308653223 0.980974019 0.194114417 0.105185315 -0.99323988 0.0490976907 0.105185315 -0.99323988 0.0490976907 0.105185315 -0.99323988 0.0490976907 0.0229511485 -0.364920557 0.930755734 0.0229511485 -0.364920557 0.930755734 0.0229511485 -0.364920557 0.930755734 0.529490769 0.665889621 0.525576413 0.529490769 0.665889621 0.525576413 0.529490769 0.665889621 0.525576413 -0.0304904059 0.244306192 0.969218671 -0.0304904059 0.244306192 0.969218671 -0.0304904059 0.244306192 0.969218671 -3.99986084e-06 0.219232857 0.975672543 -3.99986084e-06 0.219232857 0.975672543 -3.99986084e-06 0.219232857 0.975672543 0.185746387 -0.938107193 0.292323738 0.185746387 -0.938107193 0.292323738 0.185746387 -0.938107193 0.292323738 -0.105964132 -0.830402136 0.546995282 -0.105964132 -0.830402136 0.546995282 -0.105964132 -0.830402136 0.546995282 0.11099463 -0.992138028 0.0578133576 0.11099463 -0.992138028 0.0578133576 0.11099463 -0.992138028 0.0578133576 9.28983718e-06 -0.375802159 0.926699936 9.28983718e-06 -0.375802159 0.926699936 9.28983718e-06 -0.375802159 0.926699936 -0.0145872915 0.983748317 0.178959236 -0.0145872915 0.983748317 0.178959236 -0.0145872915 0.983748317 0.178959236 -0.0480285473 0.978380561 0.201158434 -0.0480285473 0.978380561 0.201158434 -0.0480285473 0.978380561 0.201158434 -0.0483406708 0.973186433 0.224880636 -0.0483406708 0.973186433 0.224880636 -0.0483406708 0.973186433 0.224880636 -0.0967196077 0.410865664 0.906551003 -0.0967196077 0.410865664 0.906551003 -0.0967196077 0.410865664 0.906551003 -0.0886150375 0.4227494 0.901903749 -0.0886150375 0.4227494 0.901903749 -0.0886150375 0.4227494 0.901903749 -0.070281975 0.363494724 0.928941369 -0.070281975 0.363494724 0.928941369 -0.070281975 0.363494724 0.928941369 -0.0709080994 0.969734013 0.233640671 -0.0709080994 0.969734013 0.233640671 -0.0709080994 0.969734013 0.233640671 -0.00828681979 0.947149694 0.32068494 -0.00828681979 0.947149694 0.32068494 -0.00828681979 0.947149694 0.32068494 -0.0747426897 0.880687594 0.467763752 -0.0747426897 0.880687594 0.467763752 -0.0747426897 0.880687594 0.467763752 -0.082628265 0.916451693 0.391521215 -0.082628265 0.916451693 0.391521215 -0.082628265 0.916451693 0.391521215 -0.00376694859 0.109266728 0.994005322 -0.00376694859 0.109266728 0.994005322 -0.00376694859 0.109266728 0.994005322 -0.00996062625 0.980811179 0.194705576 -0.00996062625 0.980811179 0.194705576 -0.00996062625 0.980811179 0.194705576 0.144799814 0.913489461 0.380223632 0.144799814 0.913489461 0.380223632 0.144799814 0.913489461 0.380223632 0.00244987337 0.0541587882 0.998529315 0.00244987337 0.0541587882 0.998529315 0.00244987337 0.0541587882 0.998529315 -0.00248549879 0.0565205701 0.998398364 -0.00248549879 0.0565205701 0.998398364 -0.00248549879 0.0565205701 0.998398364 0.125326797 0.942731082 0.309113711 0.125326797 0.942731082 0.309113711 0.125326797 0.942731082 0.309113711 0.000810320373 0.10905572 0.994035304 0.000810320373 0.10905572 0.994035304 0.000810320373 0.10905572 0.994035304 -0.94154048 -0.198024094 0.272558212 -0.94154048 -0.198024094 0.272558212 -0.94154048 -0.198024094 0.272558212 -0.0544459 0.522141576 0.851119161 -0.0544459 0.522141576 0.851119161 -0.0544459 0.522141576 0.851119161 -0.0817975029 0.471795499 0.877905548 -0.0817975029 0.471795499 0.877905548 -0.0817975029 0.471795499 0.877905548 -0.0464340188 0.456478596 0.88852191 -0.0464340188 0.456478596 0.88852191 -0.0464340188 0.456478596 0.88852191 0.0152234575 0.988004088 0.153675497 0.0152234575 0.988004088 0.153675497 0.0152234575 0.988004088 0.153675497 -0.0185823236 0.208613411 0.977821648 -0.0185823236 0.208613411 0.977821648 -0.0185823236 0.208613411 0.977821648 0.0245898571 0.000250421494 -0.999697566 0.0245898571 0.000250421494 -0.999697566 0.0245898571 0.000250421494 -0.999697566 -0.0678002238 0.337217957 0.93898201 -0.0678002238 0.337217957 0.93898201 -0.0678002238 0.337217957 0.93898201 -0.00725674303 0.23724246 0.971423388 -0.00725674303 0.23724246 0.971423388 -0.00725674303 0.23724246 0.971423388 0.0313497335 0.974510908 0.222138852 0.0313497335 0.974510908 0.222138852 0.0313497335 0.974510908 0.222138852 -0.0452189296 0.296867192 0.953847528 -0.0452189296 0.296867192 0.953847528 -0.0452189296 0.296867192 0.953847528 0.0262558963 0.855576277 0.51701045 0.0262558963 0.855576277 0.51701045 0.0262558963 0.855576277 0.51701045 0.163826182 0.843361914 0.511763334 0.163826182 0.843361914 0.511763334 0.163826182 0.843361914 0.511763334 0.00448005088 0.700044513 0.714085162 0.00448005088 0.700044513 0.714085162 0.00448005088 0.700044513 0.714085162 0.0602772124 0.980481982 0.187141001 0.0602772124 0.980481982 0.187141001 0.0602772124 0.980481982 0.187141001 0.152580917 0.853975713 0.497437924 0.152580917 0.853975713 0.497437924 0.152580917 0.853975713 0.497437924 -0.0775320604 -0.905572593 0.417045593 -0.0775320604 -0.905572593 0.417045593 -0.0775320604 -0.905572593 0.417045593 0.0532558076 0.924964368 0.37630403 0.0532558076 0.924964368 0.37630403 0.0532558076 0.924964368 0.37630403 0.0865786597 0.954443991 0.285553545 0.0865786597 0.954443991 0.285553545 0.0865786597 0.954443991 0.285553545 0.105911054 0.906435013 0.408850133 0.105911054 0.906435013 0.408850133 0.105911054 0.906435013 0.408850133 0.126238152 0.790770352 0.59895426 0.126238152 0.790770352 0.59895426 0.126238152 0.790770352 0.59895426 0.109196082 0.791178465 0.601758122 0.109196082 0.791178465 0.601758122 0.109196082 0.791178465 0.601758122 -0.000100363759 -0.673534393 0.739155889 -0.000100363759 -0.673534393 0.739155889 -0.000100363759 -0.673534393 0.739155889 0.0839716345 0.599500179 0.795957446 0.0839716345 0.599500179 0.795957446 0.0839716345 0.599500179 0.795957446 -0.11594332 0.564327836 0.817368448 -0.11594332 0.564327836 0.817368448 -0.11594332 0.564327836 0.817368448 -0.00527647743 0.984889209 0.173105255 -0.00527647743 0.984889209 0.173105255 -0.00527647743 0.984889209 0.173105255 -0.0993519202 0.531995237 0.840898514 -0.0993519202 0.531995237 0.840898514 -0.0993519202 0.531995237 0.840898514 -0.0182364844 0.0796433389 0.996656597 -0.0182364844 0.0796433389 0.996656597 -0.0182364844 0.0796433389 0.996656597 -0.0114477985 0.0782630965 0.996867001 -0.0114477985 0.0782630965 0.996867001 -0.0114477985 0.0782630965 0.996867001 0.0105594322 0.975264072 0.220790684 0.0105594322 0.975264072 0.220790684 0.0105594322 0.975264072 0.220790684 0.0291759372 -0.472897828 0.880634129 0.0291759372 -0.472897828 0.880634129 0.0291759372 -0.472897828 0.880634129 -0.0318645127 0.980539322 0.193719685 -0.0318645127 0.980539322 0.193719685 -0.0318645127 0.980539322 0.193719685 -0.0319316983 0.969519973 0.242922649 -0.0319316983 0.969519973 0.242922649 -0.0319316983 0.969519973 0.242922649 -0.0119405538 0.130079165 0.991431713 -0.0119405538 0.130079165 0.991431713 -0.0119405538 0.130079165 0.991431713 0.0882999077 -0.995467067 0.0353334174 0.0882999077 -0.995467067 0.0353334174 0.0882999077 -0.995467067 0.0353334174 0.115521893 0.92667836 0.357661784 0.115521893 0.92667836 0.357661784 0.115521893 0.92667836 0.357661784 0.0132498266 0.986026049 0.166063324 0.0132498266 0.986026049 0.166063324 0.0132498266 0.986026049 0.166063324 0.0487573221 0.987237334 0.151608482 0.0487573221 0.987237334 0.151608482 0.0487573221 0.987237334 0.151608482 0.00226839539 0.989033937 0.147671089 0.00226839539 0.989033937 0.147671089 0.00226839539 0.989033937 0.147671089 -0.000484792923 0.989169598 0.146776304 -0.000484792923 0.989169598 0.146776304 -0.000484792923 0.989169598 0.146776304 0.0446054302 0.734050453 0.677628398 0.0446054302 0.734050453 0.677628398 0.0446054302 0.734050453 0.677628398 -0.0309034865 0.978473902 0.204043567 -0.0309034865 0.978473902 0.204043567 -0.0309034865 0.978473902 0.204043567 -0.000260908593 0.985827506 0.167761907 -0.000260908593 0.985827506 0.167761907 -0.000260908593 0.985827506 0.167761907 -0.102670364 0.0733628348 0.992006421 -0.102670364 0.0733628348 0.992006421 -0.102670364 0.0733628348 0.992006421 0.069824934 0.722166836 0.688185692 0.069824934 0.722166836 0.688185692 0.069824934 0.722166836 0.688185692 0.0194643028 0.694841623 0.71889931 0.0194643028 0.694841623 0.71889931 0.0194643028 0.694841623 0.71889931 -0.0915521681 0.680932105 0.726601422 -0.0915521681 0.680932105 0.726601422 -0.0915521681 0.680932105 0.726601422 0.105907373 0.778422117 0.618742764 0.105907373 0.778422117 0.618742764 0.105907373 0.778422117 0.618742764 -0.00315740355 0.663916767 0.747799814 -0.00315740355 0.663916767 0.747799814 -0.00315740355 0.663916767 0.747799814 0.0873152688 0.796626627 0.598132133 0.0873152688 0.796626627 0.598132133 0.0873152688 0.796626627 0.598132133 0.058616966 0.666317403 0.743360698 0.058616966 0.666317403 0.743360698 0.058616966 0.666317403 0.743360698 -5.459768e-05 -0.63978523 0.768553734 -5.459768e-05 -0.63978523 0.768553734 -5.459768e-05 -0.63978523 0.768553734 -9.70387046e-05 0.699464202 0.714667618 -9.70387046e-05 0.699464202 0.714667618 -9.70387046e-05 0.699464202 0.714667618 -0.0908242315 -0.912668586 0.398480833 -0.0908242315 -0.912668586 0.398480833 -0.0908242315 -0.912668586 0.398480833 0.0813543573 0.798624277 0.596305907 0.0813543573 0.798624277 0.596305907 0.0813543573 0.798624277 0.596305907 0.0709228739 0.754695177 0.652230859 0.0709228739 0.754695177 0.652230859 0.0709228739 0.754695177 0.652230859 -0.00490740594 0.0734974146 0.99728334 -0.00490740594 0.0734974146 0.99728334 -0.00490740594 0.0734974146 0.99728334 -0.0212113056 0.99508369 0.0967392996 -0.0212113056 0.99508369 0.0967392996 -0.0212113056 0.99508369 0.0967392996 -1.03505056e-06 0.0784776211 0.996915877 -1.03505056e-06 0.0784776211 0.996915877 -1.03505056e-06 0.0784776211 0.996915877 0.0497854874 -0.8053689 0.590679586 0.0497854874 -0.8053689 0.590679586 0.0497854874 -0.8053689 0.590679586 0.107096165 -0.860714197 0.497696191 0.107096165 -0.860714197 0.497696191 0.107096165 -0.860714197 0.497696191 0.0938196778 -0.995097041 0.0313008651 0.0938196778 -0.995097041 0.0313008651 0.0938196778 -0.995097041 0.0313008651 -0.655553102 0.54500103 0.522708356 -0.655553102 0.54500103 0.522708356 -0.655553102 0.54500103 0.522708356 0.113253757 0.992030621 0.0552163087 0.113253757 0.992030621 0.0552163087 0.113253757 0.992030621 0.0552163087 -0.953184545 -0.132222965 0.271949053 -0.953184545 -0.132222965 0.271949053 -0.953184545 -0.132222965 0.271949053 -0.0887644514 -0.913332999 0.39742139 -0.0887644514 -0.913332999 0.39742139 -0.0887644514 -0.913332999 0.39742139 0.102433205 0.993773282 0.0438415892 0.102433205 0.993773282 0.0438415892 0.102433205 0.993773282 0.0438415892 -5.03194428e-07 0.27975747 0.960070729 -5.03194428e-07 0.27975747 0.960070729 -5.03194428e-07 0.27975747 0.960070729 0.100108825 0.993930399 0.0456133746 0.100108825 0.993930399 0.0456133746 0.100108825 0.993930399 0.0456133746 0.0204379167 5.38605709e-05 -0.999791145 0.0204379167 5.38605709e-05 -0.999791145 0.0204379167 5.38605709e-05 -0.999791145 0.496567249 -0.625511527 0.601794243 0.496567249 -0.625511527 0.601794243 0.496567249 -0.625511527 0.601794243 2.84791149e-05 0.458218187 0.888839781 2.84791149e-05 0.458218187 0.888839781 2.84791149e-05 0.458218187 0.888839781 0.0287461653 -0.459221035 0.887856781 0.0287461653 -0.459221035 0.887856781 0.0287461653 -0.459221035 0.887856781 0.368735552 0.768805444 0.522467494 0.368735552 0.768805444 0.522467494 0.368735552 0.768805444 0.522467494 0.381561905 0.823242307 0.420336306 0.381561905 0.823242307 0.420336306 0.381561905 0.823242307 0.420336306 0.149799094 -0.979215682 0.136736438 0.149799094 -0.979215682 0.136736438 0.149799094 -0.979215682 0.136736438 -0.10126771 -0.92042011 0.377586663 -0.10126771 -0.92042011 0.377586663 -0.10126771 -0.92042011 0.377586663 -0.109188147 -0.0678036138 0.991705894 -0.109188147 -0.0678036138 0.991705894 -0.109188147 -0.0678036138 0.991705894 0.0694751143 0.844451129 0.531107843 0.0694751143 0.844451129 0.531107843 0.0694751143 0.844451129 0.531107843 0.112267435 0.991040468 0.0723523498 0.112267435 0.991040468 0.0723523498 0.112267435 0.991040468 0.0723523498 0.515102625 0.679342568 0.522649944 0.515102625 0.679342568 0.522649944 0.515102625 0.679342568 0.522649944 0.39852649 0.773742557 0.492441922 0.39852649 0.773742557 0.492441922 0.39852649 0.773742557 0.492441922 0.254344255 0.881775975 0.397215515 0.254344255 0.881775975 0.397215515 0.254344255 0.881775975 0.397215515 0.037035197 0.871430695 0.489118487 0.037035197 0.871430695 0.489118487 0.037035197 0.871430695 0.489118487 0.0384998843 0.869122088 0.493096858 0.0384998843 0.869122088 0.493096858 0.0384998843 0.869122088 0.493096858 -0.189443514 0.370210856 0.909425676 -0.189443514 0.370210856 0.909425676 -0.189443514 0.370210856 0.909425676 0.862933993 -0.452834845 0.224244252 0.862933993 -0.452834845 0.224244252 0.862933993 -0.452834845 0.224244252 0.951094925 -0.254313588 0.175337076 0.951094925 -0.254313588 0.175337076 0.951094925 -0.254313588 0.175337076 0.024707051 -0.487387598 -0.872836113 0.024707051 -0.487387598 -0.872836113 0.024707051 -0.487387598 -0.872836113 0.0786519945 -0.549603701 -0.831714869 0.0786519945 -0.549603701 -0.831714869 0.0786519945 -0.549603701 -0.831714869 0.318713814 -0.478706986 -0.818083823 0.318713814 -0.478706986 -0.818083823 0.318713814 -0.478706986 -0.818083823 0.218889296 -0.389198273 -0.894769371 0.218889296 -0.389198273 -0.894769371 0.218889296 -0.389198273 -0.894769371 -0.129959404 -0.31755358 0.939292431 -0.129959404 -0.31755358 0.939292431 -0.129959404 -0.31755358 0.939292431 -0.134222105 -0.0633193403 0.988926232 -0.134222105 -0.0633193403 0.988926232 -0.134222105 -0.0633193403 0.988926232 -0.102751508 -0.0617198646 0.992790401 -0.102751508 -0.0617198646 0.992790401 -0.102751508 -0.0617198646 0.992790401 -0.121845357 -0.314631999 0.94136095 -0.121845357 -0.314631999 0.94136095 -0.121845357 -0.314631999 0.94136095 0.4468413 -0.562213719 0.695879757 0.4468413 -0.562213719 0.695879757 0.4468413 -0.562213719 0.695879757 0.241561264 -0.500395179 0.83141619 0.241561264 -0.500395179 0.83141619 0.241561264 -0.500395179 0.83141619 1.64702287e-05 -0.41538164 0.909647226 1.64702287e-05 -0.41538164 0.909647226 1.64702287e-05 -0.41538164 0.909647226 0.840603769 -0.127799302 -0.526357889 0.840603769 -0.127799302 -0.526357889 0.840603769 -0.127799302 -0.526357889 -0.332476705 -0.702295899 0.629475713 -0.332476705 -0.702295899 0.629475713 -0.332476705 -0.702295899 0.629475713 0.106086947 -0.989913166 0.0939011872 0.106086947 -0.989913166 0.0939011872 0.106086947 -0.989913166 0.0939011872 -0.315503091 -0.714788795 0.624127209 -0.315503091 -0.714788795 0.624127209 -0.315503091 -0.714788795 0.624127209 -0.186303899 -0.786034286 0.58944124 -0.186303899 -0.786034286 0.58944124 -0.186303899 -0.786034286 0.58944124 0.280863047 -0.764441133 -0.580297947 0.280863047 -0.764441133 -0.580297947 0.280863047 -0.764441133 -0.580297947 0.494769514 -0.388198137 -0.777499437 0.494769514 -0.388198137 -0.777499437 0.494769514 -0.388198137 -0.777499437 -0.152434021 0.418425679 0.89536798 -0.152434021 0.418425679 0.89536798 -0.152434021 0.418425679 0.89536798 0.714856982 -0.422052324 -0.557540417 0.714856982 -0.422052324 -0.557540417 0.714856982 -0.422052324 -0.557540417 0.085528776 -0.987655163 -0.131232873 0.085528776 -0.987655163 -0.131232873 0.085528776 -0.987655163 -0.131232873 0.175096616 0.908876359 0.378529966 0.175096616 0.908876359 0.378529966 0.175096616 0.908876359 0.378529966 -0.0244792812 -0.953251719 -0.301184237 -0.0244792812 -0.953251719 -0.301184237 -0.0244792812 -0.953251719 -0.301184237 -0.183455572 -0.850427449 -0.493069172 -0.183455572 -0.850427449 -0.493069172 -0.183455572 -0.850427449 -0.493069172 -0.222972617 -0.761163712 -0.609026313 -0.222972617 -0.761163712 -0.609026313 -0.222972617 -0.761163712 -0.609026313 -0.238767356 -0.760280609 -0.604122162 -0.238767356 -0.760280609 -0.604122162 -0.238767356 -0.760280609 -0.604122162 -0.14544633 -0.848435521 -0.508922935 -0.14544633 -0.848435521 -0.508922935 -0.14544633 -0.848435521 -0.508922935 -0.0990053788 -0.920998335 0.376775742 -0.0990053788 -0.920998335 0.376775742 -0.0990053788 -0.920998335 0.376775742 -0.148560792 -0.922463059 -0.356358856 -0.148560792 -0.922463059 -0.356358856 -0.148560792 -0.922463059 -0.356358856 -0.234295905 -0.915500462 -0.327053964 -0.234295905 -0.915500462 -0.327053964 -0.234295905 -0.915500462 -0.327053964 -0.228006676 -0.969540834 -0.0894622728 -0.228006676 -0.969540834 -0.0894622728 -0.228006676 -0.969540834 -0.0894622728 0.36076802 0.90678066 0.218163475 0.36076802 0.90678066 0.218163475 0.36076802 0.90678066 0.218163475 0.218447432 0.857282639 -0.46620515 0.218447432 0.857282639 -0.46620515 0.218447432 0.857282639 -0.46620515 0.47649014 0.669053257 -0.570372581 0.47649014 0.669053257 -0.570372581 0.47649014 0.669053257 -0.570372581 0.13090986 0.94325912 0.305163562 0.13090986 0.94325912 0.305163562 0.13090986 0.94325912 0.305163562 -0.292124659 0.522706747 0.800900042 -0.292124659 0.522706747 0.800900042 -0.292124659 0.522706747 0.800900042 -0.226309985 0.942596495 0.245551616 -0.226309985 0.942596495 0.245551616 -0.226309985 0.942596495 0.245551616 -0.158400893 0.415005833 0.895923734 -0.158400893 0.415005833 0.895923734 -0.158400893 0.415005833 0.895923734 -0.213562384 0.369853735 0.904211998 -0.213562384 0.369853735 0.904211998 -0.213562384 0.369853735 0.904211998 -0.454804093 0.811544061 -0.366809905 -0.454804093 0.811544061 -0.366809905 -0.454804093 0.811544061 -0.366809905 -0.271243721 0.938915193 0.211813927 -0.271243721 0.938915193 0.211813927 -0.271243721 0.938915193 0.211813927 0.111186668 -0.893471122 0.435140103 0.111186668 -0.893471122 0.435140103 0.111186668 -0.893471122 0.435140103 0.0424676165 0.63788861 -0.76895684 0.0424676165 0.63788861 -0.76895684 0.0424676165 0.63788861 -0.76895684 0.0737125129 0.44725433 -0.891364157 0.0737125129 0.44725433 -0.891364157 0.0737125129 0.44725433 -0.891364157 0.529330194 0.818038106 0.22499606 0.529330194 0.818038106 0.22499606 0.529330194 0.818038106 0.22499606 0.685235858 0.613785028 -0.392071098 0.685235858 0.613785028 -0.392071098 0.685235858 0.613785028 -0.392071098 -0.144240662 0.409696817 0.900745869 -0.144240662 0.409696817 0.900745869 -0.144240662 0.409696817 0.900745869 -0.00961934775 0.475611061 -0.879603088 -0.00961934775 0.475611061 -0.879603088 -0.00961934775 0.475611061 -0.879603088 0.101505294 0.590159297 -0.800879955 0.101505294 0.590159297 -0.800879955 0.101505294 0.590159297 -0.800879955 -0.13990441 0.673920333 -0.725436509 -0.13990441 0.673920333 -0.725436509 -0.13990441 0.673920333 -0.725436509 0.342464924 0.416400403 -0.842216432 0.342464924 0.416400403 -0.842216432 0.342464924 0.416400403 -0.842216432 0.0603856333 0.644694984 -0.762051165 0.0603856333 0.644694984 -0.762051165 0.0603856333 0.644694984 -0.762051165 0.0681223124 0.989831448 -0.124872208 0.0681223124 0.989831448 -0.124872208 0.0681223124 0.989831448 -0.124872208 -0.123943873 0.580881119 -0.804496765 -0.123943873 0.580881119 -0.804496765 -0.123943873 0.580881119 -0.804496765 -0.0978040844 0.579434395 -0.809129238 -0.0978040844 0.579434395 -0.809129238 -0.0978040844 0.579434395 -0.809129238 -0.0795306638 0.663363993 -0.74405849 -0.0795306638 0.663363993 -0.74405849 -0.0795306638 0.663363993 -0.74405849 -0.23781538 0.318722993 0.917528987 -0.23781538 0.318722993 0.917528987 -0.23781538 0.318722993 0.917528987 0.14579621 0.922890604 0.356393576 0.14579621 0.922890604 0.356393576 0.14579621 0.922890604 0.356393576 -0.197504297 0.681529224 -0.704634607 -0.197504297 0.681529224 -0.704634607 -0.197504297 0.681529224 -0.704634607 0.114903964 -0.931592524 0.344865918 0.114903964 -0.931592524 0.344865918 0.114903964 -0.931592524 0.344865918 0.175204188 -0.930714905 0.321050256 0.175204188 -0.930714905 0.321050256 0.175204188 -0.930714905 0.321050256 0.211602956 0.920787632 0.3276802 0.211602956 0.920787632 0.3276802 0.211602956 0.920787632 0.3276802 0.227976754 0.905006766 0.359150916 0.227976754 0.905006766 0.359150916 0.227976754 0.905006766 0.359150916 0.227836072 0.921305478 0.315098256 0.227836072 0.921305478 0.315098256 0.227836072 0.921305478 0.315098256 0.134276196 -0.987839401 0.0783783272 0.134276196 -0.987839401 0.0783783272 0.134276196 -0.987839401 0.0783783272 0.208515882 -0.95101583 0.228232265 0.208515882 -0.95101583 0.228232265 0.208515882 -0.95101583 0.228232265 0.398610353 -0.694497705 0.598984778 0.398610353 -0.694497705 0.598984778 0.398610353 -0.694497705 0.598984778 -0.959985435 -0.0418788977 0.276900947 -0.959985435 -0.0418788977 0.276900947 -0.959985435 -0.0418788977 0.276900947 0.394433647 -0.665842533 0.63330543 0.394433647 -0.665842533 0.63330543 0.394433647 -0.665842533 0.63330543 -0.167817146 -0.103644736 0.980354607 -0.167817146 -0.103644736 0.980354607 -0.167817146 -0.103644736 0.980354607 0.276979089 -0.845022261 0.457405716 0.276979089 -0.845022261 0.457405716 0.276979089 -0.845022261 0.457405716 0.335631192 -0.85790801 0.3890315 0.335631192 -0.85790801 0.3890315 0.335631192 -0.85790801 0.3890315 0.401882499 -0.782077849 0.476282179 0.401882499 -0.782077849 0.476282179 0.401882499 -0.782077849 0.476282179 0.31036219 -0.846565366 0.432437748 0.31036219 -0.846565366 0.432437748 0.31036219 -0.846565366 0.432437748 0.107753254 -0.989701152 0.0942386463 0.107753254 -0.989701152 0.0942386463 0.107753254 -0.989701152 0.0942386463 0.148006216 -0.979858398 0.134058371 0.148006216 -0.979858398 0.134058371 0.148006216 -0.979858398 0.134058371 0.0485581718 -0.746536911 0.663569689 0.0485581718 -0.746536911 0.663569689 0.0485581718 -0.746536911 0.663569689 0.2564542 0.811776638 0.524642646 0.2564542 0.811776638 0.524642646 0.2564542 0.811776638 0.524642646 0.24200201 0.810316384 0.533687592 0.24200201 0.810316384 0.533687592 0.24200201 0.810316384 0.533687592 0.266294897 0.805906773 0.528773367 0.266294897 0.805906773 0.528773367 0.266294897 0.805906773 0.528773367 -0.0541649833 0.00069232285 -0.998531759 -0.0541649833 0.00069232285 -0.998531759 -0.0541649833 0.00069232285 -0.998531759 0.251414329 0.804541171 0.538056016 0.251414329 0.804541171 0.538056016 0.251414329 0.804541171 0.538056016 0.251983285 0.805643916 0.536136448 0.251983285 0.805643916 0.536136448 0.251983285 0.805643916 0.536136448 0.185254812 0.916347563 0.354947597 0.185254812 0.916347563 0.354947597 0.185254812 0.916347563 0.354947597 0.234935105 -0.844637334 0.481033534 0.234935105 -0.844637334 0.481033534 0.234935105 -0.844637334 0.481033534 1.84868932e-05 0.42061007 0.907241523 1.84868932e-05 0.42061007 0.907241523 1.84868932e-05 0.42061007 0.907241523 0.100202888 -0.99366498 0.0508851781 0.100202888 -0.99366498 0.0508851781 0.100202888 -0.99366498 0.0508851781 0.425019979 -0.841175616 0.334337562 0.425019979 -0.841175616 0.334337562 0.425019979 -0.841175616 0.334337562 -0.133686796 -0.142034784 0.980792522 -0.133686796 -0.142034784 0.980792522 -0.133686796 -0.142034784 0.980792522 0.203839049 0.830384314 0.518566787 0.203839049 0.830384314 0.518566787 0.203839049 0.830384314 0.518566787 0.119354166 0.940399706 0.318438381 0.119354166 0.940399706 0.318438381 0.119354166 0.940399706 0.318438381 0.24174118 0.810275793 0.5338673 0.24174118 0.810275793 0.5338673 0.24174118 0.810275793 0.5338673 -0.0754458457 -0.0682739168 0.994809806 -0.0754458457 -0.0682739168 0.994809806 -0.0754458457 -0.0682739168 0.994809806 0.334119648 0.838634551 0.430181593 0.334119648 0.838634551 0.430181593 0.334119648 0.838634551 0.430181593 0.247855544 0.806546986 0.536702514 0.247855544 0.806546986 0.536702514 0.247855544 0.806546986 0.536702514 0.121137477 -0.983125806 0.137074441 0.121137477 -0.983125806 0.137074441 0.121137477 -0.983125806 0.137074441 0.170884505 0.983886421 0.0525923222 0.170884505 0.983886421 0.0525923222 0.170884505 0.983886421 0.0525923222 -0.162245408 0.6953426 -0.700125039 -0.162245408 0.6953426 -0.700125039 -0.162245408 0.6953426 -0.700125039 -0.0982451364 0.980438709 0.170551494 -0.0982451364 0.980438709 0.170551494 -0.0982451364 0.980438709 0.170551494 0.20679459 0.891794622 0.402415663 0.20679459 0.891794622 0.402415663 0.20679459 0.891794622 0.402415663 0.128014892 0.986338675 0.103673443 0.128014892 0.986338675 0.103673443 0.128014892 0.986338675 0.103673443 -0.745279551 0.485703498 0.456782818 -0.745279551 0.485703498 0.456782818 -0.745279551 0.485703498 0.456782818 0.161427766 0.922881365 0.349615604 0.161427766 0.922881365 0.349615604 0.161427766 0.922881365 0.349615604 -0.167722493 0.108893603 0.979801714 -0.167722493 0.108893603 0.979801714 -0.167722493 0.108893603 0.979801714 0.222643703 0.822612286 0.523200572 0.222643703 0.822612286 0.523200572 0.222643703 0.822612286 0.523200572 -0.141593739 -0.497209907 0.855998576 -0.141593739 -0.497209907 0.855998576 -0.141593739 -0.497209907 0.855998576 0.222446755 0.822211504 0.523913801 0.222446755 0.822211504 0.523913801 0.222446755 0.822211504 0.523913801 0.164016053 0.91983813 0.35636574 0.164016053 0.91983813 0.35636574 0.164016053 0.91983813 0.35636574 0.11561577 0.918355763 0.378491282 0.11561577 0.918355763 0.378491282 0.11561577 0.918355763 0.378491282 0.0878700167 -0.988578022 -0.122443244 0.0878700167 -0.988578022 -0.122443244 0.0878700167 -0.988578022 -0.122443244 0.169703379 0.931601226 0.32143423 0.169703379 0.931601226 0.32143423 0.169703379 0.931601226 0.32143423 0.22533372 -0.884548366 0.408410192 0.22533372 -0.884548366 0.408410192 0.22533372 -0.884548366 0.408410192 -0.0200905632 -1.15865896e-05 -0.999798179 -0.0200905632 -1.15865896e-05 -0.999798179 -0.0200905632 -1.15865896e-05 -0.999798179 0.100008726 -0.987113416 -0.124921426 0.100008726 -0.987113416 -0.124921426 0.100008726 -0.987113416 -0.124921426 0.418285847 0.664843321 -0.618886352 0.418285847 0.664843321 -0.618886352 0.418285847 0.664843321 -0.618886352 0.103778966 -0.975862503 -0.192151815 0.103778966 -0.975862503 -0.192151815 0.103778966 -0.975862503 -0.192151815 0.104778558 -0.992126465 0.0686039403 0.104778558 -0.992126465 0.0686039403 0.104778558 -0.992126465 0.0686039403 0.204915583 -0.892040551 0.402831525 0.204915583 -0.892040551 0.402831525 0.204915583 -0.892040551 0.402831525 0.105707124 -0.982163906 -0.155499503 0.105707124 -0.982163906 -0.155499503 0.105707124 -0.982163906 -0.155499503 0.0869376361 0.630839586 -0.771027386 0.0869376361 0.630839586 -0.771027386 0.0869376361 0.630839586 -0.771027386 0.121318497 0.793772101 0.595992982 0.121318497 0.793772101 0.595992982 0.121318497 0.793772101 0.595992982 0.10712456 -0.982018948 -0.155444831 0.10712456 -0.982018948 -0.155444831 0.10712456 -0.982018948 -0.155444831 -0.186377272 0.286211133 0.939865232 -0.186377272 0.286211133 0.939865232 -0.186377272 0.286211133 0.939865232 0.111930683 -0.993628979 0.0131527111 0.111930683 -0.993628979 0.0131527111 0.111930683 -0.993628979 0.0131527111 -0.21843031 0.252119362 0.942721605 -0.21843031 0.252119362 0.942721605 -0.21843031 0.252119362 0.942721605 0.11731568 -0.981392324 0.152007088 0.11731568 -0.981392324 0.152007088 0.11731568 -0.981392324 0.152007088 0.116228685 -0.972358286 0.202509776 0.116228685 -0.972358286 0.202509776 0.116228685 -0.972358286 0.202509776 0.245203614 -0.888675988 0.387466282 0.245203614 -0.888675988 0.387466282 0.245203614 -0.888675988 0.387466282 0.123979419 -0.980748892 0.150866508 0.123979419 -0.980748892 0.150866508 0.123979419 -0.980748892 0.150866508 0.121153452 -0.958511591 0.258025944 0.121153452 -0.958511591 0.258025944 0.121153452 -0.958511591 0.258025944 -0.0228076782 -5.50535842e-05 -0.999739885 -0.0228076782 -5.50535842e-05 -0.999739885 -0.0228076782 -5.50535842e-05 -0.999739885 0.566406846 0.693297446 0.445558041 0.566406846 0.693297446 0.445558041 0.566406846 0.693297446 0.445558041 0.119875528 -0.944497406 0.305866838 0.119875528 -0.944497406 0.305866838 0.119875528 -0.944497406 0.305866838 0.146470338 -0.978634417 0.14429529 0.146470338 -0.978634417 0.14429529 0.146470338 -0.978634417 0.14429529 -0.0570139848 0.0655593649 0.996218562 -0.0570139848 0.0655593649 0.996218562 -0.0570139848 0.0655593649 0.996218562 -0.175451159 0.23423712 0.956216455 -0.175451159 0.23423712 0.956216455 -0.175451159 0.23423712 0.956216455 0.0350664556 -0.0655738935 0.997231364 0.0350664556 -0.0655738935 0.997231364 0.0350664556 -0.0655738935 0.997231364 -0.0286038723 0.000250734243 -0.999590814 -0.0286038723 0.000250734243 -0.999590814 -0.0286038723 0.000250734243 -0.999590814 0.356652588 0.726776004 0.587022603 0.356652588 0.726776004 0.587022603 0.356652588 0.726776004 0.587022603 -0.0315990038 0.00133219326 -0.999499738 -0.0315990038 0.00133219326 -0.999499738 -0.0315990038 0.00133219326 -0.999499738 -0.0376407802 -0.00198462885 -0.999289393 -0.0376407802 -0.00198462885 -0.999289393 -0.0376407802 -0.00198462885 -0.999289393 0.0350581966 0.0690580383 0.996996462 0.0350581966 0.0690580383 0.996996462 0.0350581966 0.0690580383 0.996996462 -0.0342985801 0.00111495412 -0.999410987 -0.0342985801 0.00111495412 -0.999410987 -0.0342985801 0.00111495412 -0.999410987 -0.0366917364 0.000434477639 -0.999326527 -0.0366917364 0.000434477639 -0.999326527 -0.0366917364 0.000434477639 -0.999326527 0.355214715 0.0860155076 0.930818915 0.355214715 0.0860155076 0.930818915 0.355214715 0.0860155076 0.930818915 -0.0387673564 -8.28021512e-05 -0.999248266 -0.0387673564 -8.28021512e-05 -0.999248266 -0.0387673564 -8.28021512e-05 -0.999248266 0.356026769 -0.0534334444 0.932946861 0.356026769 -0.0534334444 0.932946861 0.356026769 -0.0534334444 0.932946861 -0.0228330698 -3.78985933e-05 -0.999739289 -0.0228330698 -3.78985933e-05 -0.999739289 -0.0228330698 -3.78985933e-05 -0.999739289 -0.110939093 -0.927648127 0.356597155 -0.110939093 -0.927648127 0.356597155 -0.110939093 -0.927648127 0.356597155 0.120376609 0.948427856 0.293247521 0.120376609 0.948427856 0.293247521 0.120376609 0.948427856 0.293247521 0.134447306 0.909107268 0.394268751 0.134447306 0.909107268 0.394268751 0.134447306 0.909107268 0.394268751 0.156866342 -0.970476687 0.183215603 0.156866342 -0.970476687 0.183215603 0.156866342 -0.970476687 0.183215603 -0.043580506 0.000149070213 -0.999049902 -0.043580506 0.000149070213 -0.999049902 -0.043580506 0.000149070213 -0.999049902 -0.00520519447 -0.984624684 0.174605638 -0.00520519447 -0.984624684 0.174605638 -0.00520519447 -0.984624684 0.174605638 0.345364541 -0.91450882 0.210705876 0.345364541 -0.91450882 0.210705876 0.345364541 -0.91450882 0.210705876 -0.0469288938 0.00010121883 -0.998898208 -0.0469288938 0.00010121883 -0.998898208 -0.0469288938 0.00010121883 -0.998898208 -0.00347830565 -0.986005902 0.166673943 -0.00347830565 -0.986005902 0.166673943 -0.00347830565 -0.986005902 0.166673943 -0.00152890023 -0.986756504 0.162201226 -0.00152890023 -0.986756504 0.162201226 -0.00152890023 -0.986756504 0.162201226 0.20731464 -0.906256139 0.36840263 0.20731464 -0.906256139 0.36840263 0.20731464 -0.906256139 0.36840263 0.272391319 -0.952113926 0.138859719 0.272391319 -0.952113926 0.138859719 0.272391319 -0.952113926 0.138859719 0.0436723828 0.986168742 0.159887284 0.0436723828 0.986168742 0.159887284 0.0436723828 0.986168742 0.159887284 0.00160667894 -0.987368643 0.158431694 0.00160667894 -0.987368643 0.158431694 0.00160667894 -0.987368643 0.158431694 0.00747108506 -0.240657628 0.970581293 0.00747108506 -0.240657628 0.970581293 0.00747108506 -0.240657628 0.970581293 0.072841838 0.969683051 0.233256996 0.072841838 0.969683051 0.233256996 0.072841838 0.969683051 0.233256996 -0.203252479 0.206159279 0.957176447 -0.203252479 0.206159279 0.957176447 -0.203252479 0.206159279 0.957176447 0.0883053839 0.954510629 0.284801066 0.0883053839 0.954510629 0.284801066 0.0883053839 0.954510629 0.284801066 -0.0758181363 -0.000831455749 -0.997121334 -0.0758181363 -0.000831455749 -0.997121334 -0.0758181363 -0.000831455749 -0.997121334 -0.186621457 0.207719773 0.960221291 -0.186621457 0.207719773 0.960221291 -0.186621457 0.207719773 0.960221291 -5.48835885e-07 0.231132284 0.972922325 -5.48835885e-07 0.231132284 0.972922325 -5.48835885e-07 0.231132284 0.972922325 -0.164002761 0.177841559 0.970296562 -0.164002761 0.177841559 0.970296562 -0.164002761 0.177841559 0.970296562 -0.106979996 -0.928558946 0.355434358 -0.106979996 -0.928558946 0.355434358 -0.106979996 -0.928558946 0.355434358 0.338195086 -0.935325444 0.103876613 0.338195086 -0.935325444 0.103876613 0.338195086 -0.935325444 0.103876613 -0.147983506 0.179249644 0.972610116 -0.147983506 0.179249644 0.972610116 -0.147983506 0.179249644 0.972610116 -0.0420181789 0.000183193464 -0.999116838 -0.0420181789 0.000183193464 -0.999116838 -0.0420181789 0.000183193464 -0.999116838 -0.0434126966 3.54255862e-05 -0.999057233 -0.0434126966 3.54255862e-05 -0.999057233 -0.0434126966 3.54255862e-05 -0.999057233 -0.165909261 0.151239574 0.974474609 -0.165909261 0.151239574 0.974474609 -0.165909261 0.151239574 0.974474609 0.0354241617 -0.989845455 0.137662947 0.0354241617 -0.989845455 0.137662947 0.0354241617 -0.989845455 0.137662947 -0.129582867 0.136590496 0.982115746 -0.129582867 0.136590496 0.982115746 -0.129582867 0.136590496 0.982115746 -0.143367216 0.119970597 0.982371032 -0.143367216 0.119970597 0.982371032 -0.143367216 0.119970597 0.982371032 -4.02496681e-07 0.167647213 0.985847056 -4.02496681e-07 0.167647213 0.985847056 -4.02496681e-07 0.167647213 0.985847056 -0.113886952 0.0993716046 0.988511503 -0.113886952 0.0993716046 0.988511503 -0.113886952 0.0993716046 0.988511503 -0.12902911 0.0879941657 0.987728953 -0.12902911 0.0879941657 0.987728953 -0.12902911 0.0879941657 0.987728953 -0.0628282502 0.000538146705 -0.998024225 -0.0628282502 0.000538146705 -0.998024225 -0.0628282502 0.000538146705 -0.998024225 2.53030151e-07 -0.120114177 0.992760062 2.53030151e-07 -0.120114177 0.992760062 2.53030151e-07 -0.120114177 0.992760062 -0.103124171 0.0719364658 0.992063761 -0.103124171 0.0719364658 0.992063761 -0.103124171 0.0719364658 0.992063761 -0.123424515 0.0497289598 0.991107166 -0.123424515 0.0497289598 0.991107166 -0.123424515 0.0497289598 0.991107166 -0.0686165094 0.000647171168 -0.997642875 -0.0686165094 0.000647171168 -0.997642875 -0.0686165094 0.000647171168 -0.997642875 2.0879655e-07 -0.100202978 0.994967043 2.0879655e-07 -0.100202978 0.994967043 2.0879655e-07 -0.100202978 0.994967043 -0.0757548958 0.000705667655 -0.997126222 -0.0757548958 0.000705667655 -0.997126222 -0.0757548958 0.000705667655 -0.997126222 -0.118121706 0.499481708 0.858233809 -0.118121706 0.499481708 0.858233809 -0.118121706 0.499481708 0.858233809 1.79323465e-07 -0.0870079696 0.996207595 1.79323465e-07 -0.0870079696 0.996207595 1.79323465e-07 -0.0870079696 0.996207595 0.0116395773 0.0975511968 0.995162427 0.0116395773 0.0975511968 0.995162427 0.0116395773 0.0975511968 0.995162427 -0.163697243 0.459163517 0.873139203 -0.163697243 0.459163517 0.873139203 -0.163697243 0.459163517 0.873139203 -2.0065022e-07 0.0771690458 0.997018039 -2.0065022e-07 0.0771690458 0.997018039 -2.0065022e-07 0.0771690458 0.997018039 -0.123898126 0.44198364 0.88842541 -0.123898126 0.44198364 0.88842541 -0.123898126 0.44198364 0.88842541 -0.187297642 0.39658305 0.898688734 -0.187297642 0.39658305 0.898688734 -0.187297642 0.39658305 0.898688734 -0.129296154 0.36654079 0.921374142 -0.129296154 0.36654079 0.921374142 -0.129296154 0.36654079 0.921374142 -1.79209721e-07 0.0677614436 0.997701526 -1.79209721e-07 0.0677614436 0.997701526 -1.79209721e-07 0.0677614436 0.997701526 -0.184435621 0.318828195 0.929694653 -0.184435621 0.318828195 0.929694653 -0.184435621 0.318828195 0.929694653 -1.69822712e-07 0.0636557788 0.997971892 -1.69822712e-07 0.0636557788 0.997971892 -1.69822712e-07 0.0636557788 0.997971892 -0.131659284 0.296525598 0.945906103 -0.131659284 0.296525598 0.945906103 -0.131659284 0.296525598 0.945906103 -1.57209655e-07 0.0582351312 0.998302877 -1.57209655e-07 0.0582351312 0.998302877 -1.57209655e-07 0.0582351312 0.998302877 0.338775545 -0.935072362 0.10426335 0.338775545 -0.935072362 0.10426335 0.338775545 -0.935072362 0.10426335 -0.174366638 0.257733822 0.950352311 -0.174366638 0.257733822 0.950352311 -0.174366638 0.257733822 0.950352311 1.78836942e-07 -0.056618385 0.99839592 1.78836942e-07 -0.056618385 0.99839592 1.78836942e-07 -0.056618385 0.99839592 -1.77290062e-07 0.0563263595 0.99841243 -1.77290062e-07 0.0563263595 0.99841243 -1.77290062e-07 0.0563263595 0.99841243 -0.128675804 0.248149693 0.960137606 -0.128675804 0.248149693 0.960137606 -0.128675804 0.248149693 0.960137606 2.55152429e-07 -0.0566183776 0.99839592 2.55152429e-07 -0.0566183776 0.99839592 2.55152429e-07 -0.0566183776 0.99839592 -2.15565009e-07 0.0535805263 0.998563528 -2.15565009e-07 0.0535805263 0.998563528 -2.15565009e-07 0.0535805263 0.998563528 4.05109233e-07 -0.0626048446 0.998038411 4.05109233e-07 -0.0626048446 0.998038411 4.05109233e-07 -0.0626048446 0.998038411 -0.162775427 0.212570667 0.963492513 -0.162775427 0.212570667 0.963492513 -0.162775427 0.212570667 0.963492513 -7.00000442e-07 0.0706749782 0.997499406 -7.00000442e-07 0.0706749782 0.997499406 -7.00000442e-07 0.0706749782 0.997499406 6.43872227e-07 -0.070590198 0.997505426 6.43872227e-07 -0.070590198 0.997505426 6.43872227e-07 -0.070590198 0.997505426 -0.11940068 0.211777553 0.96999675 -0.11940068 0.211777553 0.96999675 -0.11940068 0.211777553 0.96999675 0.132390082 -0.990333855 0.0413732715 0.132390082 -0.990333855 0.0413732715 0.132390082 -0.990333855 0.0413732715 0.338136196 -0.935325623 0.104066581 0.338136196 -0.935325623 0.104066581 0.338136196 -0.935325623 0.104066581 -1.79859353e-06 0.0962038562 0.995361626 -1.79859353e-06 0.0962038562 0.995361626 -1.79859353e-06 0.0962038562 0.995361626 -0.148002088 0.178617597 0.972723544 -0.148002088 0.178617597 0.972723544 -0.148002088 0.178617597 0.972723544 2.18508808e-06 -0.121176973 0.992630899 2.18508808e-06 -0.121176973 0.992630899 2.18508808e-06 -0.121176973 0.992630899 -2.65778726e-06 0.131203562 0.991355479 -2.65778726e-06 0.131203562 0.991355479 -2.65778726e-06 0.131203562 0.991355479 -0.104990415 0.174456224 0.97905159 -0.104990415 0.174456224 0.97905159 -0.104990415 0.174456224 0.97905159 2.84595399e-06 -0.144587636 0.989491999 2.84595399e-06 -0.144587636 0.989491999 2.84595399e-06 -0.144587636 0.989491999 -0.129291639 0.149274766 0.980306447 -0.129291639 0.149274766 0.980306447 -0.129291639 0.149274766 0.980306447 -0.0928146094 0.136765078 0.986245811 -0.0928146094 0.136765078 0.986245811 -0.0928146094 0.136765078 0.986245811 -0.113495752 0.11998751 0.986266553 -0.113495752 0.11998751 0.986266553 -0.113495752 0.11998751 0.986266553 3.81847394e-06 -0.195325032 0.98073858 3.81847394e-06 -0.195325032 0.98073858 3.81847394e-06 -0.195325032 0.98073858 -0.0865550339 0.107888833 0.990387917 -0.0865550339 0.107888833 0.990387917 -0.0865550339 0.107888833 0.990387917 -0.101872064 0.0989908129 0.989860058 -0.101872064 0.0989908129 0.989860058 -0.101872064 0.0989908129 0.989860058 -0.0853326544 0.0812495351 0.993034184 -0.0853326544 0.0812495351 0.993034184 -0.0853326544 0.0812495351 0.993034184 -0.120687567 0.449344069 0.885169148 -0.120687567 0.449344069 0.885169148 -0.120687567 0.449344069 0.885169148 -0.0997545943 0.430607647 0.897009492 -0.0997545943 0.430607647 0.897009492 -0.0997545943 0.430607647 0.897009492 1.54268619e-05 -0.369279504 0.929318368 1.54268619e-05 -0.369279504 0.929318368 1.54268619e-05 -0.369279504 0.929318368 2.6798667e-05 -0.432079613 0.901835442 2.6798667e-05 -0.432079613 0.901835442 2.6798667e-05 -0.432079613 0.901835442 -0.125029549 0.416086704 0.90068835 -0.125029549 0.416086704 0.90068835 -0.125029549 0.416086704 0.90068835 -0.0951028615 0.401344836 0.910976291 -0.0951028615 0.401344836 0.910976291 -0.0951028615 0.401344836 0.910976291 -0.128861621 0.378914803 0.916415989 -0.128861621 0.378914803 0.916415989 -0.128861621 0.378914803 0.916415989 -0.0973449349 0.360740334 0.92757231 -0.0973449349 0.360740334 0.92757231 -0.0973449349 0.360740334 0.92757231 0.5093081 0.636936903 0.578719854 0.5093081 0.636936903 0.578719854 0.5093081 0.636936903 0.578719854 -0.130469322 0.339859545 0.931382418 -0.130469322 0.339859545 0.931382418 -0.130469322 0.339859545 0.931382418 3.96423347e-05 0.547284603 0.836946547 3.96423347e-05 0.547284603 0.836946547 3.96423347e-05 0.547284603 0.836946547 -0.0978729874 0.322077692 0.941640496 -0.0978729874 0.322077692 0.941640496 -0.0978729874 0.322077692 0.941640496 -0.127434686 0.304464668 0.943960607 -0.127434686 0.304464668 0.943960607 -0.127434686 0.304464668 0.943960607 -0.0954632014 0.287904501 0.952889144 -0.0954632014 0.287904501 0.952889144 -0.0954632014 0.287904501 0.952889144 -0.118234947 0.27507323 0.954125345 -0.118234947 0.27507323 0.954125345 -0.118234947 0.27507323 0.954125345 -0.0897898152 0.26096341 0.961163819 -0.0897898152 0.26096341 0.961163819 -0.0897898152 0.26096341 0.961163819 -0.10372211 0.253473341 0.961765528 -0.10372211 0.253473341 0.961765528 -0.10372211 0.253473341 0.961765528 -0.0856948718 0.244634271 0.965821147 -0.0856948718 0.244634271 0.965821147 -0.0856948718 0.244634271 0.965821147 -0.0912634432 0.241677269 0.966055453 -0.0912634432 0.241677269 0.966055453 -0.0912634432 0.241677269 0.966055453 -0.0877635777 0.239833564 0.966838896 -0.0877635777 0.239833564 0.966838896 -0.0877635777 0.239833564 0.966838896 -0.0846555755 0.241221011 0.966770828 -0.0846555755 0.241221011 0.966770828 -0.0846555755 0.241221011 0.966770828 -0.0829821751 0.240357473 0.967130959 -0.0829821751 0.240357473 0.967130959 -0.0829821751 0.240357473 0.967130959 -0.0831778795 0.240200132 0.967153192 -0.0831778795 0.240200132 0.967153192 -0.0831778795 0.240200132 0.967153192 -0.076537177 0.642735183 0.762255549 -0.076537177 0.642735183 0.762255549 -0.076537177 0.642735183 0.762255549 -0.0815054551 0.638678551 0.765144825 -0.0815054551 0.638678551 0.765144825 -0.0815054551 0.638678551 0.765144825 -0.0812632069 0.63855958 0.765269816 -0.0812632069 0.63855958 0.765269816 -0.0812632069 0.63855958 0.765269816 -0.0903631598 0.633325994 0.768591344 -0.0903631598 0.633325994 0.768591344 -0.0903631598 0.633325994 0.768591344 -0.0904176086 0.633356988 0.768559456 -0.0904176086 0.633356988 0.768559456 -0.0904176086 0.633356988 0.768559456 -0.0924873278 0.632025838 0.769408464 -0.0924873278 0.632025838 0.769408464 -0.0924873278 0.632025838 0.769408464 -0.102073312 0.636972845 0.764098525 -0.102073312 0.636972845 0.764098525 -0.102073312 0.636972845 0.764098525 -0.092868939 0.642525911 0.760615408 -0.092868939 0.642525911 0.760615408 -0.092868939 0.642525911 0.760615408 -0.112983756 0.651866078 0.749870181 -0.112983756 0.651866078 0.749870181 -0.112983756 0.651866078 0.749870181 -0.0904416963 0.66457653 0.741726577 -0.0904416963 0.66457653 0.741726577 -0.0904416963 0.66457653 0.741726577 -0.121951319 0.677624583 0.725226045 -0.121951319 0.677624583 0.725226045 -0.121951319 0.677624583 0.725226045 -0.0848728642 0.697041571 0.711989939 -0.0848728642 0.697041571 0.711989939 -0.0848728642 0.697041571 0.711989939 -0.12923184 0.713257253 0.68888545 -0.12923184 0.713257253 0.68888545 -0.12923184 0.713257253 0.68888545 -0.0803035721 0.737199724 0.670885921 -0.0803035721 0.737199724 0.670885921 -0.0803035721 0.737199724 0.670885921 -0.138429403 0.756136477 0.639605284 -0.138429403 0.756136477 0.639605284 -0.138429403 0.756136477 0.639605284 -0.0803501457 0.783678949 0.615947366 -0.0803501457 0.783678949 0.615947366 -0.0803501457 0.783678949 0.615947366 -0.147236452 0.798894465 0.583171606 -0.147236452 0.798894465 0.583171606 -0.147236452 0.798894465 0.583171606 -0.10528437 0.816934705 0.567038715 -0.10528437 0.816934705 0.567038715 -0.10528437 0.816934705 0.567038715 -0.153131977 0.834990263 0.528528035 -0.153131977 0.834990263 0.528528035 -0.153131977 0.834990263 0.528528035 -0.0601661578 0.924902439 0.375413835 -0.0601661578 0.924902439 0.375413835 -0.0601661578 0.924902439 0.375413835 -0.0334478058 0.91550988 0.400902569 -0.0334478058 0.91550988 0.400902569 -0.0334478058 0.91550988 0.400902569 -0.0685924664 0.900389731 0.429643303 -0.0685924664 0.900389731 0.429643303 -0.0685924664 0.900389731 0.429643303 -0.0807488188 0.905163407 0.417323381 -0.0807488188 0.905163407 0.417323381 -0.0807488188 0.905163407 0.417323381 -0.0776699856 0.906509697 0.414979011 -0.0776699856 0.906509697 0.414979011 -0.0776699856 0.906509697 0.414979011 -0.0907423496 0.913471639 0.396655262 -0.0907423496 0.913471639 0.396655262 -0.0907423496 0.913471639 0.396655262 -0.0889233872 0.91405791 0.395715445 -0.0889233872 0.91405791 0.395715445 -0.0889233872 0.91405791 0.395715445 -0.101194695 0.920998693 0.376192868 -0.101194695 0.920998693 0.376192868 -0.101194695 0.920998693 0.376192868 -0.0991667286 0.921516895 0.375463128 -0.0991667286 0.921516895 0.375463128 -0.0991667286 0.921516895 0.375463128 -0.11087966 0.928031743 0.355616003 -0.11087966 0.928031743 0.355616003 -0.11087966 0.928031743 0.355616003 -0.10713011 0.92889446 0.354511261 -0.10713011 0.92889446 0.354511261 -0.10713011 0.92889446 0.354511261 -0.118796267 0.934869707 0.334523737 -0.118796267 0.934869707 0.334523737 -0.118796267 0.934869707 0.334523737 -0.113348566 0.93617028 0.332772195 -0.113348566 0.93617028 0.332772195 -0.113348566 0.93617028 0.332772195 -0.125827625 0.941731036 0.311945617 -0.125827625 0.941731036 0.311945617 -0.125827625 0.941731036 0.311945617 -0.122123472 0.942739904 0.310366392 -0.122123472 0.942739904 0.310366392 -0.122123472 0.942739904 0.310366392 -0.134110674 0.947373927 0.290683597 -0.134110674 0.947373927 0.290683597 -0.134110674 0.947373927 0.290683597 -0.131458417 0.948143721 0.289382339 -0.131458417 0.948143721 0.289382339 -0.131458417 0.948143721 0.289382339 -0.147507086 0.952250481 0.267321318 -0.147507086 0.952250481 0.267321318 -0.147507086 0.952250481 0.267321318 -0.137478203 0.956369102 0.257794261 -0.137478203 0.956369102 0.257794261 -0.137478203 0.956369102 0.257794261 -0.0597637296 0.975843251 0.210138515 -0.0597637296 0.975843251 0.210138515 -0.0597637296 0.975843251 0.210138515 -0.0738690346 0.971479118 0.225325808 -0.0738690346 0.971479118 0.225325808 -0.0738690346 0.971479118 0.225325808 -0.0647635832 0.971228063 0.229176193 -0.0647635832 0.971228063 0.229176193 -0.0647635832 0.971228063 0.229176193 -0.0748258233 0.969699621 0.232559055 -0.0748258233 0.969699621 0.232559055 -0.0748258233 0.969699621 0.232559055 -0.0709078908 0.969471931 0.234725893 -0.0709078908 0.969471931 0.234725893 -0.0709078908 0.969471931 0.234725893 -0.085270144 0.967444837 0.238284364 -0.085270144 0.967444837 0.238284364 -0.085270144 0.967444837 0.238284364 -0.0789449066 0.966932297 0.242506966 -0.0789449066 0.966932297 0.242506966 -0.0789449066 0.966932297 0.242506966 -0.0964072794 0.964653432 0.245253623 -0.0964072794 0.964653432 0.245253623 -0.0964072794 0.964653432 0.245253623 -0.0888151452 0.963952124 0.250815034 -0.0888151452 0.963952124 0.250815034 -0.0888151452 0.963952124 0.250815034 -0.106892958 0.961573243 0.252884984 -0.106892958 0.961573243 0.252884984 -0.106892958 0.961573243 0.252884984 -0.100712769 0.961005509 0.257537127 -0.100712769 0.961005509 0.257537127 -0.100712769 0.961005509 0.257537127 -0.115682431 0.958848536 0.259281814 -0.115682431 0.958848536 0.259281814 -0.115682431 0.958848536 0.259281814 -0.114582725 0.95876205 0.260088772 -0.114582725 0.95876205 0.260088772 -0.114582725 0.95876205 0.260088772 -0.123555087 0.957259119 0.261513054 -0.123555087 0.957259119 0.261513054 -0.123555087 0.957259119 0.261513054 -0.129725978 0.957588553 0.257284522 -0.129725978 0.957588553 0.257284522 -0.129725978 0.957588553 0.257284522 -0.132522419 0.957035601 0.257916033 -0.132522419 0.957035601 0.257916033 -0.132522419 0.957035601 0.257916033 -0.14211522 0.957194984 0.252152681 -0.14211522 0.957194984 0.252152681 -0.14211522 0.957194984 0.252152681 -0.142981634 0.956987858 0.252448887 -0.142981634 0.956987858 0.252448887 -0.142981634 0.956987858 0.252448887 -0.148822069 0.958063662 0.244879499 -0.148822069 0.958063662 0.244879499 -0.148822069 0.958063662 0.244879499 -0.118837886 -0.934641421 0.335146129 -0.118837886 -0.934641421 0.335146129 -0.118837886 -0.934641421 0.335146129 -0.113223232 -0.93598187 0.33334434 -0.113223232 -0.93598187 0.33334434 -0.113223232 -0.93598187 0.33334434 -0.125851318 -0.941615283 0.312285215 -0.125851318 -0.941615283 0.312285215 -0.125851318 -0.941615283 0.312285215 -0.122039713 -0.942653239 0.310662419 -0.122039713 -0.942653239 0.310662419 -0.122039713 -0.942653239 0.310662419 -0.134120241 -0.947327971 0.290828884 -0.134120241 -0.947327971 0.290828884 -0.134120241 -0.947327971 0.290828884 -0.13141425 -0.948112607 0.28950429 -0.13141425 -0.948112607 0.28950429 -0.13141425 -0.948112607 0.28950429 -0.147515729 -0.952240467 0.267352164 -0.147515729 -0.952240467 0.267352164 -0.147515729 -0.952240467 0.267352164 -0.137444764 -0.956375003 0.257790297 -0.137444764 -0.956375003 0.257790297 -0.137444764 -0.956375003 0.257790297 -0.0597087815 -0.975632668 0.21112974 -0.0597087815 -0.975632668 0.21112974 -0.0597087815 -0.975632668 0.21112974 -0.0739168227 -0.971485019 0.225284696 -0.0739168227 -0.971485019 0.225284696 -0.0739168227 -0.971485019 0.225284696 -0.0646972358 -0.971200228 0.229312733 -0.0646972358 -0.971200228 0.229312733 -0.0646972358 -0.971200228 0.229312733 -0.0747769922 -0.969659865 0.232740402 -0.0747769922 -0.969659865 0.232740402 -0.0747769922 -0.969659865 0.232740402 -0.0709090531 -0.969435871 0.234874308 -0.0709090531 -0.969435871 0.234874308 -0.0709090531 -0.969435871 0.234874308 -0.0852438584 -0.967414677 0.23841618 -0.0852438584 -0.967414677 0.23841618 -0.0852438584 -0.967414677 0.23841618 -0.0789460391 -0.966906071 0.24261117 -0.0789460391 -0.966906071 0.24261117 -0.0789460391 -0.966906071 0.24261117 -0.0963883922 -0.964631498 0.24534747 -0.0963883922 -0.964631498 0.24534747 -0.0963883922 -0.964631498 0.24534747 -0.088816151 -0.963934183 0.250883669 -0.088816151 -0.963934183 0.250883669 -0.088816151 -0.963934183 0.250883669 -0.106878281 -0.96155858 0.252947003 -0.106878281 -0.96155858 0.252947003 -0.106878281 -0.96155858 0.252947003 -0.100713611 -0.960993946 0.257579952 -0.100713611 -0.960993946 0.257579952 -0.100713611 -0.960993946 0.257579952 -0.115668513 -0.958840072 0.259319365 -0.115668513 -0.958840072 0.259319365 -0.115668513 -0.958840072 0.259319365 -0.114585422 -0.958755076 0.26011318 -0.114585422 -0.958755076 0.26011318 -0.114585422 -0.958755076 0.26011318 -0.123540632 -0.957255244 0.261534214 -0.123540632 -0.957255244 0.261534214 -0.123540632 -0.957255244 0.261534214 -0.129727975 -0.957584202 0.257299632 -0.129727975 -0.957584202 0.257299632 -0.129727975 -0.957584202 0.257299632 -0.13250877 -0.957034647 0.257926643 -0.13250877 -0.957034647 0.257926643 -0.13250877 -0.957034647 0.257926643 -0.142110109 -0.957193017 0.252163202 -0.142110109 -0.957193017 0.252163202 -0.142110109 -0.957193017 0.252163202 -0.142978132 -0.956985712 0.252459109 -0.142978132 -0.956985712 0.252459109 -0.142978132 -0.956985712 0.252459109 -0.148819223 -0.958064258 0.244879082 -0.148819223 -0.958064258 0.244879082 -0.148819223 -0.958064258 0.244879082 0.406990379 0.659377337 0.632123709 0.406990379 0.659377337 0.632123709 0.406990379 0.659377337 0.632123709 0.452884138 0.579931796 0.677181721 0.452884138 0.579931796 0.677181721 0.452884138 0.579931796 0.677181721 0.474039525 0.58452177 0.658498883 0.474039525 0.58452177 0.658498883 0.474039525 0.58452177 0.658498883 0.222482502 0.972529233 0.0684723929 0.222482502 0.972529233 0.0684723929 0.222482502 0.972529233 0.0684723929 0.0944398344 0.67657423 0.730293393 0.0944398344 0.67657423 0.730293393 0.0944398344 0.67657423 0.730293393 -0.0317747854 0.66838938 0.743132532 -0.0317747854 0.66838938 0.743132532 -0.0317747854 0.66838938 0.743132532 -0.018662231 0.499687791 0.866004527 -0.018662231 0.499687791 0.866004527 -0.018662231 0.499687791 0.866004527 0.082550846 0.612402081 0.786224544 0.082550846 0.612402081 0.786224544 0.082550846 0.612402081 0.786224544 0.126055226 0.630470812 0.765909016 0.126055226 0.630470812 0.765909016 0.126055226 0.630470812 0.765909016 0.0373670571 0.616698563 0.786311984 0.0373670571 0.616698563 0.786311984 0.0373670571 0.616698563 0.786311984 0.0332020856 0.548458338 0.835518479 0.0332020856 0.548458338 0.835518479 0.0332020856 0.548458338 0.835518479 -0.0264568776 0.247243032 0.968592227 -0.0264568776 0.247243032 0.968592227 -0.0264568776 0.247243032 0.968592227 0.0448892526 0.250440657 0.967090726 0.0448892526 0.250440657 0.967090726 0.0448892526 0.250440657 0.967090726 0.0796956196 0.415343791 0.906166732 0.0796956196 0.415343791 0.906166732 0.0796956196 0.415343791 0.906166732 -0.0107865995 0.565033078 0.824997783 -0.0107865995 0.565033078 0.824997783 -0.0107865995 0.565033078 0.824997783 -0.0150881587 0.415909439 0.909280837 -0.0150881587 0.415909439 0.909280837 -0.0150881587 0.415909439 0.909280837 0.0544059984 0.312161028 0.948470056 0.0544059984 0.312161028 0.948470056 0.0544059984 0.312161028 0.948470056 0.0660840794 0.298724771 0.95204854 0.0660840794 0.298724771 0.95204854 0.0660840794 0.298724771 0.95204854 -0.0163257997 0.417500138 0.908530176 -0.0163257997 0.417500138 0.908530176 -0.0163257997 0.417500138 0.908530176 0.101752862 0.443241626 0.890608311 0.101752862 0.443241626 0.890608311 0.101752862 0.443241626 0.890608311 0.108034953 0.460950911 0.880824983 0.108034953 0.460950911 0.880824983 0.108034953 0.460950911 0.880824983 0.100551806 0.4620184 0.881151676 0.100551806 0.4620184 0.881151676 0.100551806 0.4620184 0.881151676 0.0329547301 0.465387642 0.884493291 0.0329547301 0.465387642 0.884493291 0.0329547301 0.465387642 0.884493291 0.123959765 0.672187805 0.729929805 0.123959765 0.672187805 0.729929805 0.123959765 0.672187805 0.729929805 0.0776938647 0.677942991 0.730997264 0.0776938647 0.677942991 0.730997264 0.0776938647 0.677942991 0.730997264 0.100427911 0.692810059 0.714092731 0.100427911 0.692810059 0.714092731 0.100427911 0.692810059 0.714092731 0.120174699 0.732676506 0.669882953 0.120174699 0.732676506 0.669882953 0.120174699 0.732676506 0.669882953 0.0761903301 0.670244217 0.738219321 0.0761903301 0.670244217 0.738219321 0.0761903301 0.670244217 0.738219321 0.122541666 0.719878018 0.683197796 0.122541666 0.719878018 0.683197796 0.122541666 0.719878018 0.683197796 0.111121975 0.673750401 0.73055619 0.111121975 0.673750401 0.73055619 0.111121975 0.673750401 0.73055619 0.111222371 0.595065773 0.795943677 0.111222371 0.595065773 0.795943677 0.111222371 0.595065773 0.795943677 0.0363636911 0.559390306 0.828106403 0.0363636911 0.559390306 0.828106403 0.0363636911 0.559390306 0.828106403 0.121962793 0.563081622 0.817351937 0.121962793 0.563081622 0.817351937 0.121962793 0.563081622 0.817351937 0.106725089 0.648934066 0.753322184 0.106725089 0.648934066 0.753322184 0.106725089 0.648934066 0.753322184 0.092130214 0.690722346 0.717227042 0.092130214 0.690722346 0.717227042 0.092130214 0.690722346 0.717227042 0.0872475058 0.741088629 0.665714324 0.0872475058 0.741088629 0.665714324 0.0872475058 0.741088629 0.665714324 0.0709867105 0.528511226 0.845953166 0.0709867105 0.528511226 0.845953166 0.0709867105 0.528511226 0.845953166 0.0638719127 0.640118957 0.765616179 0.0638719127 0.640118957 0.765616179 0.0638719127 0.640118957 0.765616179 0.0967585221 0.539411008 0.836464942 0.0967585221 0.539411008 0.836464942 0.0967585221 0.539411008 0.836464942 0.0708999187 0.695453525 0.715064764 0.0708999187 0.695453525 0.715064764 0.0708999187 0.695453525 0.715064764 0.129314899 0.778021872 0.614784241 0.129314899 0.778021872 0.614784241 0.129314899 0.778021872 0.614784241 0.00166573143 0.119437106 0.99284035 0.00166573143 0.119437106 0.99284035 0.00166573143 0.119437106 0.99284035 -0.0137444213 0.201286659 0.979435921 -0.0137444213 0.201286659 0.979435921 -0.0137444213 0.201286659 0.979435921 0.0742691308 0.284811348 0.955702126 0.0742691308 0.284811348 0.955702126 0.0742691308 0.284811348 0.955702126 0.0150818108 0.0814685896 0.996561766 0.0150818108 0.0814685896 0.996561766 0.0150818108 0.0814685896 0.996561766 0.00706376554 0.0958411694 0.99537158 0.00706376554 0.0958411694 0.99537158 0.00706376554 0.0958411694 0.99537158 -0.000454861758 0.2813088 0.959617198 -0.000454861758 0.2813088 0.959617198 -0.000454861758 0.2813088 0.959617198 -0.00584648922 0.191504344 0.98147434 -0.00584648922 0.191504344 0.98147434 -0.00584648922 0.191504344 0.98147434 0.0132257622 0.207667425 0.978110075 0.0132257622 0.207667425 0.978110075 0.0132257622 0.207667425 0.978110075 -2.60730644e-07 0.104530767 0.994521677 -2.60730644e-07 0.104530767 0.994521677 -2.60730644e-07 0.104530767 0.994521677 0.0570001192 0.262303591 0.963300467 0.0570001192 0.262303591 0.963300467 0.0570001192 0.262303591 0.963300467 0.00342570059 0.20079416 0.97962749 0.00342570059 0.20079416 0.97962749 0.00342570059 0.20079416 0.97962749 0.0312766954 0.211723402 0.976829052 0.0312766954 0.211723402 0.976829052 0.0312766954 0.211723402 0.976829052 0.0168957934 0.287665933 0.957581758 0.0168957934 0.287665933 0.957581758 0.0168957934 0.287665933 0.957581758 -3.47971195e-07 0.143299192 0.989679396 -3.47971195e-07 0.143299192 0.989679396 -3.47971195e-07 0.143299192 0.989679396 0.018318234 0.169457719 0.985367179 0.018318234 0.169457719 0.985367179 0.018318234 0.169457719 0.985367179 -3.47336254e-07 0.143299192 0.989679396 -3.47336254e-07 0.143299192 0.989679396 -3.47336254e-07 0.143299192 0.989679396 0.0927784219 0.534859836 0.83983165 0.0927784219 0.534859836 0.83983165 0.0927784219 0.534859836 0.83983165 0.0987870991 0.618030429 0.779922724 0.0987870991 0.618030429 0.779922724 0.0987870991 0.618030429 0.779922724 0.0129012885 0.54179734 0.840410113 0.0129012885 0.54179734 0.840410113 0.0129012885 0.54179734 0.840410113 0.0569434799 0.575920999 0.815519691 0.0569434799 0.575920999 0.815519691 0.0569434799 0.575920999 0.815519691 0.0216052812 0.641496301 0.766821802 0.0216052812 0.641496301 0.766821802 0.0216052812 0.641496301 0.766821802 0.0368569754 0.587848425 0.808131039 0.0368569754 0.587848425 0.808131039 0.0368569754 0.587848425 0.808131039 0.102026068 0.684254169 0.72207129 0.102026068 0.684254169 0.72207129 0.102026068 0.684254169 0.72207129 0.0364213735 0.445727646 0.894427359 0.0364213735 0.445727646 0.894427359 0.0364213735 0.445727646 0.894427359 -7.84740678e-06 0.345604986 0.938380063 -7.84740678e-06 0.345604986 0.938380063 -7.84740678e-06 0.345604986 0.938380063 0.032571137 0.481911451 0.875614345 0.032571137 0.481911451 0.875614345 0.032571137 0.481911451 0.875614345 -0.0873458087 0.661255777 0.74505806 -0.0873458087 0.661255777 0.74505806 -0.0873458087 0.661255777 0.74505806 -0.0752681121 0.501554906 0.861845374 -0.0752681121 0.501554906 0.861845374 -0.0752681121 0.501554906 0.861845374 -0.0898275673 0.526196539 0.845605254 -0.0898275673 0.526196539 0.845605254 -0.0898275673 0.526196539 0.845605254 -0.120318897 0.494906843 0.860575736 -0.120318897 0.494906843 0.860575736 -0.120318897 0.494906843 0.860575736 -0.114875637 0.456954867 0.882040739 -0.114875637 0.456954867 0.882040739 -0.114875637 0.456954867 0.882040739 -0.104673102 0.451140374 0.886293352 -0.104673102 0.451140374 0.886293352 -0.104673102 0.451140374 0.886293352 -0.129834786 0.448761761 0.884169579 -0.129834786 0.448761761 0.884169579 -0.129834786 0.448761761 0.884169579 -0.0660921559 0.540926099 0.838469267 -0.0660921559 0.540926099 0.838469267 -0.0660921559 0.540926099 0.838469267 -0.0845819563 0.560171545 0.824047208 -0.0845819563 0.560171545 0.824047208 -0.0845819563 0.560171545 0.824047208 -0.108645447 0.487842798 0.866144061 -0.108645447 0.487842798 0.866144061 -0.108645447 0.487842798 0.866144061 -0.106658347 0.636022866 0.76426363 -0.106658347 0.636022866 0.76426363 -0.106658347 0.636022866 0.76426363 -0.08165095 0.599893749 0.795902431 -0.08165095 0.599893749 0.795902431 -0.08165095 0.599893749 0.795902431 -0.102497905 0.598418891 0.794599891 -0.102497905 0.598418891 0.794599891 -0.102497905 0.598418891 0.794599891 -0.11174351 0.616955698 0.779024422 -0.11174351 0.616955698 0.779024422 -0.11174351 0.616955698 0.779024422 -0.0888855979 0.557560503 0.825363934 -0.0888855979 0.557560503 0.825363934 -0.0888855979 0.557560503 0.825363934 -0.0713116527 0.449136883 0.890612543 -0.0713116527 0.449136883 0.890612543 -0.0713116527 0.449136883 0.890612543 -0.0780728906 0.549329579 0.831950486 -0.0780728906 0.549329579 0.831950486 -0.0780728906 0.549329579 0.831950486 -0.0317592248 0.499611765 0.865667045 -0.0317592248 0.499611765 0.865667045 -0.0317592248 0.499611765 0.865667045 -0.0533787757 0.415851742 0.907864511 -0.0533787757 0.415851742 0.907864511 -0.0533787757 0.415851742 0.907864511 -0.121918894 0.545866847 0.828954279 -0.121918894 0.545866847 0.828954279 -0.121918894 0.545866847 0.828954279 -0.152549937 0.536775172 0.829819798 -0.152549937 0.536775172 0.829819798 -0.152549937 0.536775172 0.829819798 -0.0771402419 0.415758789 0.906197548 -0.0771402419 0.415758789 0.906197548 -0.0771402419 0.415758789 0.906197548 0.000241636139 0.625454068 0.78026098 0.000241636139 0.625454068 0.78026098 0.000241636139 0.625454068 0.78026098 -0.0889685452 0.422843367 0.901824892 -0.0889685452 0.422843367 0.901824892 -0.0889685452 0.422843367 0.901824892 -0.0388311185 0.305637985 0.951355636 -0.0388311185 0.305637985 0.951355636 -0.0388311185 0.305637985 0.951355636 -0.0376045704 0.307109743 0.950930834 -0.0376045704 0.307109743 0.950930834 -0.0376045704 0.307109743 0.950930834 -0.024213912 0.328630924 0.944147944 -0.024213912 0.328630924 0.944147944 -0.024213912 0.328630924 0.944147944 -0.0300270207 0.210102394 0.977218151 -0.0300270207 0.210102394 0.977218151 -0.0300270207 0.210102394 0.977218151 -0.0618236102 0.274553478 0.959582329 -0.0618236102 0.274553478 0.959582329 -0.0618236102 0.274553478 0.959582329 -0.0775805041 0.320477873 0.944073737 -0.0775805041 0.320477873 0.944073737 -0.0775805041 0.320477873 0.944073737 -0.0590725131 0.592522442 0.803385079 -0.0590725131 0.592522442 0.803385079 -0.0590725131 0.592522442 0.803385079 -0.0065377648 0.539477825 0.841974437 -0.0065377648 0.539477825 0.841974437 -0.0065377648 0.539477825 0.841974437 -0.106400341 0.552049756 0.826994598 -0.106400341 0.552049756 0.826994598 -0.106400341 0.552049756 0.826994598 -0.0413981713 0.61854732 0.784656227 -0.0413981713 0.61854732 0.784656227 -0.0413981713 0.61854732 0.784656227 -0.0925458819 0.514799654 0.852300763 -0.0925458819 0.514799654 0.852300763 -0.0925458819 0.514799654 0.852300763 -0.027402699 0.421684504 0.90632844 -0.027402699 0.421684504 0.90632844 -0.027402699 0.421684504 0.90632844 -0.101403095 0.496822596 0.861907601 -0.101403095 0.496822596 0.861907601 -0.101403095 0.496822596 0.861907601 0.00846307911 0.523305833 0.852102935 0.00846307911 0.523305833 0.852102935 0.00846307911 0.523305833 0.852102935 -0.0213235989 0.390809923 0.920224369 -0.0213235989 0.390809923 0.920224369 -0.0213235989 0.390809923 0.920224369 -0.0715622231 0.393679589 0.916458011 -0.0715622231 0.393679589 0.916458011 -0.0715622231 0.393679589 0.916458011 -0.0156913381 0.333305031 0.942688465 -0.0156913381 0.333305031 0.942688465 -0.0156913381 0.333305031 0.942688465 -0.00227622106 0.380519509 0.924770057 -0.00227622106 0.380519509 0.924770057 -0.00227622106 0.380519509 0.924770057 -0.0278071202 0.626347184 0.779048085 -0.0278071202 0.626347184 0.779048085 -0.0278071202 0.626347184 0.779048085 0.0786545649 0.48734495 0.869659901 0.0786545649 0.48734495 0.869659901 0.0786545649 0.48734495 0.869659901 -0.0568119325 0.30774802 0.949770272 -0.0568119325 0.30774802 0.949770272 -0.0568119325 0.30774802 0.949770272 -0.0238645151 0.277429223 0.960449636 -0.0238645151 0.277429223 0.960449636 -0.0238645151 0.277429223 0.960449636 -0.104077421 0.655571163 0.747926712 -0.104077421 0.655571163 0.747926712 -0.104077421 0.655571163 0.747926712 0.0161525607 0.817606211 0.575551212 0.0161525607 0.817606211 0.575551212 0.0161525607 0.817606211 0.575551212 -0.0511706993 0.81368053 0.579055727 -0.0511706993 0.81368053 0.579055727 -0.0511706993 0.81368053 0.579055727 -0.0117985103 0.302719504 0.953006685 -0.0117985103 0.302719504 0.953006685 -0.0117985103 0.302719504 0.953006685 -0.0557423681 0.241338611 0.968838692 -0.0557423681 0.241338611 0.968838692 -0.0557423681 0.241338611 0.968838692 -0.00772626791 0.226802126 0.973910213 -0.00772626791 0.226802126 0.973910213 -0.00772626791 0.226802126 0.973910213 0.0198480655 0.238906562 0.970839679 0.0198480655 0.238906562 0.970839679 0.0198480655 0.238906562 0.970839679 0.0102644078 0.155122235 0.987841964 0.0102644078 0.155122235 0.987841964 0.0102644078 0.155122235 0.987841964 -0.0407477133 0.169182792 0.984741986 -0.0407477133 0.169182792 0.984741986 -0.0407477133 0.169182792 0.984741986 -0.0348207988 0.151584953 0.987830698 -0.0348207988 0.151584953 0.987830698 -0.0348207988 0.151584953 0.987830698 -0.0110919569 0.129705876 0.991490483 -0.0110919569 0.129705876 0.991490483 -0.0110919569 0.129705876 0.991490483 -0.0534581691 0.977658868 0.203286409 -0.0534581691 0.977658868 0.203286409 -0.0534581691 0.977658868 0.203286409 -0.0350569896 0.970899224 0.236908749 -0.0350569896 0.970899224 0.236908749 -0.0350569896 0.970899224 0.236908749 -0.034729179 0.970959246 0.236710876 -0.034729179 0.970959246 0.236710876 -0.034729179 0.970959246 0.236710876 -0.0241704695 0.978344381 0.205567539 -0.0241704695 0.978344381 0.205567539 -0.0241704695 0.978344381 0.205567539 -0.0312019046 0.977966666 0.206416175 -0.0312019046 0.977966666 0.206416175 -0.0312019046 0.977966666 0.206416175 -0.0420632511 0.973139107 0.226342514 -0.0420632511 0.973139107 0.226342514 -0.0420632511 0.973139107 0.226342514 -0.0190457702 0.974438429 0.22384584 -0.0190457702 0.974438429 0.22384584 -0.0190457702 0.974438429 0.22384584 -0.0687891617 0.910613239 0.407494307 -0.0687891617 0.910613239 0.407494307 -0.0687891617 0.910613239 0.407494307 -0.0243286267 0.907304823 0.419769108 -0.0243286267 0.907304823 0.419769108 -0.0243286267 0.907304823 0.419769108 -0.0122854365 0.949219406 0.314374924 -0.0122854365 0.949219406 0.314374924 -0.0122854365 0.949219406 0.314374924 -0.0722598657 0.913466036 0.400447667 -0.0722598657 0.913466036 0.400447667 -0.0722598657 0.913466036 0.400447667 -0.049103152 0.914844215 0.400810391 -0.049103152 0.914844215 0.400810391 -0.049103152 0.914844215 0.400810391 -0.0687622428 0.951035082 0.301337093 -0.0687622428 0.951035082 0.301337093 -0.0687622428 0.951035082 0.301337093 -0.012391163 0.969009638 0.246711999 -0.012391163 0.969009638 0.246711999 -0.012391163 0.969009638 0.246711999 -0.0211106744 0.904361546 0.426244676 -0.0211106744 0.904361546 0.426244676 -0.0211106744 0.904361546 0.426244676 -0.0525852367 0.906919122 0.418010116 -0.0525852367 0.906919122 0.418010116 -0.0525852367 0.906919122 0.418010116 -0.0607723035 0.932162225 0.356903791 -0.0607723035 0.932162225 0.356903791 -0.0607723035 0.932162225 0.356903791 -0.0116399508 0.987533927 0.156975403 -0.0116399508 0.987533927 0.156975403 -0.0116399508 0.987533927 0.156975403 -0.0492051579 0.955096662 0.292180151 -0.0492051579 0.955096662 0.292180151 -0.0492051579 0.955096662 0.292180151 0.0180177148 0.966520846 0.255954742 0.0180177148 0.966520846 0.255954742 0.0180177148 0.966520846 0.255954742 -0.00116071128 0.968064904 0.250697106 -0.00116071128 0.968064904 0.250697106 -0.00116071128 0.968064904 0.250697106 -0.140363619 0.670746028 0.72828418 -0.140363619 0.670746028 0.72828418 -0.140363619 0.670746028 0.72828418 -0.0150239235 0.921538889 0.387995273 -0.0150239235 0.921538889 0.387995273 -0.0150239235 0.921538889 0.387995273 -0.0230923779 0.921561122 0.387545913 -0.0230923779 0.921561122 0.387545913 -0.0230923779 0.921561122 0.387545913 -0.0257110316 0.898670435 0.437870324 -0.0257110316 0.898670435 0.437870324 -0.0257110316 0.898670435 0.437870324 -0.0761218816 0.896187723 0.437096059 -0.0761218816 0.896187723 0.437096059 -0.0761218816 0.896187723 0.437096059 0.00629645446 0.917304158 0.39813745 0.00629645446 0.917304158 0.39813745 0.00629645446 0.917304158 0.39813745 -0.123469189 0.855035782 0.503655851 -0.123469189 0.855035782 0.503655851 -0.123469189 0.855035782 0.503655851 -0.0340329707 0.821024954 0.569876969 -0.0340329707 0.821024954 0.569876969 -0.0340329707 0.821024954 0.569876969 -0.0218444578 0.701537073 0.712298036 -0.0218444578 0.701537073 0.712298036 -0.0218444578 0.701537073 0.712298036 -0.126707882 0.548278689 0.826641142 -0.126707882 0.548278689 0.826641142 -0.126707882 0.548278689 0.826641142 -0.0507226959 0.776424825 0.628165305 -0.0507226959 0.776424825 0.628165305 -0.0507226959 0.776424825 0.628165305 -0.000597428123 0.83999908 0.542587459 -0.000597428123 0.83999908 0.542587459 -0.000597428123 0.83999908 0.542587459 -0.0654467121 0.779613554 0.622831821 -0.0654467121 0.779613554 0.622831821 -0.0654467121 0.779613554 0.622831821 -0.0813755095 0.786164403 0.612636566 -0.0813755095 0.786164403 0.612636566 -0.0813755095 0.786164403 0.612636566 -0.0433524661 0.957043111 0.286686301 -0.0433524661 0.957043111 0.286686301 -0.0433524661 0.957043111 0.286686301 0.00569274183 0.949241638 0.314496249 0.00569274183 0.949241638 0.314496249 0.00569274183 0.949241638 0.314496249 -0.00544946129 0.947360396 0.320122719 -0.00544946129 0.947360396 0.320122719 -0.00544946129 0.947360396 0.320122719 -0.0761887804 0.937569797 0.339349598 -0.0761887804 0.937569797 0.339349598 -0.0761887804 0.937569797 0.339349598 -0.0170547664 0.884895504 0.465477288 -0.0170547664 0.884895504 0.465477288 -0.0170547664 0.884895504 0.465477288 0.0154559482 0.942725122 0.333212346 0.0154559482 0.942725122 0.333212346 0.0154559482 0.942725122 0.333212346 0.0105317188 0.876806915 0.480727226 0.0105317188 0.876806915 0.480727226 0.0105317188 0.876806915 0.480727226 -0.00018928721 0.830784976 0.556593478 -0.00018928721 0.830784976 0.556593478 -0.00018928721 0.830784976 0.556593478 -0.102281675 0.756510377 0.645933807 -0.102281675 0.756510377 0.645933807 -0.102281675 0.756510377 0.645933807 0.0031538636 0.821220577 0.570602119 0.0031538636 0.821220577 0.570602119 0.0031538636 0.821220577 0.570602119 -0.0540772229 0.866780877 0.49574852 -0.0540772229 0.866780877 0.49574852 -0.0540772229 0.866780877 0.49574852 0.0645262003 0.92991668 0.362065405 0.0645262003 0.92991668 0.362065405 0.0645262003 0.92991668 0.362065405 0.00854340941 0.756855488 0.653526425 0.00854340941 0.756855488 0.653526425 0.00854340941 0.756855488 0.653526425 0.0102296546 0.985065937 0.171873346 0.0102296546 0.985065937 0.171873346 0.0102296546 0.985065937 0.171873346 0.00124535838 0.985137045 0.171765804 0.00124535838 0.985137045 0.171765804 0.00124535838 0.985137045 0.171765804 0.0268367436 0.984597087 0.172766909 0.0268367436 0.984597087 0.172766909 0.0268367436 0.984597087 0.172766909 0.0523786135 0.970858991 0.233857557 0.0523786135 0.970858991 0.233857557 0.0523786135 0.970858991 0.233857557 -0.0144706629 0.971580386 0.236267 -0.0144706629 0.971580386 0.236267 -0.0144706629 0.971580386 0.236267 0.061618071 0.963793278 0.259433478 0.061618071 0.963793278 0.259433478 0.061618071 0.963793278 0.259433478 0.0296529476 0.980880618 0.1923379 0.0296529476 0.980880618 0.1923379 0.0296529476 0.980880618 0.1923379 0.0391278006 0.985267401 0.166484728 0.0391278006 0.985267401 0.166484728 0.0391278006 0.985267401 0.166484728 0.0566692464 0.980889559 0.186129868 0.0566692464 0.980889559 0.186129868 0.0566692464 0.980889559 0.186129868 0.0604488589 0.980471969 0.187137917 0.0604488589 0.980471969 0.187137917 0.0604488589 0.980471969 0.187137917 0.0528186262 0.967878282 0.245808423 0.0528186262 0.967878282 0.245808423 0.0528186262 0.967878282 0.245808423 0.0398304611 0.985291123 0.166177303 0.0398304611 0.985291123 0.166177303 0.0398304611 0.985291123 0.166177303 0.0232064575 0.980529666 0.194995061 0.0232064575 0.980529666 0.194995061 0.0232064575 0.980529666 0.194995061 0.067165263 0.962248564 0.263754725 0.067165263 0.962248564 0.263754725 0.067165263 0.962248564 0.263754725 0.0286797676 0.964898288 0.261053175 0.0286797676 0.964898288 0.261053175 0.0286797676 0.964898288 0.261053175 0.0666918457 0.925858498 0.371938467 0.0666918457 0.925858498 0.371938467 0.0666918457 0.925858498 0.371938467 0.0417331494 0.967629135 0.248902008 0.0417331494 0.967629135 0.248902008 0.0417331494 0.967629135 0.248902008 0.0499545932 0.951073945 0.304898173 0.0499545932 0.951073945 0.304898173 0.0499545932 0.951073945 0.304898173 0.0341451019 0.952207804 0.303536475 0.0341451019 0.952207804 0.303536475 0.0341451019 0.952207804 0.303536475 0.0586585924 0.966341555 0.250485837 0.0586585924 0.966341555 0.250485837 0.0586585924 0.966341555 0.250485837 0.0499438643 0.967248797 0.248868287 0.0499438643 0.967248797 0.248868287 0.0499438643 0.967248797 0.248868287 0.0748668835 0.954119027 0.289916903 0.0748668835 0.954119027 0.289916903 0.0748668835 0.954119027 0.289916903 0.0242560934 0.944228888 0.328395307 0.0242560934 0.944228888 0.328395307 0.0242560934 0.944228888 0.328395307 -0.00945719611 0.786151469 0.617961526 -0.00945719611 0.786151469 0.617961526 -0.00945719611 0.786151469 0.617961526 0.0586409271 0.799442291 0.597873986 0.0586409271 0.799442291 0.597873986 0.0586409271 0.799442291 0.597873986 0.114791736 0.668761075 0.734562099 0.114791736 0.668761075 0.734562099 0.114791736 0.668761075 0.734562099 0.123855636 0.794858336 0.594020247 0.123855636 0.794858336 0.594020247 0.123855636 0.794858336 0.594020247 0.0676855221 0.801549852 0.594084561 0.0676855221 0.801549852 0.594084561 0.0676855221 0.801549852 0.594084561 0.0490890518 0.790228903 0.610842526 0.0490890518 0.790228903 0.610842526 0.0490890518 0.790228903 0.610842526 0.0990925729 0.685391963 0.72140038 0.0990925729 0.685391963 0.72140038 0.0990925729 0.685391963 0.72140038 0.0656654164 0.956206024 0.285233319 0.0656654164 0.956206024 0.285233319 0.0656654164 0.956206024 0.285233319 0.0893644765 0.960959673 0.261859685 0.0893644765 0.960959673 0.261859685 0.0893644765 0.960959673 0.261859685 0.0977549478 0.959580958 0.263909727 0.0977549478 0.959580958 0.263909727 0.0977549478 0.959580958 0.263909727 0.0711140782 0.956962168 0.281364858 0.0711140782 0.956962168 0.281364858 0.0711140782 0.956962168 0.281364858 0.102607504 0.957214057 0.27057898 0.102607504 0.957214057 0.27057898 0.102607504 0.957214057 0.27057898 0.117216587 0.934411347 0.336356431 0.117216587 0.934411347 0.336356431 0.117216587 0.934411347 0.336356431 0.0859254524 0.914159417 0.396143109 0.0859254524 0.914159417 0.396143109 0.0859254524 0.914159417 0.396143109 0.0828837007 0.913860977 0.397477567 0.0828837007 0.913860977 0.397477567 0.0828837007 0.913860977 0.397477567 0.0925576463 0.964934826 0.245629564 0.0925576463 0.964934826 0.245629564 0.0925576463 0.964934826 0.245629564 0.146295562 0.912405312 0.382248878 0.146295562 0.912405312 0.382248878 0.146295562 0.912405312 0.382248878 0.119368188 0.915561795 0.384054452 0.119368188 0.915561795 0.384054452 0.119368188 0.915561795 0.384054452 0.0782553926 0.853141844 0.515776157 0.0782553926 0.853141844 0.515776157 0.0782553926 0.853141844 0.515776157 0.103071876 0.957431912 0.269629985 0.103071876 0.957431912 0.269629985 0.103071876 0.957431912 0.269629985 0.150425225 0.880917013 0.44872874 0.150425225 0.880917013 0.44872874 0.150425225 0.880917013 0.44872874 0.183147937 0.898067832 0.399913698 0.183147937 0.898067832 0.399913698 0.183147937 0.898067832 0.399913698 0.0547801182 0.771148264 0.63429451 0.0547801182 0.771148264 0.63429451 0.0547801182 0.771148264 0.63429451 0.126704708 0.874726355 0.467760354 0.126704708 0.874726355 0.467760354 0.126704708 0.874726355 0.467760354 0.0981764719 0.748131514 0.656247377 0.0981764719 0.748131514 0.656247377 0.0981764719 0.748131514 0.656247377 0.129438683 0.848881781 0.512489378 0.129438683 0.848881781 0.512489378 0.129438683 0.848881781 0.512489378 0.139123216 0.82357204 0.549885273 0.139123216 0.82357204 0.549885273 0.139123216 0.82357204 0.549885273 0.147679508 0.822364807 0.54946053 0.147679508 0.822364807 0.54946053 0.147679508 0.822364807 0.54946053 0.149163291 0.827142298 0.541835725 0.149163291 0.827142298 0.541835725 0.149163291 0.827142298 0.541835725 0.127956659 0.752744615 0.645757377 0.127956659 0.752744615 0.645757377 0.127956659 0.752744615 0.645757377 0.13520959 0.759797454 0.635945141 0.13520959 0.759797454 0.635945141 0.13520959 0.759797454 0.635945141 0.0908151865 0.762988746 0.640000641 0.0908151865 0.762988746 0.640000641 0.0908151865 0.762988746 0.640000641 0.135236636 0.840798914 0.524183333 0.135236636 0.840798914 0.524183333 0.135236636 0.840798914 0.524183333 0.161323875 0.856348932 0.490551859 0.161323875 0.856348932 0.490551859 0.161323875 0.856348932 0.490551859 0.177368924 0.85557729 0.486341208 0.177368924 0.85557729 0.486341208 0.177368924 0.85557729 0.486341208 0.112605006 0.756957352 0.643689156 0.112605006 0.756957352 0.643689156 0.112605006 0.756957352 0.643689156 0.117807522 0.831676662 0.54261899 0.117807522 0.831676662 0.54261899 0.117807522 0.831676662 0.54261899 0.123422265 0.841757655 0.525557756 0.123422265 0.841757655 0.525557756 0.123422265 0.841757655 0.525557756 0.0951727107 0.879367173 0.466535658 0.0951727107 0.879367173 0.466535658 0.0951727107 0.879367173 0.466535658 0.170579433 0.879893124 0.443498284 0.170579433 0.879893124 0.443498284 0.170579433 0.879893124 0.443498284 0.137982696 0.913441002 0.382865936 0.137982696 0.913441002 0.382865936 0.137982696 0.913441002 0.382865936 0.174037591 0.90724951 0.382895887 0.174037591 0.90724951 0.382895887 0.174037591 0.90724951 0.382895887 0.125279024 0.941794097 0.311976045 0.125279024 0.941794097 0.311976045 0.125279024 0.941794097 0.311976045 0.108222306 0.938714683 0.327265382 0.108222306 0.938714683 0.327265382 0.108222306 0.938714683 0.327265382 0.131774589 0.943064094 0.305394053 0.131774589 0.943064094 0.305394053 0.131774589 0.943064094 0.305394053 0.146451458 0.924053252 0.353097141 0.146451458 0.924053252 0.353097141 0.146451458 0.924053252 0.353097141 0.100249484 0.938439548 0.330577105 0.100249484 0.938439548 0.330577105 0.100249484 0.938439548 0.330577105 0.105119511 0.938365161 0.329273075 0.105119511 0.938365161 0.329273075 0.105119511 0.938365161 0.329273075 0.151793525 0.877690315 0.454552978 0.151793525 0.877690315 0.454552978 0.151793525 0.877690315 0.454552978 0.0861728117 0.881934047 0.463429123 0.0861728117 0.881934047 0.463429123 0.0861728117 0.881934047 0.463429123 0.110679142 0.93383795 0.340142339 0.110679142 0.93383795 0.340142339 0.110679142 0.93383795 0.340142339 0.0742298141 0.956657231 0.281597018 0.0742298141 0.956657231 0.281597018 0.0742298141 0.956657231 0.281597018 0.0804863796 0.684538603 0.72451973 0.0804863796 0.684538603 0.72451973 0.0804863796 0.684538603 0.72451973 0.106258802 0.78458035 0.610854089 0.106258802 0.78458035 0.610854089 0.106258802 0.78458035 0.610854089 0.0694066137 0.701603293 0.709179521 0.0694066137 0.701603293 0.709179521 0.0694066137 0.701603293 0.709179521 0.0261121169 0.791071713 0.611165822 0.0261121169 0.791071713 0.611165822 0.0261121169 0.791071713 0.611165822 0.0338411182 0.672932267 0.73892957 0.0338411182 0.672932267 0.73892957 0.0338411182 0.672932267 0.73892957 0.0488822088 0.74497205 0.665302336 0.0488822088 0.74497205 0.665302336 0.0488822088 0.74497205 0.665302336 0.118165225 0.737928867 0.664453149 0.118165225 0.737928867 0.664453149 0.118165225 0.737928867 0.664453149 0.0814137831 0.846408069 0.5262748 0.0814137831 0.846408069 0.5262748 0.0814137831 0.846408069 0.5262748 0.0917000547 0.845292449 0.526376128 0.0917000547 0.845292449 0.526376128 0.0917000547 0.845292449 0.526376128 0.0987561122 0.853395104 0.51182425 0.0987561122 0.853395104 0.51182425 0.0987561122 0.853395104 0.51182425 0.10309539 0.899461567 0.424664855 0.10309539 0.899461567 0.424664855 0.10309539 0.899461567 0.424664855 0.116259962 0.788498759 0.603948116 0.116259962 0.788498759 0.603948116 0.116259962 0.788498759 0.603948116 0.0627769902 0.799373448 0.597545922 0.0627769902 0.799373448 0.597545922 0.0627769902 0.799373448 0.597545922 0.0620730035 0.925196409 0.374377519 0.0620730035 0.925196409 0.374377519 0.0620730035 0.925196409 0.374377519 0.0911813229 0.916735291 0.388950288 0.0911813229 0.916735291 0.388950288 0.0911813229 0.916735291 0.388950288 0.0213366337 0.908631623 0.417053193 0.0213366337 0.908631623 0.417053193 0.0213366337 0.908631623 0.417053193 0.0165780708 0.860543251 0.50910753 0.0165780708 0.860543251 0.50910753 0.0165780708 0.860543251 0.50910753 0.0139048407 0.939579368 0.342048645 0.0139048407 0.939579368 0.342048645 0.0139048407 0.939579368 0.342048645 0.0459997468 0.791451097 0.609499097 0.0459997468 0.791451097 0.609499097 0.0459997468 0.791451097 0.609499097 0.0521477982 0.788603127 0.612687349 0.0521477982 0.788603127 0.612687349 0.0521477982 0.788603127 0.612687349 0.113025092 0.785808146 0.608054996 0.113025092 0.785808146 0.608054996 0.113025092 0.785808146 0.608054996 -0.0106265247 0.832679808 0.553652763 -0.0106265247 0.832679808 0.553652763 -0.0106265247 0.832679808 0.553652763 0.108113818 0.822393 0.558552682 0.108113818 0.822393 0.558552682 0.108113818 0.822393 0.558552682 0.0983996838 0.887574792 0.450031638 0.0983996838 0.887574792 0.450031638 0.0983996838 0.887574792 0.450031638 -0.0270199832 0.855402231 0.517259061 -0.0270199832 0.855402231 0.517259061 -0.0270199832 0.855402231 0.517259061 0.0347561724 0.648186445 0.760688066 0.0347561724 0.648186445 0.760688066 0.0347561724 0.648186445 0.760688066 0.0822756141 0.793054163 0.60356921 0.0822756141 0.793054163 0.60356921 0.0822756141 0.793054163 0.60356921 0.076190874 0.859181702 0.505966127 0.076190874 0.859181702 0.505966127 0.076190874 0.859181702 0.505966127 -0.00287038577 0.880596995 0.473857254 -0.00287038577 0.880596995 0.473857254 -0.00287038577 0.880596995 0.473857254 0.0426734015 0.948225915 0.314716607 0.0426734015 0.948225915 0.314716607 0.0426734015 0.948225915 0.314716607 0.0310733393 0.892174304 0.450621247 0.0310733393 0.892174304 0.450621247 0.0310733393 0.892174304 0.450621247 -0.0132458545 0.890439808 0.454908222 -0.0132458545 0.890439808 0.454908222 -0.0132458545 0.890439808 0.454908222 0.0541879758 0.93746376 0.343839109 0.0541879758 0.93746376 0.343839109 0.0541879758 0.93746376 0.343839109 -0.0221469253 0.936041117 0.351192981 -0.0221469253 0.936041117 0.351192981 -0.0221469253 0.936041117 0.351192981 0.0813529789 0.933692157 0.348712891 0.0813529789 0.933692157 0.348712891 0.0813529789 0.933692157 0.348712891 -0.017901035 0.94622916 0.323001444 -0.017901035 0.94622916 0.323001444 -0.017901035 0.94622916 0.323001444 0.091684036 0.916764557 0.38876316 0.091684036 0.916764557 0.38876316 0.091684036 0.916764557 0.38876316 0.0549094342 0.965384185 0.254986882 0.0549094342 0.965384185 0.254986882 0.0549094342 0.965384185 0.254986882 0.0572801121 0.980935872 0.185698032 0.0572801121 0.980935872 0.185698032 0.0572801121 0.980935872 0.185698032 0.0464574322 0.987252712 0.152229324 0.0464574322 0.987252712 0.152229324 0.0464574322 0.987252712 0.152229324 0.0295187198 0.980895162 0.192284614 0.0295187198 0.980895162 0.192284614 0.0295187198 0.980895162 0.192284614 0.0429196581 0.941062987 0.33549723 0.0429196581 0.941062987 0.33549723 0.0429196581 0.941062987 0.33549723 0.0748062879 0.939308167 0.334819585 0.0748062879 0.939308167 0.334819585 0.0748062879 0.939308167 0.334819585 -0.0114292735 0.965072513 0.261733413 -0.0114292735 0.965072513 0.261733413 -0.0114292735 0.965072513 0.261733413 0.00177720282 0.984890759 0.17316781 0.00177720282 0.984890759 0.17316781 0.00177720282 0.984890759 0.17316781 0.010877707 0.989948332 0.141010523 0.010877707 0.989948332 0.141010523 0.010877707 0.989948332 0.141010523 0.00717521878 0.985364854 0.170307353 0.00717521878 0.985364854 0.170307353 0.00717521878 0.985364854 0.170307353 0.0177825186 0.987377226 0.157385021 0.0177825186 0.987377226 0.157385021 0.0177825186 0.987377226 0.157385021 -0.0443785042 0.976753891 0.209719643 -0.0443785042 0.976753891 0.209719643 -0.0443785042 0.976753891 0.209719643 -0.108845957 0.829944015 0.547124803 -0.108845957 0.829944015 0.547124803 -0.108845957 0.829944015 0.547124803 -0.0442467555 0.797245502 0.60203141 -0.0442467555 0.797245502 0.60203141 -0.0442467555 0.797245502 0.60203141 -0.0163405091 0.842822313 0.53794378 -0.0163405091 0.842822313 0.53794378 -0.0163405091 0.842822313 0.53794378 -0.0640553981 0.864587069 0.498383462 -0.0640553981 0.864587069 0.498383462 -0.0640553981 0.864587069 0.498383462 -0.0954764411 0.824103057 0.558335364 -0.0954764411 0.824103057 0.558335364 -0.0954764411 0.824103057 0.558335364 -0.071100682 0.936915398 0.342248708 -0.071100682 0.936915398 0.342248708 -0.071100682 0.936915398 0.342248708 -0.0166813042 0.888170481 0.45921123 -0.0166813042 0.888170481 0.45921123 -0.0166813042 0.888170481 0.45921123 -0.0916110948 0.775595665 0.624546885 -0.0916110948 0.775595665 0.624546885 -0.0916110948 0.775595665 0.624546885 -0.103491716 0.779930353 0.617250443 -0.103491716 0.779930353 0.617250443 -0.103491716 0.779930353 0.617250443 -0.0161722917 0.759890974 0.649849296 -0.0161722917 0.759890974 0.649849296 -0.0161722917 0.759890974 0.649849296 -0.0592003576 0.780956805 0.621773124 -0.0592003576 0.780956805 0.621773124 -0.0592003576 0.780956805 0.621773124 -0.10855066 0.84460324 0.524272978 -0.10855066 0.84460324 0.524272978 -0.10855066 0.84460324 0.524272978 -0.110151768 0.713945508 0.691482723 -0.110151768 0.713945508 0.691482723 -0.110151768 0.713945508 0.691482723 -0.0719211474 0.747879922 0.659926474 -0.0719211474 0.747879922 0.659926474 -0.0719211474 0.747879922 0.659926474 -0.109489925 0.750982225 0.651181757 -0.109489925 0.750982225 0.651181757 -0.109489925 0.750982225 0.651181757 -0.0709129125 0.748373687 0.659475744 -0.0709129125 0.748373687 0.659475744 -0.0709129125 0.748373687 0.659475744 -0.0536747016 0.745509207 0.664330482 -0.0536747016 0.745509207 0.664330482 -0.0536747016 0.745509207 0.664330482 -0.0154994037 0.853554904 0.520772338 -0.0154994037 0.853554904 0.520772338 -0.0154994037 0.853554904 0.520772338 -0.111575171 0.677030027 0.727448523 -0.111575171 0.677030027 0.727448523 -0.111575171 0.677030027 0.727448523 -0.0838305205 0.930990219 0.355288208 -0.0838305205 0.930990219 0.355288208 -0.0838305205 0.930990219 0.355288208 -0.10082487 0.814897001 0.570768952 -0.10082487 0.814897001 0.570768952 -0.10082487 0.814897001 0.570768952 -0.105932675 0.872718096 0.476593554 -0.105932675 0.872718096 0.476593554 -0.105932675 0.872718096 0.476593554 -0.0045280573 0.87834239 0.478010595 -0.0045280573 0.87834239 0.478010595 -0.0045280573 0.87834239 0.478010595 0.000853175647 0.957020104 0.290020347 0.000853175647 0.957020104 0.290020347 0.000853175647 0.957020104 0.290020347 -0.078987591 0.957719028 0.276650071 -0.078987591 0.957719028 0.276650071 -0.078987591 0.957719028 0.276650071 -0.0489680581 0.971286297 0.2328199 -0.0489680581 0.971286297 0.2328199 -0.0489680581 0.971286297 0.2328199 -0.0914374739 0.898992598 0.428312331 -0.0914374739 0.898992598 0.428312331 -0.0914374739 0.898992598 0.428312331 -0.0596296042 0.91718173 0.393982202 -0.0596296042 0.91718173 0.393982202 -0.0596296042 0.91718173 0.393982202 -0.0220881943 0.978808582 0.20358251 -0.0220881943 0.978808582 0.20358251 -0.0220881943 0.978808582 0.20358251 -0.0239703208 0.97800374 0.207205355 -0.0239703208 0.97800374 0.207205355 -0.0239703208 0.97800374 0.207205355 -0.0706422776 0.969888747 0.233078346 -0.0706422776 0.969888747 0.233078346 -0.0706422776 0.969888747 0.233078346 -0.0385563523 0.97875911 0.201355577 -0.0385563523 0.97875911 0.201355577 -0.0385563523 0.97875911 0.201355577 -0.0323410928 0.978345513 0.204436213 -0.0323410928 0.978345513 0.204436213 -0.0323410928 0.978345513 0.204436213 -0.0513592362 0.251315027 0.966541767 -0.0513592362 0.251315027 0.966541767 -0.0513592362 0.251315027 0.966541767 -0.0248445682 0.229394376 0.973016441 -0.0248445682 0.229394376 0.973016441 -0.0248445682 0.229394376 0.973016441 -0.0034806591 0.248850018 0.968535781 -0.0034806591 0.248850018 0.968535781 -0.0034806591 0.248850018 0.968535781 0.0207598861 0.763185501 0.64584589 0.0207598861 0.763185501 0.64584589 0.0207598861 0.763185501 0.64584589 -0.0264832228 0.395047218 0.918278992 -0.0264832228 0.395047218 0.918278992 -0.0264832228 0.395047218 0.918278992 -0.0619676895 0.387604773 0.919740498 -0.0619676895 0.387604773 0.919740498 -0.0619676895 0.387604773 0.919740498 -0.0397690125 0.4067339 0.912680626 -0.0397690125 0.4067339 0.912680626 -0.0397690125 0.4067339 0.912680626 -0.0905186087 0.421777636 0.902169645 -0.0905186087 0.421777636 0.902169645 -0.0905186087 0.421777636 0.902169645 -0.113455296 0.67712301 0.727071047 -0.113455296 0.67712301 0.727071047 -0.113455296 0.67712301 0.727071047 -0.0132223284 0.678339362 0.73462975 -0.0132223284 0.678339362 0.73462975 -0.0132223284 0.678339362 0.73462975 -0.0433560424 0.297003716 0.953891516 -0.0433560424 0.297003716 0.953891516 -0.0433560424 0.297003716 0.953891516 -8.5590118e-06 0.308351666 0.951272428 -8.5590118e-06 0.308351666 0.951272428 -8.5590118e-06 0.308351666 0.951272428 -0.0414679758 0.306332111 0.951021075 -0.0414679758 0.306332111 0.951021075 -0.0414679758 0.306332111 0.951021075 -0.0593450367 0.395909667 0.916369855 -0.0593450367 0.395909667 0.916369855 -0.0593450367 0.395909667 0.916369855 -0.0727892742 0.364364058 0.92840755 -0.0727892742 0.364364058 0.92840755 -0.0727892742 0.364364058 0.92840755 -0.052337449 0.347934663 0.936056733 -0.052337449 0.347934663 0.936056733 -0.052337449 0.347934663 0.936056733 -0.124486618 0.708876908 0.694259763 -0.124486618 0.708876908 0.694259763 -0.124486618 0.708876908 0.694259763 -0.088478744 0.410176605 0.907704055 -0.088478744 0.410176605 0.907704055 -0.088478744 0.410176605 0.907704055 -0.0245291162 0.389546096 0.920680285 -0.0245291162 0.389546096 0.920680285 -0.0245291162 0.389546096 0.920680285 -0.0734068528 0.414184958 0.907227814 -0.0734068528 0.414184958 0.907227814 -0.0734068528 0.414184958 0.907227814 -0.0888344646 0.397716492 0.913197696 -0.0888344646 0.397716492 0.913197696 -0.0888344646 0.397716492 0.913197696 -0.0999081954 0.447771251 0.88854897 -0.0999081954 0.447771251 0.88854897 -0.0999081954 0.447771251 0.88854897 -0.0967107117 0.555553913 0.825837076 -0.0967107117 0.555553913 0.825837076 -0.0967107117 0.555553913 0.825837076 -0.0514462963 0.618757367 0.783895731 -0.0514462963 0.618757367 0.783895731 -0.0514462963 0.618757367 0.783895731 -0.0646516606 0.549825072 0.832774043 -0.0646516606 0.549825072 0.832774043 -0.0646516606 0.549825072 0.832774043 -0.101032853 0.492056519 0.864680707 -0.101032853 0.492056519 0.864680707 -0.101032853 0.492056519 0.864680707 -0.0576321445 0.774986207 0.629344881 -0.0576321445 0.774986207 0.629344881 -0.0576321445 0.774986207 0.629344881 -0.108688399 0.451236606 0.885760903 -0.108688399 0.451236606 0.885760903 -0.108688399 0.451236606 0.885760903 -0.0988708511 0.569458008 0.816052794 -0.0988708511 0.569458008 0.816052794 -0.0988708511 0.569458008 0.816052794 -0.114857711 0.509881854 0.852542222 -0.114857711 0.509881854 0.852542222 -0.114857711 0.509881854 0.852542222 0.0275975075 0.326996058 0.944622636 0.0275975075 0.326996058 0.944622636 0.0275975075 0.326996058 0.944622636 0.0364390388 0.553783536 0.831862986 0.0364390388 0.553783536 0.831862986 0.0364390388 0.553783536 0.831862986 0.0630287603 0.681186855 0.729391396 0.0630287603 0.681186855 0.729391396 0.0630287603 0.681186855 0.729391396 0.039810326 0.716268837 0.696687937 0.039810326 0.716268837 0.696687937 0.039810326 0.716268837 0.696687937 0.0318087563 0.570092797 0.820964336 0.0318087563 0.570092797 0.820964336 0.0318087563 0.570092797 0.820964336 0.0293975156 0.407662421 0.912659347 0.0293975156 0.407662421 0.912659347 0.0293975156 0.407662421 0.912659347 0.117743813 0.463329583 0.878329158 0.117743813 0.463329583 0.878329158 0.117743813 0.463329583 0.878329158 0.0441837311 0.515391052 0.855815351 0.0441837311 0.515391052 0.855815351 0.0441837311 0.515391052 0.855815351 1.10659003e-05 0.388284296 0.921539664 1.10659003e-05 0.388284296 0.921539664 1.10659003e-05 0.388284296 0.921539664 0.0441326536 0.373537689 0.926564574 0.0441326536 0.373537689 0.926564574 0.0441326536 0.373537689 0.926564574 0.00895925984 0.515863538 0.856623888 0.00895925984 0.515863538 0.856623888 0.00895925984 0.515863538 0.856623888 0.0382263847 0.521013618 0.852691948 0.0382263847 0.521013618 0.852691948 0.0382263847 0.521013618 0.852691948 0.0535366796 0.559194744 0.827305913 0.0535366796 0.559194744 0.827305913 0.0535366796 0.559194744 0.827305913 0.016575316 0.266498029 0.963692904 0.016575316 0.266498029 0.963692904 0.016575316 0.266498029 0.963692904 -4.81363372e-07 0.20214206 0.979356229 -4.81363372e-07 0.20214206 0.979356229 -4.81363372e-07 0.20214206 0.979356229 0.00617703982 0.132991791 0.991097867 0.00617703982 0.132991791 0.991097867 0.00617703982 0.132991791 0.991097867 0.0357951038 0.270879894 0.961947381 0.0357951038 0.270879894 0.961947381 0.0357951038 0.270879894 0.961947381 0.0499229021 0.289022267 0.956019819 0.0499229021 0.289022267 0.956019819 0.0499229021 0.289022267 0.956019819 0.00783393066 0.25720793 0.966324329 0.00783393066 0.25720793 0.966324329 0.00783393066 0.25720793 0.966324329 0.0275853779 0.207080156 0.977935016 0.0275853779 0.207080156 0.977935016 0.0275853779 0.207080156 0.977935016 0.0430933945 0.231460825 0.971889317 0.0430933945 0.231460825 0.971889317 0.0430933945 0.231460825 0.971889317 0.00894619618 0.233905524 0.972218156 0.00894619618 0.233905524 0.972218156 0.00894619618 0.233905524 0.972218156 0.00575342821 0.420545876 0.907253027 0.00575342821 0.420545876 0.907253027 0.00575342821 0.420545876 0.907253027 0.0166417956 0.356994063 0.933958411 0.0166417956 0.356994063 0.933958411 0.0166417956 0.356994063 0.933958411 0.0771782771 0.356172264 0.931227624 0.0771782771 0.356172264 0.931227624 0.0771782771 0.356172264 0.931227624 0.0774477497 0.273841441 0.958651483 0.0774477497 0.273841441 0.958651483 0.0774477497 0.273841441 0.958651483 0.0151295755 0.152518511 0.98818481 0.0151295755 0.152518511 0.98818481 0.0151295755 0.152518511 0.98818481 0.0508282296 0.184933752 0.981435657 0.0508282296 0.184933752 0.981435657 0.0508282296 0.184933752 0.981435657 0.0250948854 0.137425184 0.990194201 0.0250948854 0.137425184 0.990194201 0.0250948854 0.137425184 0.990194201 -0.00896617025 0.287327081 0.957790554 -0.00896617025 0.287327081 0.957790554 -0.00896617025 0.287327081 0.957790554 0.0477572344 0.191668898 0.980297029 0.0477572344 0.191668898 0.980297029 0.0477572344 0.191668898 0.980297029 -0.013891805 0.19199878 0.981296837 -0.013891805 0.19199878 0.981296837 -0.013891805 0.19199878 0.981296837 0.0462191887 0.192309558 0.980245292 0.0462191887 0.192309558 0.980245292 0.0462191887 0.192309558 0.980245292 0.0781295076 0.667551875 0.740452766 0.0781295076 0.667551875 0.740452766 0.0781295076 0.667551875 0.740452766 0.0919970945 0.735672176 0.671061099 0.0919970945 0.735672176 0.671061099 0.0919970945 0.735672176 0.671061099 0.0924367458 0.690374434 0.717522502 0.0924367458 0.690374434 0.717522502 0.0924367458 0.690374434 0.717522502 0.0577491038 0.642736375 0.763907731 0.0577491038 0.642736375 0.763907731 0.0577491038 0.642736375 0.763907731 0.116667539 0.686935484 0.717292368 0.116667539 0.686935484 0.717292368 0.116667539 0.686935484 0.717292368 0.0500409044 0.605184615 0.794510841 0.0500409044 0.605184615 0.794510841 0.0500409044 0.605184615 0.794510841 0.0842346251 0.726446271 0.682041287 0.0842346251 0.726446271 0.682041287 0.0842346251 0.726446271 0.682041287 0.107304841 0.733081222 0.671623111 0.107304841 0.733081222 0.671623111 0.107304841 0.733081222 0.671623111 0.108277276 0.740819395 0.662919819 0.108277276 0.740819395 0.662919819 0.108277276 0.740819395 0.662919819 0.0519352555 0.631211817 0.773869693 0.0519352555 0.631211817 0.773869693 0.0519352555 0.631211817 0.773869693 0.120480716 0.757931471 0.641111791 0.120480716 0.757931471 0.641111791 0.120480716 0.757931471 0.641111791 0.108161934 0.429351836 0.896637022 0.108161934 0.429351836 0.896637022 0.108161934 0.429351836 0.896637022 0.0110261869 0.448430032 0.893749893 0.0110261869 0.448430032 0.893749893 0.0110261869 0.448430032 0.893749893 0.00528681232 0.389864713 0.920856953 0.00528681232 0.389864713 0.920856953 0.00528681232 0.389864713 0.920856953 0.0203937441 0.461942524 0.886675358 0.0203937441 0.461942524 0.886675358 0.0203937441 0.461942524 0.886675358 0.120379813 0.549932241 0.826488495 0.120379813 0.549932241 0.826488495 0.120379813 0.549932241 0.826488495 0.0391711742 0.574963927 0.817240536 0.0391711742 0.574963927 0.817240536 0.0391711742 0.574963927 0.817240536 0.115087241 0.573961556 0.810754597 0.115087241 0.573961556 0.810754597 0.115087241 0.573961556 0.810754597 0.0317559429 0.519884706 0.85364598 0.0317559429 0.519884706 0.85364598 0.0317559429 0.519884706 0.85364598 0.0996913165 0.51417464 0.851872087 0.0996913165 0.51417464 0.851872087 0.0996913165 0.51417464 0.851872087 0.086752221 0.388637602 0.917297602 0.086752221 0.388637602 0.917297602 0.086752221 0.388637602 0.917297602 -0.0127377836 0.301728815 0.953308702 -0.0127377836 0.301728815 0.953308702 -0.0127377836 0.301728815 0.953308702 0.0951503664 0.416827202 0.903991997 0.0951503664 0.416827202 0.903991997 0.0951503664 0.416827202 0.903991997 -0.0177485608 0.315012515 0.948921561 -0.0177485608 0.315012515 0.948921561 -0.0177485608 0.315012515 0.948921561 0.00130812346 0.552516222 0.833501101 0.00130812346 0.552516222 0.833501101 0.00130812346 0.552516222 0.833501101 0.116833694 0.54689312 0.829010129 0.116833694 0.54689312 0.829010129 0.116833694 0.54689312 0.829010129 0.112180956 0.570986331 0.813258946 0.112180956 0.570986331 0.813258946 0.112180956 0.570986331 0.813258946 -0.00771064358 0.256691664 0.966462612 -0.00771064358 0.256691664 0.966462612 -0.00771064358 0.256691664 0.966462612 -0.0312155373 0.602264285 0.797686219 -0.0312155373 0.602264285 0.797686219 -0.0312155373 0.602264285 0.797686219 0.0989560261 0.589548767 0.801648259 0.0989560261 0.589548767 0.801648259 0.0989560261 0.589548767 0.801648259 0.0658293515 0.360915065 0.93027246 0.0658293515 0.360915065 0.93027246 0.0658293515 0.360915065 0.93027246 -0.0316840224 0.364548147 0.930645347 -0.0316840224 0.364548147 0.930645347 -0.0316840224 0.364548147 0.930645347 0.0636704713 0.652296662 0.755284786 0.0636704713 0.652296662 0.755284786 0.0636704713 0.652296662 0.755284786 0.120440759 0.643299997 0.756081462 0.120440759 0.643299997 0.756081462 0.120440759 0.643299997 0.756081462 0.111603498 0.651036441 0.750797033 0.111603498 0.651036441 0.750797033 0.111603498 0.651036441 0.750797033 0.0581435002 0.646386087 0.760791898 0.0581435002 0.646386087 0.760791898 0.0581435002 0.646386087 0.760791898 0.103134111 0.702207029 0.704463363 0.103134111 0.702207029 0.704463363 0.103134111 0.702207029 0.704463363 0.106151685 0.68489933 0.720863879 0.106151685 0.68489933 0.720863879 0.106151685 0.68489933 0.720863879 -0.0348555185 0.480261564 0.876432478 -0.0348555185 0.480261564 0.876432478 -0.0348555185 0.480261564 0.876432478 0.0857376978 0.492603809 0.866019905 0.0857376978 0.492603809 0.866019905 0.0857376978 0.492603809 0.866019905 0.00555461738 0.686795831 0.726829171 0.00555461738 0.686795831 0.726829171 0.00555461738 0.686795831 0.726829171 0.184932262 0.865518272 0.465487033 0.184932262 0.865518272 0.465487033 0.184932262 0.865518272 0.465487033 0.0505320355 0.791390479 0.609218895 0.0505320355 0.791390479 0.609218895 0.0505320355 0.791390479 0.609218895 0.150725096 0.869177818 0.470969081 0.150725096 0.869177818 0.470969081 0.150725096 0.869177818 0.470969081 0.220425799 0.878334582 0.424194336 0.220425799 0.878334582 0.424194336 0.220425799 0.878334582 0.424194336 0.176793098 0.871932924 0.456593007 0.176793098 0.871932924 0.456593007 0.176793098 0.871932924 0.456593007 0.042465914 0.809635878 0.585394263 0.042465914 0.809635878 0.585394263 0.042465914 0.809635878 0.585394263 0.215186536 0.878573418 0.426384211 0.215186536 0.878573418 0.426384211 0.215186536 0.878573418 0.426384211 0.00346025871 0.459771872 0.88803035 0.00346025871 0.459771872 0.88803035 0.00346025871 0.459771872 0.88803035 -8.23593437e-05 0.702757418 0.711429536 -8.23593437e-05 0.702757418 0.711429536 -8.23593437e-05 0.702757418 0.711429536 0.197538123 0.853885531 0.48151654 0.197538123 0.853885531 0.48151654 0.197538123 0.853885531 0.48151654 0.227250367 0.88240087 0.411978155 0.227250367 0.88240087 0.411978155 0.227250367 0.88240087 0.411978155 0.204967201 0.879619181 0.429253459 0.204967201 0.879619181 0.429253459 0.204967201 0.879619181 0.429253459 0.151237011 0.845079601 0.512803912 0.151237011 0.845079601 0.512803912 0.151237011 0.845079601 0.512803912 0.135288686 0.888622582 0.438231468 0.135288686 0.888622582 0.438231468 0.135288686 0.888622582 0.438231468 0.178021565 0.878998458 0.442346036 0.178021565 0.878998458 0.442346036 0.178021565 0.878998458 0.442346036 0.215627968 0.885119438 0.412393212 0.215627968 0.885119438 0.412393212 0.215627968 0.885119438 0.412393212 0.268021613 0.793952763 0.545713723 0.268021613 0.793952763 0.545713723 0.268021613 0.793952763 0.545713723 -0.0428436249 0.858938575 -0.510283172 -0.0428436249 0.858938575 -0.510283172 -0.0428436249 0.858938575 -0.510283172 -0.0640944764 0.829964995 -0.554120898 -0.0640944764 0.829964995 -0.554120898 -0.0640944764 0.829964995 -0.554120898 -0.230463967 0.713242114 -0.661945701 -0.230463967 0.713242114 -0.661945701 -0.230463967 0.713242114 -0.661945701 -0.0659317151 0.870319307 0.488054574 -0.0659317151 0.870319307 0.488054574 -0.0659317151 0.870319307 0.488054574 -0.176812306 0.107219599 0.978387117 -0.176812306 0.107219599 0.978387117 -0.176812306 0.107219599 0.978387117 -0.0338222608 0.910891414 -0.411257654 -0.0338222608 0.910891414 -0.411257654 -0.0338222608 0.910891414 -0.411257654 -0.164224073 0.754184306 -0.635795951 -0.164224073 0.754184306 -0.635795951 -0.164224073 0.754184306 -0.635795951 -0.293847293 0.724134147 -0.623925865 -0.293847293 0.724134147 -0.623925865 -0.293847293 0.724134147 -0.623925865 0.000906555098 0.957571507 0.288194418 0.000906555098 0.957571507 0.288194418 0.000906555098 0.957571507 0.288194418 0.0633535609 0.938427806 0.339616746 0.0633535609 0.938427806 0.339616746 0.0633535609 0.938427806 0.339616746 -0.0736964345 0.984607458 -0.158483222 -0.0736964345 0.984607458 -0.158483222 -0.0736964345 0.984607458 -0.158483222 -0.19695273 0.742929041 -0.639739096 -0.19695273 0.742929041 -0.639739096 -0.19695273 0.742929041 -0.639739096 -0.243824035 0.966643214 -0.0784264803 -0.243824035 0.966643214 -0.0784264803 -0.243824035 0.966643214 -0.0784264803 0.239621714 0.806912303 0.539883256 0.239621714 0.806912303 0.539883256 0.239621714 0.806912303 0.539883256 0.244997799 0.843512237 0.47797817 0.244997799 0.843512237 0.47797817 0.244997799 0.843512237 0.47797817 0.222671837 0.834796309 0.503520012 0.222671837 0.834796309 0.503520012 0.222671837 0.834796309 0.503520012 0.225409761 0.899128616 0.375177562 0.225409761 0.899128616 0.375177562 0.225409761 0.899128616 0.375177562 0.217862204 0.920457721 0.324489802 0.217862204 0.920457721 0.324489802 0.217862204 0.920457721 0.324489802 0.255118221 0.875392616 0.410612315 0.255118221 0.875392616 0.410612315 0.255118221 0.875392616 0.410612315 0.230561599 0.897339702 0.376328021 0.230561599 0.897339702 0.376328021 0.230561599 0.897339702 0.376328021 0.172878563 0.84846884 0.500213623 0.172878563 0.84846884 0.500213623 0.172878563 0.84846884 0.500213623 0.223395333 0.855949044 0.466310799 0.223395333 0.855949044 0.466310799 0.223395333 0.855949044 0.466310799 0.243508369 0.844319344 0.477313817 0.243508369 0.844319344 0.477313817 0.243508369 0.844319344 0.477313817 0.248520568 0.872114718 0.421489507 0.248520568 0.872114718 0.421489507 0.248520568 0.872114718 0.421489507 0.23439151 0.876679301 0.420111895 0.23439151 0.876679301 0.420111895 0.23439151 0.876679301 0.420111895 0.181699127 0.94368273 0.276492983 0.181699127 0.94368273 0.276492983 0.181699127 0.94368273 0.276492983 0.174444914 0.956615031 0.233359486 0.174444914 0.956615031 0.233359486 0.174444914 0.956615031 0.233359486 0.116452664 0.973510265 0.196765125 0.116452664 0.973510265 0.196765125 0.116452664 0.973510265 0.196765125 0.0642512441 0.99772656 -0.0203341562 0.0642512441 0.99772656 -0.0203341562 0.0642512441 0.99772656 -0.0203341562 0.11741332 0.981487513 0.151315302 0.11741332 0.981487513 0.151315302 0.11741332 0.981487513 0.151315302 0.0242140461 0.971395731 0.236228734 0.0242140461 0.971395731 0.236228734 0.0242140461 0.971395731 0.236228734 0.0611165725 0.970502734 0.233215004 0.0611165725 0.970502734 0.233215004 0.0611165725 0.970502734 0.233215004 0.183269143 0.939411223 0.289687723 0.183269143 0.939411223 0.289687723 0.183269143 0.939411223 0.289687723 0.17828384 0.940351009 0.289749593 0.17828384 0.940351009 0.289749593 0.17828384 0.940351009 0.289749593 0.113668233 0.921607971 0.371104151 0.113668233 0.921607971 0.371104151 0.113668233 0.921607971 0.371104151 0.0515337847 0.941565692 0.332863778 0.0515337847 0.941565692 0.332863778 0.0515337847 0.941565692 0.332863778 0.113819875 0.904128551 0.411821038 0.113819875 0.904128551 0.411821038 0.113819875 0.904128551 0.411821038 0.269447297 0.962770283 0.0217142776 0.269447297 0.962770283 0.0217142776 0.269447297 0.962770283 0.0217142776 0.296569705 0.764233351 0.572707415 0.296569705 0.764233351 0.572707415 0.296569705 0.764233351 0.572707415 0.405331045 0.734217048 0.544639349 0.405331045 0.734217048 0.544639349 0.405331045 0.734217048 0.544639349 0.33663094 0.797139585 0.501246572 0.33663094 0.797139585 0.501246572 0.33663094 0.797139585 0.501246572 0.314398617 0.752717435 0.578420281 0.314398617 0.752717435 0.578420281 0.314398617 0.752717435 0.578420281 0.362953842 0.726399362 0.583616734 0.362953842 0.726399362 0.583616734 0.362953842 0.726399362 0.583616734 0.202769518 0.961393833 0.186028078 0.202769518 0.961393833 0.186028078 0.202769518 0.961393833 0.186028078 0.280770302 0.781974733 0.556492209 0.280770302 0.781974733 0.556492209 0.280770302 0.781974733 0.556492209 0.272752255 0.83444488 0.478861153 0.272752255 0.83444488 0.478861153 0.272752255 0.83444488 0.478861153 0.299918443 0.780162513 0.548994899 0.299918443 0.780162513 0.548994899 0.299918443 0.780162513 0.548994899 0.276719868 0.83616209 0.473560035 0.276719868 0.83616209 0.473560035 0.276719868 0.83616209 0.473560035 0.254737198 0.885593772 0.388371736 0.254737198 0.885593772 0.388371736 0.254737198 0.885593772 0.388371736 0.281571925 0.789565444 0.545255601 0.281571925 0.789565444 0.545255601 0.281571925 0.789565444 0.545255601 0.275251359 0.806619227 0.523069918 0.275251359 0.806619227 0.523069918 0.275251359 0.806619227 0.523069918 0.267912537 0.80491817 0.529461622 0.267912537 0.80491817 0.529461622 0.267912537 0.80491817 0.529461622 0.252095222 0.891107976 0.377325624 0.252095222 0.891107976 0.377325624 0.252095222 0.891107976 0.377325624 0.169151649 0.96513027 0.199778154 0.169151649 0.96513027 0.199778154 0.169151649 0.96513027 0.199778154 0.182457805 0.974575996 0.130041584 0.182457805 0.974575996 0.130041584 0.182457805 0.974575996 0.130041584 0.168049499 0.975070357 0.144903988 0.168049499 0.975070357 0.144903988 0.168049499 0.975070357 0.144903988 0.678323925 0.712741911 -0.178537413 0.678323925 0.712741911 -0.178537413 0.678323925 0.712741911 -0.178537413 0.925004661 0.0966436118 -0.367459446 0.925004661 0.0966436118 -0.367459446 0.925004661 0.0966436118 -0.367459446 0.687717795 0.256244361 -0.67925185 0.687717795 0.256244361 -0.67925185 0.687717795 0.256244361 -0.67925185 0.705316782 0.591513932 -0.390691072 0.705316782 0.591513932 -0.390691072 0.705316782 0.591513932 -0.390691072 -0.106688358 0.977684617 -0.180970788 -0.106688358 0.977684617 -0.180970788 -0.106688358 0.977684617 -0.180970788 0.912681758 0.350421935 0.210277155 0.912681758 0.350421935 0.210277155 0.912681758 0.350421935 0.210277155 0.647289574 0.594960332 0.476485521 0.647289574 0.594960332 0.476485521 0.647289574 0.594960332 0.476485521 0.894911826 0.0856666937 0.437942982 0.894911826 0.0856666937 0.437942982 0.894911826 0.0856666937 0.437942982 0.463186711 0.213046581 0.860272765 0.463186711 0.213046581 0.860272765 0.463186711 0.213046581 0.860272765 0.0678375214 0.844077587 -0.531912684 0.0678375214 0.844077587 -0.531912684 0.0678375214 0.844077587 -0.531912684 -0.100972936 0.988135457 -0.115726978 -0.100972936 0.988135457 -0.115726978 -0.100972936 0.988135457 -0.115726978 0.14006047 0.889298737 0.435351402 0.14006047 0.889298737 0.435351402 0.14006047 0.889298737 0.435351402 -0.0659126863 0.765400052 0.640170515 -0.0659126863 0.765400052 0.640170515 -0.0659126863 0.765400052 0.640170515 0.234221816 0.498017341 0.83493644 0.234221816 0.498017341 0.83493644 0.234221816 0.498017341 0.83493644 -0.0488019697 0.761362016 0.646487594 -0.0488019697 0.761362016 0.646487594 -0.0488019697 0.761362016 0.646487594 0.063982062 0.101537779 0.992772043 0.063982062 0.101537779 0.992772043 0.063982062 0.101537779 0.992772043 0.0398040637 0.382687926 0.923019826 0.0398040637 0.382687926 0.923019826 0.0398040637 0.382687926 0.923019826 -0.107620582 0.323188365 0.940195262 -0.107620582 0.323188365 0.940195262 -0.107620582 0.323188365 0.940195262 -0.110898353 0.063309826 0.991813183 -0.110898353 0.063309826 0.991813183 -0.110898353 0.063309826 0.991813183 -0.103375822 0.326162726 0.939644277 -0.103375822 0.326162726 0.939644277 -0.103375822 0.326162726 0.939644277 0.210844368 0.873319268 0.439156145 0.210844368 0.873319268 0.439156145 0.210844368 0.873319268 0.439156145 0.433375686 0.432144463 0.790845573 0.433375686 0.432144463 0.790845573 0.433375686 0.432144463 0.790845573 0.928355873 0.299557716 0.220046759 0.928355873 0.299557716 0.220046759 0.928355873 0.299557716 0.220046759 -0.0859568566 0.660234928 -0.746124148 -0.0859568566 0.660234928 -0.746124148 -0.0859568566 0.660234928 -0.746124148 0.641616702 0.376081675 -0.668498755 0.641616702 0.376081675 -0.668498755 0.641616702 0.376081675 -0.668498755 -0.0442838892 0.86154902 -0.505739272 -0.0442838892 0.86154902 -0.505739272 -0.0442838892 0.86154902 -0.505739272 0.328146577 0.44863987 -0.831289411 0.328146577 0.44863987 -0.831289411 0.328146577 0.44863987 -0.831289411 -0.00629571313 0.970491469 -0.241053253 -0.00629571313 0.970491469 -0.241053253 -0.00629571313 0.970491469 -0.241053253 0.17042923 0.97100383 -0.16764684 0.17042923 0.97100383 -0.16764684 0.17042923 0.97100383 -0.16764684 0.163935214 0.979034901 0.120896377 0.163935214 0.979034901 0.120896377 0.163935214 0.979034901 0.120896377 0.19355458 0.944342911 0.265994459 0.19355458 0.944342911 0.265994459 0.19355458 0.944342911 0.265994459 0.142904505 0.977069139 0.157842502 0.142904505 0.977069139 0.157842502 0.142904505 0.977069139 0.157842502 0.230592787 0.939656436 0.252730608 0.230592787 0.939656436 0.252730608 0.230592787 0.939656436 0.252730608 0.276758313 0.789842963 0.547314346 0.276758313 0.789842963 0.547314346 0.276758313 0.789842963 0.547314346 0.263533562 0.838487446 0.476957887 0.263533562 0.838487446 0.476957887 0.263533562 0.838487446 0.476957887 0.293280929 0.779742599 0.553161621 0.293280929 0.779742599 0.553161621 0.293280929 0.779742599 0.553161621 0.303338856 0.776414752 0.552417994 0.303338856 0.776414752 0.552417994 0.303338856 0.776414752 0.552417994 0.34618637 0.764236689 0.544148207 0.34618637 0.764236689 0.544148207 0.34618637 0.764236689 0.544148207 0.269447833 0.962750912 -0.0225514211 0.269447833 0.962750912 -0.0225514211 0.269447833 0.962750912 -0.0225514211 0.367461324 0.738314033 0.565565765 0.367461324 0.738314033 0.565565765 0.367461324 0.738314033 0.565565765 0.404347241 0.696163356 0.593177795 0.404347241 0.696163356 0.593177795 0.404347241 0.696163356 0.593177795 0.0645437241 0.913389206 0.4019382 0.0645437241 0.913389206 0.4019382 0.0645437241 0.913389206 0.4019382 0.115335457 0.935087621 0.335125178 0.115335457 0.935087621 0.335125178 0.115335457 0.935087621 0.335125178 0.215536356 0.926009238 0.309920847 0.215536356 0.926009238 0.309920847 0.215536356 0.926009238 0.309920847 0.158338174 0.969579399 0.186667636 0.158338174 0.969579399 0.186667636 0.158338174 0.969579399 0.186667636 0.206412464 0.950089037 0.23393321 0.206412464 0.950089037 0.23393321 0.206412464 0.950089037 0.23393321 0.148267522 0.983480811 0.103837617 0.148267522 0.983480811 0.103837617 0.148267522 0.983480811 0.103837617 0.209191158 0.951866269 0.22403048 0.209191158 0.951866269 0.22403048 0.209191158 0.951866269 0.22403048 0.227027088 0.84128809 0.490604758 0.227027088 0.84128809 0.490604758 0.227027088 0.84128809 0.490604758 0.253284037 0.84599483 0.469190687 0.253284037 0.84599483 0.469190687 0.253284037 0.84599483 0.469190687 0.204218403 0.836949825 0.507749736 0.204218403 0.836949825 0.507749736 0.204218403 0.836949825 0.507749736 0.236922577 0.838236988 0.491148114 0.236922577 0.838236988 0.491148114 0.236922577 0.838236988 0.491148114 0.247334465 0.893400848 0.375047475 0.247334465 0.893400848 0.375047475 0.247334465 0.893400848 0.375047475 0.226787969 0.91771239 0.326145977 0.226787969 0.91771239 0.326145977 0.226787969 0.91771239 0.326145977 0.238134533 0.920567095 0.309593529 0.238134533 0.920567095 0.309593529 0.238134533 0.920567095 0.309593529 0.227192789 0.881070375 0.414847463 0.227192789 0.881070375 0.414847463 0.227192789 0.881070375 0.414847463 0.230173364 0.855368733 0.464073896 0.230173364 0.855368733 0.464073896 0.230173364 0.855368733 0.464073896 0.261467457 0.837571084 0.479697227 0.261467457 0.837571084 0.479697227 0.261467457 0.837571084 0.479697227 0.256348908 0.849365354 0.461371541 0.256348908 0.849365354 0.461371541 0.256348908 0.849365354 0.461371541 0.222667679 0.822615027 0.523186088 0.222667679 0.822615027 0.523186088 0.222667679 0.822615027 0.523186088 -0.210989714 0.738715291 -0.640143037 -0.210989714 0.738715291 -0.640143037 -0.210989714 0.738715291 -0.640143037 0.0644548088 0.942000866 0.329363018 0.0644548088 0.942000866 0.329363018 0.0644548088 0.942000866 0.329363018 -0.0800332129 0.898875415 0.430833697 -0.0800332129 0.898875415 0.430833697 -0.0800332129 0.898875415 0.430833697 -0.467340589 0.766102493 0.44122529 -0.467340589 0.766102493 0.44122529 -0.467340589 0.766102493 0.44122529 -0.155742854 0.584335506 0.796427131 -0.155742854 0.584335506 0.796427131 -0.155742854 0.584335506 0.796427131 -0.141820759 0.0711063817 0.987335205 -0.141820759 0.0711063817 0.987335205 -0.141820759 0.0711063817 0.987335205 -0.33226493 0.901629984 0.276881486 -0.33226493 0.901629984 0.276881486 -0.33226493 0.901629984 0.276881486 -0.0881559625 0.995171726 -0.0431482643 -0.0881559625 0.995171726 -0.0431482643 -0.0881559625 0.995171726 -0.0431482643 -0.206124216 0.783570111 -0.586114883 -0.206124216 0.783570111 -0.586114883 -0.206124216 0.783570111 -0.586114883 -0.115176633 0.992272019 -0.0461576916 -0.115176633 0.992272019 -0.0461576916 -0.115176633 0.992272019 -0.0461576916 -0.0465033539 0.991952002 -0.117765486 -0.0465033539 0.991952002 -0.117765486 -0.0465033539 0.991952002 -0.117765486 -0.171612799 0.795460463 -0.581198514 -0.171612799 0.795460463 -0.581198514 -0.171612799 0.795460463 -0.581198514 0.252315164 0.804617584 0.537519872 0.252315164 0.804617584 0.537519872 0.252315164 0.804617584 0.537519872 -0.962345779 -0.0581125654 0.265543789 -0.962345779 -0.0581125654 0.265543789 -0.962345779 -0.0581125654 0.265543789 -0.96607089 -0.0484984629 0.253682822 -0.96607089 -0.0484984629 0.253682822 -0.96607089 -0.0484984629 0.253682822 -0.0514155999 0.000752135587 -0.998677075 -0.0514155999 0.000752135587 -0.998677075 -0.0514155999 0.000752135587 -0.998677075 -0.0472743809 0.000538668712 -0.998881817 -0.0472743809 0.000538668712 -0.998881817 -0.0472743809 0.000538668712 -0.998881817 -0.95419091 -0.187416673 0.233226687 -0.95419091 -0.187416673 0.233226687 -0.95419091 -0.187416673 0.233226687 -0.969845712 -0.0607806072 0.236019179 -0.969845712 -0.0607806072 0.236019179 -0.969845712 -0.0607806072 0.236019179 0.110331222 -0.741309941 0.662032127 0.110331222 -0.741309941 0.662032127 0.110331222 -0.741309941 0.662032127 0.0539416261 -0.631360829 0.77361089 0.0539416261 -0.631360829 0.77361089 0.0539416261 -0.631360829 0.77361089 0.101812139 -0.686800241 0.71968025 0.101812139 -0.686800241 0.71968025 0.101812139 -0.686800241 0.71968025 0.0945417508 -0.676281512 0.730551302 0.0945417508 -0.676281512 0.730551302 0.0945417508 -0.676281512 0.730551302 0.0800454989 -0.562754869 0.822739124 0.0800454989 -0.562754869 0.822739124 0.0800454989 -0.562754869 0.822739124 0.124942414 -0.629338205 0.767022014 0.124942414 -0.629338205 0.767022014 0.124942414 -0.629338205 0.767022014 -0.0217973068 -0.48061651 0.87665993 -0.0217973068 -0.48061651 0.87665993 -0.0217973068 -0.48061651 0.87665993 0.0357909948 -0.407753021 0.91239053 0.0357909948 -0.407753021 0.91239053 0.0357909948 -0.407753021 0.91239053 0.0908874497 -0.521846473 0.848183751 0.0908874497 -0.521846473 0.848183751 0.0908874497 -0.521846473 0.848183751 -0.0230443217 -0.409510016 0.912014544 -0.0230443217 -0.409510016 0.912014544 -0.0230443217 -0.409510016 0.912014544 0.0526729859 -0.519513786 0.852837026 0.0526729859 -0.519513786 0.852837026 0.0526729859 -0.519513786 0.852837026 -0.0303793699 -0.567549527 0.822778642 -0.0303793699 -0.567549527 0.822778642 -0.0303793699 -0.567549527 0.822778642 0.131400198 -0.565051138 0.814525127 0.131400198 -0.565051138 0.814525127 0.131400198 -0.565051138 0.814525127 0.00648219511 -0.560404778 0.828193486 0.00648219511 -0.560404778 0.828193486 0.00648219511 -0.560404778 0.828193486 0.0561409704 -0.269552946 0.961347699 0.0561409704 -0.269552946 0.961347699 0.0561409704 -0.269552946 0.961347699 0.0363109596 -0.318953872 0.947074413 0.0363109596 -0.318953872 0.947074413 0.0363109596 -0.318953872 0.947074413 0.050287351 -0.283962011 0.957515955 0.050287351 -0.283962011 0.957515955 0.050287351 -0.283962011 0.957515955 0.0889946669 -0.410211027 0.907638073 0.0889946669 -0.410211027 0.907638073 0.0889946669 -0.410211027 0.907638073 0.100119591 -0.563545644 0.819995344 0.100119591 -0.563545644 0.819995344 0.100119591 -0.563545644 0.819995344 0.0152725754 -0.420754403 0.90704602 0.0152725754 -0.420754403 0.90704602 0.0152725754 -0.420754403 0.90704602 0.0942232385 -0.458059728 0.883913577 0.0942232385 -0.458059728 0.883913577 0.0942232385 -0.458059728 0.883913577 0.121027783 -0.732439041 0.669989049 0.121027783 -0.732439041 0.669989049 0.121027783 -0.732439041 0.669989049 0.103307709 -0.739312768 0.665390253 0.103307709 -0.739312768 0.665390253 0.103307709 -0.739312768 0.665390253 0.0812161192 -0.673276842 0.734916449 0.0812161192 -0.673276842 0.734916449 0.0812161192 -0.673276842 0.734916449 0.0813663006 -0.652311325 0.753571093 0.0813663006 -0.652311325 0.753571093 0.0813663006 -0.652311325 0.753571093 0.103453681 -0.693892419 0.712608337 0.103453681 -0.693892419 0.712608337 0.103453681 -0.693892419 0.712608337 0.0946207568 -0.699485481 0.708355129 0.0946207568 -0.699485481 0.708355129 0.0946207568 -0.699485481 0.708355129 0.113983572 -0.698821068 0.706156433 0.113983572 -0.698821068 0.706156433 0.113983572 -0.698821068 0.706156433 0.11149431 -0.595907092 0.795275927 0.11149431 -0.595907092 0.795275927 0.11149431 -0.595907092 0.795275927 0.101268969 -0.564640284 0.819100678 0.101268969 -0.564640284 0.819100678 0.101268969 -0.564640284 0.819100678 0.0591170788 -0.552178323 0.831627488 0.0591170788 -0.552178323 0.831627488 0.0591170788 -0.552178323 0.831627488 0.106250905 -0.643938303 0.757663667 0.106250905 -0.643938303 0.757663667 0.106250905 -0.643938303 0.757663667 0.0898916721 -0.672894657 0.734256268 0.0898916721 -0.672894657 0.734256268 0.0898916721 -0.672894657 0.734256268 0.119052969 -0.775436819 0.620100081 0.119052969 -0.775436819 0.620100081 0.119052969 -0.775436819 0.620100081 0.105812065 -0.707919061 0.698322535 0.105812065 -0.707919061 0.698322535 0.105812065 -0.707919061 0.698322535 0.115064189 -0.722287536 0.681953788 0.115064189 -0.722287536 0.681953788 0.115064189 -0.722287536 0.681953788 0.0504498258 -0.58242172 0.811319768 0.0504498258 -0.58242172 0.811319768 0.0504498258 -0.58242172 0.811319768 0.124907181 -0.758922696 0.639088809 0.124907181 -0.758922696 0.639088809 0.124907181 -0.758922696 0.639088809 0.0901298001 -0.710925221 0.697468221 0.0901298001 -0.710925221 0.697468221 0.0901298001 -0.710925221 0.697468221 0.00914549734 -0.316132277 0.948671043 0.00914549734 -0.316132277 0.948671043 0.00914549734 -0.316132277 0.948671043 0.00273842691 -0.222750053 0.974871755 0.00273842691 -0.222750053 0.974871755 0.00273842691 -0.222750053 0.974871755 0.0391906276 -0.312507182 0.949106634 0.0391906276 -0.312507182 0.949106634 0.0391906276 -0.312507182 0.949106634 0.0851898566 -0.27116245 0.958756268 0.0851898566 -0.27116245 0.958756268 0.0851898566 -0.27116245 0.958756268 -0.000140466349 -0.286461145 0.958091855 -0.000140466349 -0.286461145 0.958091855 -0.000140466349 -0.286461145 0.958091855 -0.0179399084 -0.118101299 0.992839456 -0.0179399084 -0.118101299 0.992839456 -0.0179399084 -0.118101299 0.992839456 0.0115921423 -0.142232254 0.989765406 0.0115921423 -0.142232254 0.989765406 0.0115921423 -0.142232254 0.989765406 0.0102251982 -0.258054286 0.966076314 0.0102251982 -0.258054286 0.966076314 0.0102251982 -0.258054286 0.966076314 0.0719737783 -0.296093315 0.95244348 0.0719737783 -0.296093315 0.95244348 0.0719737783 -0.296093315 0.95244348 0.0517142564 -0.20994921 0.976343691 0.0517142564 -0.20994921 0.976343691 0.0517142564 -0.20994921 0.976343691 0.0100427726 -0.21582064 0.976381361 0.0100427726 -0.21582064 0.976381361 0.0100427726 -0.21582064 0.976381361 0.0415129624 -0.261662513 0.964266241 0.0415129624 -0.261662513 0.964266241 0.0415129624 -0.261662513 0.964266241 0.0795741081 -0.365079403 0.927569389 0.0795741081 -0.365079403 0.927569389 0.0795741081 -0.365079403 0.927569389 2.76769242e-07 -0.131121606 0.991366267 2.76769242e-07 -0.131121606 0.991366267 2.76769242e-07 -0.131121606 0.991366267 0.00702243578 -0.159527063 0.98716855 0.00702243578 -0.159527063 0.98716855 0.00702243578 -0.159527063 0.98716855 3.64293811e-07 -0.170045719 0.985436201 3.64293811e-07 -0.170045719 0.985436201 3.64293811e-07 -0.170045719 0.985436201 -0.00307171931 -0.209288925 0.977849007 -0.00307171931 -0.209288925 0.977849007 -0.00307171931 -0.209288925 0.977849007 0.0764012784 -0.540425837 0.837915719 0.0764012784 -0.540425837 0.837915719 0.0764012784 -0.540425837 0.837915719 0.070363991 -0.418474853 0.905498624 0.070363991 -0.418474853 0.905498624 0.070363991 -0.418474853 0.905498624 0.0526730493 -0.562008917 0.825452328 0.0526730493 -0.562008917 0.825452328 0.0526730493 -0.562008917 0.825452328 0.0358643234 -0.329728603 0.943394303 0.0358643234 -0.329728603 0.943394303 0.0358643234 -0.329728603 0.943394303 0.0447506122 -0.394778967 0.917685628 0.0447506122 -0.394778967 0.917685628 0.0447506122 -0.394778967 0.917685628 2.54961651e-05 -0.491484433 0.870886385 2.54961651e-05 -0.491484433 0.870886385 2.54961651e-05 -0.491484433 0.870886385 0.0297591891 -0.400433928 0.915842235 0.0297591891 -0.400433928 0.915842235 0.0297591891 -0.400433928 0.915842235 0.00895468984 -0.483430743 0.875336826 0.00895468984 -0.483430743 0.875336826 0.00895468984 -0.483430743 0.875336826 0.0506564453 -0.611971378 0.789255977 0.0506564453 -0.611971378 0.789255977 0.0506564453 -0.611971378 0.789255977 0.101203106 -0.684099197 0.722333908 0.101203106 -0.684099197 0.722333908 0.101203106 -0.684099197 0.722333908 0.0295350738 -0.650943637 0.7585513 0.0295350738 -0.650943637 0.7585513 0.0295350738 -0.650943637 0.7585513 0.0248112436 -0.639586508 0.768318594 0.0248112436 -0.639586508 0.768318594 0.0248112436 -0.639586508 0.768318594 -0.144099936 -0.583200514 0.799445033 -0.144099936 -0.583200514 0.799445033 -0.144099936 -0.583200514 0.799445033 -0.118246831 -0.520305395 0.845754087 -0.118246831 -0.520305395 0.845754087 -0.118246831 -0.520305395 0.845754087 -0.108275637 -0.46779415 0.877180159 -0.108275637 -0.46779415 0.877180159 -0.108275637 -0.46779415 0.877180159 -0.0747915506 -0.535680175 0.841102242 -0.0747915506 -0.535680175 0.841102242 -0.0747915506 -0.535680175 0.841102242 -0.0973719433 -0.468840003 0.877899647 -0.0973719433 -0.468840003 0.877899647 -0.0973719433 -0.468840003 0.877899647 0.0183395203 -0.636924922 0.770707667 0.0183395203 -0.636924922 0.770707667 0.0183395203 -0.636924922 0.770707667 -0.101256482 -0.641442657 0.760459363 -0.101256482 -0.641442657 0.760459363 -0.101256482 -0.641442657 0.760459363 -0.112941325 -0.5447281 0.830972672 -0.112941325 -0.5447281 0.830972672 -0.112941325 -0.5447281 0.830972672 -0.135132685 -0.649057746 0.748640895 -0.135132685 -0.649057746 0.748640895 -0.135132685 -0.649057746 0.748640895 -0.103723928 -0.61584723 0.781008065 -0.103723928 -0.61584723 0.781008065 -0.103723928 -0.61584723 0.781008065 -0.088201642 -0.617414653 0.781677425 -0.088201642 -0.617414653 0.781677425 -0.088201642 -0.617414653 0.781677425 -0.101577647 -0.474121958 0.874580085 -0.101577647 -0.474121958 0.874580085 -0.101577647 -0.474121958 0.874580085 -0.0228066165 -0.399234146 0.916565299 -0.0228066165 -0.399234146 0.916565299 -0.0228066165 -0.399234146 0.916565299 -0.101571977 -0.525363386 0.844793737 -0.101571977 -0.525363386 0.844793737 -0.101571977 -0.525363386 0.844793737 -0.0715680197 -0.530294299 0.844787538 -0.0715680197 -0.530294299 0.844787538 -0.0715680197 -0.530294299 0.844787538 -0.029070951 -0.330310971 0.943424344 -0.029070951 -0.330310971 0.943424344 -0.029070951 -0.330310971 0.943424344 -0.0511514805 -0.346717685 0.936573744 -0.0511514805 -0.346717685 0.936573744 -0.0511514805 -0.346717685 0.936573744 -0.0464500748 -0.298830152 0.953175187 -0.0464500748 -0.298830152 0.953175187 -0.0464500748 -0.298830152 0.953175187 -0.0543941408 -0.591739178 0.804292262 -0.0543941408 -0.591739178 0.804292262 -0.0543941408 -0.591739178 0.804292262 -0.0687098429 -0.766383708 0.638697863 -0.0687098429 -0.766383708 0.638697863 -0.0687098429 -0.766383708 0.638697863 0.00595582789 -0.572160721 0.820119917 0.00595582789 -0.572160721 0.820119917 0.00595582789 -0.572160721 0.820119917 -0.0958646163 -0.556230068 0.825480521 -0.0958646163 -0.556230068 0.825480521 -0.0958646163 -0.556230068 0.825480521 -0.0091999732 -0.322794914 0.946424246 -0.0091999732 -0.322794914 0.946424246 -0.0091999732 -0.322794914 0.946424246 -0.00564905303 -0.632648051 0.774418831 -0.00564905303 -0.632648051 0.774418831 -0.00564905303 -0.632648051 0.774418831 0.000392694084 -0.396247 0.918143868 0.000392694084 -0.396247 0.918143868 0.000392694084 -0.396247 0.918143868 -0.0506823286 -0.402170837 0.914160788 -0.0506823286 -0.402170837 0.914160788 -0.0506823286 -0.402170837 0.914160788 -0.0553610772 -0.398855418 0.915341198 -0.0553610772 -0.398855418 0.915341198 -0.0553610772 -0.398855418 0.915341198 0.058876805 -0.492323875 0.868418515 0.058876805 -0.492323875 0.868418515 0.058876805 -0.492323875 0.868418515 -0.0206000414 -0.273230195 0.961728096 -0.0206000414 -0.273230195 0.961728096 -0.0206000414 -0.273230195 0.961728096 -0.0296845306 -0.381128877 0.924045265 -0.0296845306 -0.381128877 0.924045265 -0.0296845306 -0.381128877 0.924045265 -0.0655827075 -0.807065427 0.586808562 -0.0655827075 -0.807065427 0.586808562 -0.0655827075 -0.807065427 0.586808562 -0.0157724619 -0.339434773 0.940497339 -0.0157724619 -0.339434773 0.940497339 -0.0157724619 -0.339434773 0.940497339 -0.00382378092 -0.182344258 0.983227313 -0.00382378092 -0.182344258 0.983227313 -0.00382378092 -0.182344258 0.983227313 -0.0462373979 -0.179440975 0.982681572 -0.0462373979 -0.179440975 0.982681572 -0.0462373979 -0.179440975 0.982681572 -0.0175504126 -0.239106998 0.970834613 -0.0175504126 -0.239106998 0.970834613 -0.0175504126 -0.239106998 0.970834613 -0.0477603637 -0.243099213 0.968824923 -0.0477603637 -0.243099213 0.968824923 -0.0477603637 -0.243099213 0.968824923 0.0195747875 -0.240454212 0.970463097 0.0195747875 -0.240454212 0.970463097 0.0195747875 -0.240454212 0.970463097 0.00931262691 -0.1536742 0.9880777 0.00931262691 -0.1536742 0.9880777 0.00931262691 -0.1536742 0.9880777 -0.00655187713 -0.138796076 0.990299284 -0.00655187713 -0.138796076 0.990299284 -0.00655187713 -0.138796076 0.990299284 -0.0357639603 -0.150322184 0.987989962 -0.0357639603 -0.150322184 0.987989962 -0.0357639603 -0.150322184 0.987989962 -0.13236329 -0.949706197 0.283792377 -0.13236329 -0.949706197 0.283792377 -0.13236329 -0.949706197 0.283792377 -0.0393925868 -0.978224277 0.203778073 -0.0393925868 -0.978224277 0.203778073 -0.0393925868 -0.978224277 0.203778073 -0.0188234914 -0.940553069 0.339124739 -0.0188234914 -0.940553069 0.339124739 -0.0188234914 -0.940553069 0.339124739 -0.0165391564 -0.981930077 0.188519925 -0.0165391564 -0.981930077 0.188519925 -0.0165391564 -0.981930077 0.188519925 -0.0550107621 -0.931248665 0.360207945 -0.0550107621 -0.931248665 0.360207945 -0.0550107621 -0.931248665 0.360207945 -0.0966605991 -0.941347063 0.323299378 -0.0966605991 -0.941347063 0.323299378 -0.0966605991 -0.941347063 0.323299378 -0.0663086101 -0.90587467 0.418323189 -0.0663086101 -0.90587467 0.418323189 -0.0663086101 -0.90587467 0.418323189 0.0376626141 -0.85324192 0.520153582 0.0376626141 -0.85324192 0.520153582 0.0376626141 -0.85324192 0.520153582 -0.0661401451 -0.924510181 0.375374973 -0.0661401451 -0.924510181 0.375374973 -0.0661401451 -0.924510181 0.375374973 -0.0402562618 -0.967491925 0.24967742 -0.0402562618 -0.967491925 0.24967742 -0.0402562618 -0.967491925 0.24967742 -0.0876100138 -0.869731545 0.48568666 -0.0876100138 -0.869731545 0.48568666 -0.0876100138 -0.869731545 0.48568666 -0.078566283 -0.921923935 0.379319936 -0.078566283 -0.921923935 0.379319936 -0.078566283 -0.921923935 0.379319936 -0.00841288455 -0.944693625 0.327846199 -0.00841288455 -0.944693625 0.327846199 -0.00841288455 -0.944693625 0.327846199 -0.00984170102 -0.987694502 0.156085491 -0.00984170102 -0.987694502 0.156085491 -0.00984170102 -0.987694502 0.156085491 -0.00567348395 -0.971387863 0.237430871 -0.00567348395 -0.971387863 0.237430871 -0.00567348395 -0.971387863 0.237430871 -0.0086283274 -0.970813394 0.239680871 -0.0086283274 -0.970813394 0.239680871 -0.0086283274 -0.970813394 0.239680871 0.0151029751 -0.969384015 0.245084763 0.0151029751 -0.969384015 0.245084763 0.0151029751 -0.969384015 0.245084763 -0.0156219136 -0.971099794 0.238162115 -0.0156219136 -0.971099794 0.238162115 -0.0156219136 -0.971099794 0.238162115 0.0134861581 -0.960270524 0.278744698 0.0134861581 -0.960270524 0.278744698 0.0134861581 -0.960270524 0.278744698 -0.093012996 -0.878067791 0.469409734 -0.093012996 -0.878067791 0.469409734 -0.093012996 -0.878067791 0.469409734 -0.0869169906 -0.629678428 0.771978319 -0.0869169906 -0.629678428 0.771978319 -0.0869169906 -0.629678428 0.771978319 -0.124044374 -0.599934697 0.790374219 -0.124044374 -0.599934697 0.790374219 -0.124044374 -0.599934697 0.790374219 -0.13808158 -0.735908926 0.662851095 -0.13808158 -0.735908926 0.662851095 -0.13808158 -0.735908926 0.662851095 -0.0499640666 -0.743649483 0.666700125 -0.0499640666 -0.743649483 0.666700125 -0.0499640666 -0.743649483 0.666700125 -0.0812566578 -0.80068481 0.593549669 -0.0812566578 -0.80068481 0.593549669 -0.0812566578 -0.80068481 0.593549669 0.00420315797 -0.881753206 0.471692324 0.00420315797 -0.881753206 0.471692324 0.00420315797 -0.881753206 0.471692324 -0.11761003 -0.802916944 0.584373355 -0.11761003 -0.802916944 0.584373355 -0.11761003 -0.802916944 0.584373355 -0.020301586 -0.808051825 0.588761508 -0.020301586 -0.808051825 0.588761508 -0.020301586 -0.808051825 0.588761508 -0.116113476 -0.732866824 0.670390844 -0.116113476 -0.732866824 0.670390844 -0.116113476 -0.732866824 0.670390844 -0.0505557545 -0.808885157 0.585789144 -0.0505557545 -0.808885157 0.585789144 -0.0505557545 -0.808885157 0.585789144 -0.115499139 -0.647350609 0.753390431 -0.115499139 -0.647350609 0.753390431 -0.115499139 -0.647350609 0.753390431 0.0100941947 -0.74522537 0.666736305 0.0100941947 -0.74522537 0.666736305 0.0100941947 -0.74522537 0.666736305 -0.0349611081 -0.807596624 0.588698089 -0.0349611081 -0.807596624 0.588698089 -0.0349611081 -0.807596624 0.588698089 -0.0192211475 -0.84183079 0.539399147 -0.0192211475 -0.84183079 0.539399147 -0.0192211475 -0.84183079 0.539399147 -0.0222288426 -0.960057914 0.278917074 -0.0222288426 -0.960057914 0.278917074 -0.0222288426 -0.960057914 0.278917074 -0.0828171298 -0.950864792 0.298324436 -0.0828171298 -0.950864792 0.298324436 -0.0828171298 -0.950864792 0.298324436 -0.0880856514 -0.900354505 0.426148653 -0.0880856514 -0.900354505 0.426148653 -0.0880856514 -0.900354505 0.426148653 -0.0983330533 -0.706954002 0.700390339 -0.0983330533 -0.706954002 0.700390339 -0.0983330533 -0.706954002 0.700390339 -0.0323015079 -0.875837386 0.48152414 -0.0323015079 -0.875837386 0.48152414 -0.0323015079 -0.875837386 0.48152414 0.00319307996 -0.83011198 0.557587564 0.00319307996 -0.83011198 0.557587564 0.00319307996 -0.83011198 0.557587564 -0.0568907373 -0.796487391 0.601972818 -0.0568907373 -0.796487391 0.601972818 -0.0568907373 -0.796487391 0.601972818 0.00921403524 -0.989819348 0.14203091 0.00921403524 -0.989819348 0.14203091 0.00921403524 -0.989819348 0.14203091 0.00877272058 -0.988661647 0.149903804 0.00877272058 -0.988661647 0.149903804 0.00877272058 -0.988661647 0.149903804 0.0160613451 -0.988325536 0.151507869 0.0160613451 -0.988325536 0.151507869 0.0160613451 -0.988325536 0.151507869 -0.000751545711 -0.986849487 0.161640257 -0.000751545711 -0.986849487 0.161640257 -0.000751545711 -0.986849487 0.161640257 -0.00304177008 -0.981636584 0.190736398 -0.00304177008 -0.981636584 0.190736398 -0.00304177008 -0.981636584 0.190736398 0.00700014457 -0.988552988 0.15071173 0.00700014457 -0.988552988 0.15071173 0.00700014457 -0.988552988 0.15071173 0.0559635945 -0.968537033 0.242495641 0.0559635945 -0.968537033 0.242495641 0.0559635945 -0.968537033 0.242495641 0.0239027999 -0.975537419 0.218530014 0.0239027999 -0.975537419 0.218530014 0.0239027999 -0.975537419 0.218530014 0.0353931971 -0.980890334 0.191315025 0.0353931971 -0.980890334 0.191315025 0.0353931971 -0.980890334 0.191315025 -0.00423914893 -0.969564617 0.244798794 -0.00423914893 -0.969564617 0.244798794 -0.00423914893 -0.969564617 0.244798794 0.0663797408 -0.945658207 0.318314761 0.0663797408 -0.945658207 0.318314761 0.0663797408 -0.945658207 0.318314761 0.0346916541 -0.989844739 0.13785477 0.0346916541 -0.989844739 0.13785477 0.0346916541 -0.989844739 0.13785477 0.0251815524 -0.978193343 0.206164256 0.0251815524 -0.978193343 0.206164256 0.0251815524 -0.978193343 0.206164256 0.0318793766 -0.964746177 0.261244267 0.0318793766 -0.964746177 0.261244267 0.0318793766 -0.964746177 0.261244267 0.054527808 -0.96517837 0.2558465 0.054527808 -0.96517837 0.2558465 0.054527808 -0.96517837 0.2558465 0.0513783172 -0.942517519 0.330183357 0.0513783172 -0.942517519 0.330183357 0.0513783172 -0.942517519 0.330183357 0.02428478 -0.945291698 0.325321138 0.02428478 -0.945291698 0.325321138 0.02428478 -0.945291698 0.325321138 0.0595296957 -0.966467798 0.249792352 0.0595296957 -0.966467798 0.249792352 0.0595296957 -0.966467798 0.249792352 0.0451488309 -0.967726827 0.24792403 0.0451488309 -0.967726827 0.24792403 0.0451488309 -0.967726827 0.24792403 0.0532641746 -0.955526412 0.290055454 0.0532641746 -0.955526412 0.290055454 0.0532641746 -0.955526412 0.290055454 0.046491839 -0.929758191 0.365223497 0.046491839 -0.929758191 0.365223497 0.046491839 -0.929758191 0.365223497 0.0199374966 -0.974718571 0.222544745 0.0199374966 -0.974718571 0.222544745 0.0199374966 -0.974718571 0.222544745 0.0794428438 -0.903106689 0.422003776 0.0794428438 -0.903106689 0.422003776 0.0794428438 -0.903106689 0.422003776 0.108926855 -0.916257322 0.385496318 0.108926855 -0.916257322 0.385496318 0.108926855 -0.916257322 0.385496318 -0.027445836 -0.910417557 0.412779093 -0.027445836 -0.910417557 0.412779093 -0.027445836 -0.910417557 0.412779093 0.033480797 -0.924365282 0.380036652 0.033480797 -0.924365282 0.380036652 0.033480797 -0.924365282 0.380036652 0.0227948092 -0.895679533 0.44411552 0.0227948092 -0.895679533 0.44411552 0.0227948092 -0.895679533 0.44411552 0.0182971898 -0.890001118 0.455591053 0.0182971898 -0.890001118 0.455591053 0.0182971898 -0.890001118 0.455591053 0.0553440154 -0.768603146 0.637327433 0.0553440154 -0.768603146 0.637327433 0.0553440154 -0.768603146 0.637327433 0.00751446746 -0.894026518 0.447951019 0.00751446746 -0.894026518 0.447951019 0.00751446746 -0.894026518 0.447951019 0.0785415322 -0.754451692 0.651639402 0.0785415322 -0.754451692 0.651639402 0.0785415322 -0.754451692 0.651639402 -0.0409353711 -0.692094028 0.720645666 -0.0409353711 -0.692094028 0.720645666 -0.0409353711 -0.692094028 0.720645666 0.116475828 -0.841232955 0.527977765 0.116475828 -0.841232955 0.527977765 0.116475828 -0.841232955 0.527977765 -0.0300040767 -0.831612587 0.554545105 -0.0300040767 -0.831612587 0.554545105 -0.0300040767 -0.831612587 0.554545105 -0.000337997189 -0.903429508 0.428736478 -0.000337997189 -0.903429508 0.428736478 -0.000337997189 -0.903429508 0.428736478 0.111928336 -0.798882723 0.590980947 0.111928336 -0.798882723 0.590980947 0.111928336 -0.798882723 0.590980947 0.108584113 -0.733996451 0.670416832 0.108584113 -0.733996451 0.670416832 0.108584113 -0.733996451 0.670416832 -0.00887855422 -0.924593329 0.380852163 -0.00887855422 -0.924593329 0.380852163 -0.00887855422 -0.924593329 0.380852163 0.104349315 -0.865323901 0.490230262 0.104349315 -0.865323901 0.490230262 0.104349315 -0.865323901 0.490230262 0.0114312246 -0.900720596 0.434248447 0.0114312246 -0.900720596 0.434248447 0.0114312246 -0.900720596 0.434248447 0.0605586208 -0.912740886 0.404025674 0.0605586208 -0.912740886 0.404025674 0.0605586208 -0.912740886 0.404025674 0.0257073808 -0.859707117 0.510139942 0.0257073808 -0.859707117 0.510139942 0.0257073808 -0.859707117 0.510139942 0.104444332 -0.891094267 0.441636056 0.104444332 -0.891094267 0.441636056 0.104444332 -0.891094267 0.441636056 0.127261877 -0.786714315 0.604057074 0.127261877 -0.786714315 0.604057074 0.127261877 -0.786714315 0.604057074 0.0934729874 -0.717334688 0.690430105 0.0934729874 -0.717334688 0.690430105 0.0934729874 -0.717334688 0.690430105 0.0338474996 -0.814566314 0.579082072 0.0338474996 -0.814566314 0.579082072 0.0338474996 -0.814566314 0.579082072 0.101433434 -0.716376305 0.690301538 0.101433434 -0.716376305 0.690301538 0.101433434 -0.716376305 0.690301538 0.0213327743 -0.741697013 0.670395732 0.0213327743 -0.741697013 0.670395732 0.0213327743 -0.741697013 0.670395732 0.113661915 -0.793545306 0.597801626 0.113661915 -0.793545306 0.597801626 0.113661915 -0.793545306 0.597801626 0.105112664 -0.789465785 0.604727328 0.105112664 -0.789465785 0.604727328 0.105112664 -0.789465785 0.604727328 0.0592983924 -0.797793329 0.600007892 0.0592983924 -0.797793329 0.600007892 0.0592983924 -0.797793329 0.600007892 0.0605647713 -0.793281257 0.605835557 0.0605647713 -0.793281257 0.605835557 0.0605647713 -0.793281257 0.605835557 0.123454891 -0.688694358 0.714464128 0.123454891 -0.688694358 0.714464128 0.123454891 -0.688694358 0.714464128 0.0709149167 -0.701814473 0.708821237 0.0709149167 -0.701814473 0.708821237 0.0709149167 -0.701814473 0.708821237 0.062721774 -0.96295172 0.262278348 0.062721774 -0.96295172 0.262278348 0.062721774 -0.96295172 0.262278348 0.0751300156 -0.969531119 0.233162865 0.0751300156 -0.969531119 0.233162865 0.0751300156 -0.969531119 0.233162865 0.0958852619 -0.953914165 0.284347951 0.0958852619 -0.953914165 0.284347951 0.0958852619 -0.953914165 0.284347951 0.130337149 -0.947416484 0.29225722 0.130337149 -0.947416484 0.29225722 0.130337149 -0.947416484 0.29225722 0.0529357791 -0.935796618 0.348543435 0.0529357791 -0.935796618 0.348543435 0.0529357791 -0.935796618 0.348543435 0.0996239111 -0.926274359 0.363443047 0.0996239111 -0.926274359 0.363443047 0.0996239111 -0.926274359 0.363443047 0.130524218 -0.945452392 0.298468113 0.130524218 -0.945452392 0.298468113 0.130524218 -0.945452392 0.298468113 0.11336007 -0.939392388 0.323560625 0.11336007 -0.939392388 0.323560625 0.11336007 -0.939392388 0.323560625 0.104146093 -0.940492213 0.323462456 0.104146093 -0.940492213 0.323462456 0.104146093 -0.940492213 0.323462456 0.134252235 -0.918016493 0.373124748 0.134252235 -0.918016493 0.373124748 0.134252235 -0.918016493 0.373124748 0.126365706 -0.942464232 0.3095043 0.126365706 -0.942464232 0.3095043 0.126365706 -0.942464232 0.3095043 0.118393376 -0.945177495 0.304339498 0.118393376 -0.945177495 0.304339498 0.118393376 -0.945177495 0.304339498 0.146504521 -0.922333956 0.357542276 0.146504521 -0.922333956 0.357542276 0.146504521 -0.922333956 0.357542276 0.142085001 -0.939820826 0.310722888 0.142085001 -0.939820826 0.310722888 0.142085001 -0.939820826 0.310722888 0.112704396 -0.876161337 0.4686566 0.112704396 -0.876161337 0.4686566 0.112704396 -0.876161337 0.4686566 0.142971724 -0.885932863 0.441227913 0.142971724 -0.885932863 0.441227913 0.142971724 -0.885932863 0.441227913 0.133225337 -0.841049135 0.524296999 0.133225337 -0.841049135 0.524296999 0.133225337 -0.841049135 0.524296999 0.116410181 -0.881660879 0.457299441 0.116410181 -0.881660879 0.457299441 0.116410181 -0.881660879 0.457299441 0.0649834946 -0.868422449 0.49154821 0.0649834946 -0.868422449 0.49154821 0.0649834946 -0.868422449 0.49154821 0.116601638 -0.748051167 0.653317332 0.116601638 -0.748051167 0.653317332 0.116601638 -0.748051167 0.653317332 0.085783653 -0.841243088 0.533808231 0.085783653 -0.841243088 0.533808231 0.085783653 -0.841243088 0.533808231 0.0921996012 -0.768738508 0.632882595 0.0921996012 -0.768738508 0.632882595 0.0921996012 -0.768738508 0.632882595 0.160973981 -0.874660969 0.457225919 0.160973981 -0.874660969 0.457225919 0.160973981 -0.874660969 0.457225919 0.154660448 -0.822626114 0.547143936 0.154660448 -0.822626114 0.547143936 0.154660448 -0.822626114 0.547143936 0.0505853184 -0.453688502 0.88972348 0.0505853184 -0.453688502 0.88972348 0.0505853184 -0.453688502 0.88972348 0.167086408 -0.842748165 0.511720359 0.167086408 -0.842748165 0.511720359 0.167086408 -0.842748165 0.511720359 0.1634648 -0.821369529 0.546471715 0.1634648 -0.821369529 0.546471715 0.1634648 -0.821369529 0.546471715 0.182761967 -0.796199203 0.57677108 0.182761967 -0.796199203 0.57677108 0.182761967 -0.796199203 0.57677108 0.129810184 -0.766974151 0.628410697 0.129810184 -0.766974151 0.628410697 0.129810184 -0.766974151 0.628410697 0.139503896 -0.818050563 0.557971239 0.139503896 -0.818050563 0.557971239 0.139503896 -0.818050563 0.557971239 0.102721043 -0.772101045 0.627143025 0.102721043 -0.772101045 0.627143025 0.102721043 -0.772101045 0.627143025 0.11424616 -0.840180278 0.530136704 0.11424616 -0.840180278 0.530136704 0.11424616 -0.840180278 0.530136704 0.167684287 -0.83590132 0.5226385 0.167684287 -0.83590132 0.5226385 0.167684287 -0.83590132 0.5226385 0.200704798 -0.881711781 0.426968247 0.200704798 -0.881711781 0.426968247 0.200704798 -0.881711781 0.426968247 0.144588366 -0.773205817 0.617451966 0.144588366 -0.773205817 0.617451966 0.144588366 -0.773205817 0.617451966 0.0884204358 -0.82220161 0.562286735 0.0884204358 -0.82220161 0.562286735 0.0884204358 -0.82220161 0.562286735 0.123486251 -0.831237495 0.542028904 0.123486251 -0.831237495 0.542028904 0.123486251 -0.831237495 0.542028904 0.143375382 -0.819430292 0.554957151 0.143375382 -0.819430292 0.554957151 0.143375382 -0.819430292 0.554957151 0.150587872 -0.827750504 0.540511191 0.150587872 -0.827750504 0.540511191 0.150587872 -0.827750504 0.540511191 0.137215555 -0.763009131 0.631655753 0.137215555 -0.763009131 0.631655753 0.137215555 -0.763009131 0.631655753 0.108726569 -0.827467918 0.550885975 0.108726569 -0.827467918 0.550885975 0.108726569 -0.827467918 0.550885975 0.10759037 -0.736465693 0.667864203 0.10759037 -0.736465693 0.667864203 0.10759037 -0.736465693 0.667864203 0.0939602926 -0.886015356 0.454035491 0.0939602926 -0.886015356 0.454035491 0.0939602926 -0.886015356 0.454035491 0.176781908 -0.847793877 0.499993712 0.176781908 -0.847793877 0.499993712 0.176781908 -0.847793877 0.499993712 0.114167981 -0.749211907 0.652416408 0.114167981 -0.749211907 0.652416408 0.114167981 -0.749211907 0.652416408 0.176185906 -0.88249898 0.436066598 0.176185906 -0.88249898 0.436066598 0.176185906 -0.88249898 0.436066598 0.14860557 -0.923376501 0.353966445 0.14860557 -0.923376501 0.353966445 0.14860557 -0.923376501 0.353966445 0.127367169 -0.917806089 0.37604472 0.127367169 -0.917806089 0.37604472 0.127367169 -0.917806089 0.37604472 0.146954268 -0.922663152 0.356506795 0.146954268 -0.922663152 0.356506795 0.146954268 -0.922663152 0.356506795 0.10916248 -0.957882047 0.265604079 0.10916248 -0.957882047 0.265604079 0.10916248 -0.957882047 0.265604079 0.129977435 -0.917797148 0.375172377 0.129977435 -0.917797148 0.375172377 0.129977435 -0.917797148 0.375172377 0.145780444 -0.915596724 0.374740779 0.145780444 -0.915596724 0.374740779 0.145780444 -0.915596724 0.374740779 0.0883521065 -0.949219227 0.301954925 0.0883521065 -0.949219227 0.301954925 0.0883521065 -0.949219227 0.301954925 0.0515243709 -0.89794004 0.43709144 0.0515243709 -0.89794004 0.43709144 0.0515243709 -0.89794004 0.43709144 0.145988569 -0.888843536 0.434332222 0.145988569 -0.888843536 0.434332222 0.145988569 -0.888843536 0.434332222 0.0734424144 -0.928730905 0.363407701 0.0734424144 -0.928730905 0.363407701 0.0734424144 -0.928730905 0.363407701 0.122597791 -0.929389715 0.348144352 0.122597791 -0.929389715 0.348144352 0.122597791 -0.929389715 0.348144352 0.111255012 -0.931197762 0.347121 0.111255012 -0.931197762 0.347121 0.111255012 -0.931197762 0.347121 0.11956457 -0.955702305 0.268956095 0.11956457 -0.955702305 0.268956095 0.11956457 -0.955702305 0.268956095 0.100906357 -0.958562672 0.266412288 0.100906357 -0.958562672 0.266412288 0.100906357 -0.958562672 0.266412288 0.119530506 -0.955706596 0.268956125 0.119530506 -0.955706596 0.268956125 0.119530506 -0.955706596 0.268956125 0.0993205309 -0.95776087 0.269869506 0.0993205309 -0.95776087 0.269869506 0.0993205309 -0.95776087 0.269869506 0.0844388902 -0.683539212 0.725013256 0.0844388902 -0.683539212 0.725013256 0.0844388902 -0.683539212 0.725013256 0.075827904 -0.837505877 0.541141391 0.075827904 -0.837505877 0.541141391 0.075827904 -0.837505877 0.541141391 0.0444690585 -0.724093378 0.688266873 0.0444690585 -0.724093378 0.688266873 0.0444690585 -0.724093378 0.688266873 0.0989340097 -0.720080376 0.686801493 0.0989340097 -0.720080376 0.686801493 0.0989340097 -0.720080376 0.686801493 0.108586513 -0.808142483 0.57889092 0.108586513 -0.808142483 0.57889092 0.108586513 -0.808142483 0.57889092 0.153926075 -0.855935574 0.493640602 0.153926075 -0.855935574 0.493640602 0.153926075 -0.855935574 0.493640602 0.0670152456 -0.796496272 0.600918233 0.0670152456 -0.796496272 0.600918233 0.0670152456 -0.796496272 0.600918233 0.0898279026 -0.914973915 0.393387437 0.0898279026 -0.914973915 0.393387437 0.0898279026 -0.914973915 0.393387437 0.0505016558 -0.871492684 0.487801254 0.0505016558 -0.871492684 0.487801254 0.0505016558 -0.871492684 0.487801254 0.00994716492 -0.809476137 0.587068498 0.00994716492 -0.809476137 0.587068498 0.00994716492 -0.809476137 0.587068498 0.00401726505 -0.748507977 0.663113594 0.00401726505 -0.748507977 0.663113594 0.00401726505 -0.748507977 0.663113594 -0.0213381648 -0.70538348 0.708504617 -0.0213381648 -0.70538348 0.708504617 -0.0213381648 -0.70538348 0.708504617 0.0385199413 -0.696988702 0.716046751 0.0385199413 -0.696988702 0.716046751 0.0385199413 -0.696988702 0.716046751 0.0659970045 -0.915711582 0.39637956 0.0659970045 -0.915711582 0.39637956 0.0659970045 -0.915711582 0.39637956 0.0898308828 -0.929744542 0.357079118 0.0898308828 -0.929744542 0.357079118 0.0898308828 -0.929744542 0.357079118 0.116380922 -0.930865288 0.346331239 0.116380922 -0.930865288 0.346331239 0.116380922 -0.930865288 0.346331239 0.0684846491 -0.922835827 0.379056633 0.0684846491 -0.922835827 0.379056633 0.0684846491 -0.922835827 0.379056633 0.090196006 -0.954681396 0.283633709 0.090196006 -0.954681396 0.283633709 0.090196006 -0.954681396 0.283633709 0.0391088463 -0.985378265 0.16583164 0.0391088463 -0.985378265 0.16583164 0.0391088463 -0.985378265 0.16583164 0.0697330609 -0.962093592 0.263653696 0.0697330609 -0.962093592 0.263653696 0.0697330609 -0.962093592 0.263653696 0.0332072824 -0.97851783 0.20347029 0.0332072824 -0.97851783 0.20347029 0.0332072824 -0.97851783 0.20347029 0.0429065935 -0.967066646 0.250880808 0.0429065935 -0.967066646 0.250880808 0.0429065935 -0.967066646 0.250880808 0.0303774178 -0.978511333 0.203943044 0.0303774178 -0.978511333 0.203943044 0.0303774178 -0.978511333 0.203943044 0.0766674578 -0.975551188 0.205965966 0.0766674578 -0.975551188 0.205965966 0.0766674578 -0.975551188 0.205965966 0.05274643 -0.981319904 0.185010821 0.05274643 -0.981319904 0.185010821 0.05274643 -0.981319904 0.185010821 0.053497605 -0.986796498 0.152874857 0.053497605 -0.986796498 0.152874857 0.053497605 -0.986796498 0.152874857 0.0435559228 -0.987778783 0.149652839 0.0435559228 -0.987778783 0.149652839 0.0435559228 -0.987778783 0.149652839 0.0240111109 -0.979880154 0.198137194 0.0240111109 -0.979880154 0.198137194 0.0240111109 -0.979880154 0.198137194 0.0317308791 -0.946850598 0.320104748 0.0317308791 -0.946850598 0.320104748 0.0317308791 -0.946850598 0.320104748 -0.0526040047 -0.935212314 0.350158215 -0.0526040047 -0.935212314 0.350158215 -0.0526040047 -0.935212314 0.350158215 0.0128811533 -0.975942254 0.217648312 0.0128811533 -0.975942254 0.217648312 0.0128811533 -0.975942254 0.217648312 0.11152184 -0.933732212 0.34015739 0.11152184 -0.933732212 0.34015739 0.11152184 -0.933732212 0.34015739 -0.0134506207 -0.971316814 0.23740837 -0.0134506207 -0.971316814 0.23740837 -0.0134506207 -0.971316814 0.23740837 0.0328610316 -0.972477496 0.230667844 0.0328610316 -0.972477496 0.230667844 0.0328610316 -0.972477496 0.230667844 0.0325114913 -0.974910557 0.220209926 0.0325114913 -0.974910557 0.220209926 0.0325114913 -0.974910557 0.220209926 0.0150650209 -0.988440454 0.150859252 0.0150650209 -0.988440454 0.150859252 0.0150650209 -0.988440454 0.150859252 0.0244103987 -0.986262739 0.163370416 0.0244103987 -0.986262739 0.163370416 0.0244103987 -0.986262739 0.163370416 0.0313688479 -0.766870141 0.641035259 0.0313688479 -0.766870141 0.641035259 0.0313688479 -0.766870141 0.641035259 -0.018731162 -0.870211005 0.492323041 -0.018731162 -0.870211005 0.492323041 -0.018731162 -0.870211005 0.492323041 0.00252315728 -0.920359075 0.391066253 0.00252315728 -0.920359075 0.391066253 0.00252315728 -0.920359075 0.391066253 -0.0433548167 -0.967616618 0.24867329 -0.0433548167 -0.967616618 0.24867329 -0.0433548167 -0.967616618 0.24867329 0.0215380881 -0.85926801 0.51107204 0.0215380881 -0.85926801 0.51107204 0.0215380881 -0.85926801 0.51107204 -0.0942501724 -0.821440578 0.562452078 -0.0942501724 -0.821440578 0.562452078 -0.0942501724 -0.821440578 0.562452078 -0.0770606697 -0.835094929 0.544681668 -0.0770606697 -0.835094929 0.544681668 -0.0770606697 -0.835094929 0.544681668 -0.113361925 -0.861395955 0.495122343 -0.113361925 -0.861395955 0.495122343 -0.113361925 -0.861395955 0.495122343 -0.004588407 -0.902339816 0.431000948 -0.004588407 -0.902339816 0.431000948 -0.004588407 -0.902339816 0.431000948 -0.121369585 -0.794519126 0.594986379 -0.121369585 -0.794519126 0.594986379 -0.121369585 -0.794519126 0.594986379 -0.0486204177 -0.90894872 0.414063126 -0.0486204177 -0.90894872 0.414063126 -0.0486204177 -0.90894872 0.414063126 -0.0331727229 -0.902649462 0.429096133 -0.0331727229 -0.902649462 0.429096133 -0.0331727229 -0.902649462 0.429096133 0.036024414 -0.858537972 0.511482954 0.036024414 -0.858537972 0.511482954 0.036024414 -0.858537972 0.511482954 -0.0132017499 -0.912470818 0.408928692 -0.0132017499 -0.912470818 0.408928692 -0.0132017499 -0.912470818 0.408928692 0.0253055785 -0.953007758 0.301887184 0.0253055785 -0.953007758 0.301887184 0.0253055785 -0.953007758 0.301887184 -0.0831105486 -0.839716673 0.536627054 -0.0831105486 -0.839716673 0.536627054 -0.0831105486 -0.839716673 0.536627054 0.00141560007 -0.953248918 0.302182823 0.00141560007 -0.953248918 0.302182823 0.00141560007 -0.953248918 0.302182823 -0.0256376322 -0.919313133 0.392690808 -0.0256376322 -0.919313133 0.392690808 -0.0256376322 -0.919313133 0.392690808 -0.0688603446 -0.617439747 0.783598363 -0.0688603446 -0.617439747 0.783598363 -0.0688603446 -0.617439747 0.783598363 0.00563866133 -0.728272915 0.685263991 0.00563866133 -0.728272915 0.685263991 0.00563866133 -0.728272915 0.685263991 -0.140709043 -0.731645346 0.667005301 -0.140709043 -0.731645346 0.667005301 -0.140709043 -0.731645346 0.667005301 -0.003199497 -0.739552855 0.673090875 -0.003199497 -0.739552855 0.673090875 -0.003199497 -0.739552855 0.673090875 -0.072827749 -0.788012445 0.611336648 -0.072827749 -0.788012445 0.611336648 -0.072827749 -0.788012445 0.611336648 -0.0352319963 -0.952838838 0.301424652 -0.0352319963 -0.952838838 0.301424652 -0.0352319963 -0.952838838 0.301424652 -0.146795839 -0.868007243 0.47435686 -0.146795839 -0.868007243 0.47435686 -0.146795839 -0.868007243 0.47435686 0.0215514991 -0.893580079 0.448386192 0.0215514991 -0.893580079 0.448386192 0.0215514991 -0.893580079 0.448386192 -0.0979875848 -0.796392202 0.596789598 -0.0979875848 -0.796392202 0.596789598 -0.0979875848 -0.796392202 0.596789598 -0.0556841977 -0.798906922 0.598871469 -0.0556841977 -0.798906922 0.598871469 -0.0556841977 -0.798906922 0.598871469 -0.149077818 -0.841728568 0.518911183 -0.149077818 -0.841728568 0.518911183 -0.149077818 -0.841728568 0.518911183 -0.0145786991 -0.971011341 0.238588363 -0.0145786991 -0.971011341 0.238588363 -0.0145786991 -0.971011341 0.238588363 -0.0884011984 -0.944816649 0.315446943 -0.0884011984 -0.944816649 0.315446943 -0.0884011984 -0.944816649 0.315446943 -0.0567092821 -0.970096827 0.236000359 -0.0567092821 -0.970096827 0.236000359 -0.0567092821 -0.970096827 0.236000359 -0.033981625 -0.967970788 0.248752549 -0.033981625 -0.967970788 0.248752549 -0.033981625 -0.967970788 0.248752549 -0.000305510592 -0.919337809 0.393469095 -0.000305510592 -0.919337809 0.393469095 -0.000305510592 -0.919337809 0.393469095 -0.062774092 -0.785057068 0.616234362 -0.062774092 -0.785057068 0.616234362 -0.062774092 -0.785057068 0.616234362 0.00981484447 -0.954761803 0.29720968 0.00981484447 -0.954761803 0.29720968 0.00981484447 -0.954761803 0.29720968 -0.0570372343 -0.946764529 0.316833794 -0.0570372343 -0.946764529 0.316833794 -0.0570372343 -0.946764529 0.316833794 -0.00496328343 -0.0735696554 0.997277737 -0.00496328343 -0.0735696554 0.997277737 -0.00496328343 -0.0735696554 0.997277737 -0.0272408035 -0.0894226655 0.995621204 -0.0272408035 -0.0894226655 0.995621204 -0.0272408035 -0.0894226655 0.995621204 1.52621897e-06 -0.0980187058 0.9951846 1.52621897e-06 -0.0980187058 0.9951846 1.52621897e-06 -0.0980187058 0.9951846 -0.0139005929 -0.242095768 0.970152795 -0.0139005929 -0.242095768 0.970152795 -0.0139005929 -0.242095768 0.970152795 -0.00988199562 -0.237923518 0.971233606 -0.00988199562 -0.237923518 0.971233606 -0.00988199562 -0.237923518 0.971233606 -0.0670122802 -0.244610906 0.967302859 -0.0670122802 -0.244610906 0.967302859 -0.0670122802 -0.244610906 0.967302859 -0.0747181997 -0.328766942 0.941450715 -0.0747181997 -0.328766942 0.941450715 -0.0747181997 -0.328766942 0.941450715 -0.041562926 -0.608864129 0.792184949 -0.041562926 -0.608864129 0.792184949 -0.041562926 -0.608864129 0.792184949 0.0132074887 -0.756635189 0.653703868 0.0132074887 -0.756635189 0.653703868 0.0132074887 -0.756635189 0.653703868 0.0739531517 -0.808965802 0.583185434 0.0739531517 -0.808965802 0.583185434 0.0739531517 -0.808965802 0.583185434 -0.0595216416 -0.330159873 0.942046523 -0.0595216416 -0.330159873 0.942046523 -0.0595216416 -0.330159873 0.942046523 -0.0675838217 -0.337005407 0.93907392 -0.0675838217 -0.337005407 0.93907392 -0.0675838217 -0.337005407 0.93907392 -0.0845395774 -0.402447015 0.911531389 -0.0845395774 -0.402447015 0.911531389 -0.0845395774 -0.402447015 0.911531389 -0.0732183084 -0.407915741 0.910079002 -0.0732183084 -0.407915741 0.910079002 -0.0732183084 -0.407915741 0.910079002 -0.0194423012 -0.408394754 0.912598312 -0.0194423012 -0.408394754 0.912598312 -0.0194423012 -0.408394754 0.912598312 -0.0261039659 -0.403396428 0.914652884 -0.0261039659 -0.403396428 0.914652884 -0.0261039659 -0.403396428 0.914652884 -0.127753183 -0.52175945 0.843472719 -0.127753183 -0.52175945 0.843472719 -0.127753183 -0.52175945 0.843472719 -0.0740086138 -0.605174959 0.792644918 -0.0740086138 -0.605174959 0.792644918 -0.0740086138 -0.605174959 0.792644918 -0.112257689 -0.547171056 0.829458892 -0.112257689 -0.547171056 0.829458892 -0.112257689 -0.547171056 0.829458892 -0.00667025475 -0.546112001 0.837685585 -0.00667025475 -0.546112001 0.837685585 -0.00667025475 -0.546112001 0.837685585 -0.0474174172 -0.617827296 0.784882784 -0.0474174172 -0.617827296 0.784882784 -0.0474174172 -0.617827296 0.784882784 -0.0187098011 -0.177150339 0.984005928 -0.0187098011 -0.177150339 0.984005928 -0.0187098011 -0.177150339 0.984005928 -0.072638467 -0.273815721 0.959035277 -0.072638467 -0.273815721 0.959035277 -0.072638467 -0.273815721 0.959035277 -0.0716874227 -0.322864711 0.943726301 -0.0716874227 -0.322864711 0.943726301 -0.0716874227 -0.322864711 0.943726301 -0.0159191284 -0.279121727 0.960123777 -0.0159191284 -0.279121727 0.960123777 -0.0159191284 -0.279121727 0.960123777 -0.0814886391 -0.376486748 0.922831178 -0.0814886391 -0.376486748 0.922831178 -0.0814886391 -0.376486748 0.922831178 -0.0681826249 -0.373452663 0.925140142 -0.0681826249 -0.373452663 0.925140142 -0.0681826249 -0.373452663 0.925140142 -0.046335876 -0.319339126 0.946506977 -0.046335876 -0.319339126 0.946506977 -0.046335876 -0.319339126 0.946506977 8.49714434e-06 -0.311213613 0.950339973 8.49714434e-06 -0.311213613 0.950339973 8.49714434e-06 -0.311213613 0.950339973 -0.146868318 -0.603657246 0.783599138 -0.146868318 -0.603657246 0.783599138 -0.146868318 -0.603657246 0.783599138 -0.0609291978 -0.421059638 0.904984176 -0.0609291978 -0.421059638 0.904984176 -0.0609291978 -0.421059638 0.904984176 -0.0628105775 -0.40737465 0.911098659 -0.0628105775 -0.40737465 0.911098659 -0.0628105775 -0.40737465 0.911098659 -0.0627859756 -0.46367687 0.883776963 -0.0627859756 -0.46367687 0.883776963 -0.0627859756 -0.46367687 0.883776963 -0.000274447637 -0.714181781 0.699960232 -0.000274447637 -0.714181781 0.699960232 -0.000274447637 -0.714181781 0.699960232 -0.0861222818 -0.419289589 0.903758347 -0.0861222818 -0.419289589 0.903758347 -0.0861222818 -0.419289589 0.903758347 -0.0669006482 -0.424332619 0.903031647 -0.0669006482 -0.424332619 0.903031647 -0.0669006482 -0.424332619 0.903031647 -0.0968599841 -0.385182709 0.917743087 -0.0968599841 -0.385182709 0.917743087 -0.0968599841 -0.385182709 0.917743087 -0.0117997881 -0.513937116 0.85774672 -0.0117997881 -0.513937116 0.85774672 -0.0117997881 -0.513937116 0.85774672 -0.0636315271 -0.418412507 0.90602541 -0.0636315271 -0.418412507 0.90602541 -0.0636315271 -0.418412507 0.90602541 -0.0505367517 -0.604353249 0.795112014 -0.0505367517 -0.604353249 0.795112014 -0.0505367517 -0.604353249 0.795112014 -0.0921717808 -0.510920644 0.854672134 -0.0921717808 -0.510920644 0.854672134 -0.0921717808 -0.510920644 0.854672134 -0.074339442 -0.474326104 0.877204895 -0.074339442 -0.474326104 0.877204895 -0.074339442 -0.474326104 0.877204895 -0.0789177269 -0.509050786 0.857111037 -0.0789177269 -0.509050786 0.857111037 -0.0789177269 -0.509050786 0.857111037 -0.0559036583 -0.675427079 0.735304713 -0.0559036583 -0.675427079 0.735304713 -0.0559036583 -0.675427079 0.735304713 -0.155411735 -0.727336347 0.66845268 -0.155411735 -0.727336347 0.66845268 -0.155411735 -0.727336347 0.66845268 -0.109419636 -0.453664154 0.884429872 -0.109419636 -0.453664154 0.884429872 -0.109419636 -0.453664154 0.884429872 -0.120436773 -0.450544864 0.884592712 -0.120436773 -0.450544864 0.884592712 -0.120436773 -0.450544864 0.884592712 -0.14048335 -0.588028371 0.796546996 -0.14048335 -0.588028371 0.796546996 -0.14048335 -0.588028371 0.796546996 -0.0816795975 -0.556767285 0.82664299 -0.0816795975 -0.556767285 0.82664299 -0.0816795975 -0.556767285 0.82664299 -0.0487944335 -0.585452914 0.809236705 -0.0487944335 -0.585452914 0.809236705 -0.0487944335 -0.585452914 0.809236705 -0.0921358913 -0.518244505 0.850255013 -0.0921358913 -0.518244505 0.850255013 -0.0921358913 -0.518244505 0.850255013 -0.0198819321 -0.554943085 0.831650674 -0.0198819321 -0.554943085 0.831650674 -0.0198819321 -0.554943085 0.831650674 0.0266086627 -0.488548964 0.872130632 0.0266086627 -0.488548964 0.872130632 0.0266086627 -0.488548964 0.872130632 0.0286291093 -0.294450909 0.955237687 0.0286291093 -0.294450909 0.955237687 0.0286291093 -0.294450909 0.955237687 1.79816761e-05 -0.353461742 0.935449004 1.79816761e-05 -0.353461742 0.935449004 1.79816761e-05 -0.353461742 0.935449004 0.0295052528 -0.561386049 0.827027857 0.0295052528 -0.561386049 0.827027857 0.0295052528 -0.561386049 0.827027857 0.0493672304 -0.518677711 0.853543341 0.0493672304 -0.518677711 0.853543341 0.0493672304 -0.518677711 0.853543341 0.062805891 -0.639842868 0.765935063 0.062805891 -0.639842868 0.765935063 0.062805891 -0.639842868 0.765935063 0.0439481325 -0.635350704 0.770972133 0.0439481325 -0.635350704 0.770972133 0.0439481325 -0.635350704 0.770972133 0.0740970001 -0.517613709 0.852399945 0.0740970001 -0.517613709 0.852399945 0.0740970001 -0.517613709 0.852399945 0.0964560434 -0.602434337 0.792318821 0.0964560434 -0.602434337 0.792318821 0.0964560434 -0.602434337 0.792318821 0.0956487954 -0.475477904 0.874512494 0.0956487954 -0.475477904 0.874512494 0.0956487954 -0.475477904 0.874512494 0.0214948766 -0.330781937 0.943462372 0.0214948766 -0.330781937 0.943462372 0.0214948766 -0.330781937 0.943462372 5.50922891e-07 -0.251653671 0.967817366 5.50922891e-07 -0.251653671 0.967817366 5.50922891e-07 -0.251653671 0.967817366 0.00981693901 -0.124944411 0.9921152 0.00981693901 -0.124944411 0.9921152 0.00981693901 -0.124944411 0.9921152 0.0366403237 -0.216430217 0.975610316 0.0366403237 -0.216430217 0.975610316 0.0366403237 -0.216430217 0.975610316 0.036852546 -0.234836176 0.971336126 0.036852546 -0.234836176 0.971336126 0.036852546 -0.234836176 0.971336126 0.0274301488 -0.368136823 0.929366887 0.0274301488 -0.368136823 0.929366887 0.0274301488 -0.368136823 0.929366887 0.0115122767 -0.291560888 0.956483006 0.0115122767 -0.291560888 0.956483006 0.0115122767 -0.291560888 0.956483006 0.0238049384 -0.353349745 0.935188353 0.0238049384 -0.353349745 0.935188353 0.0238049384 -0.353349745 0.935188353 -0.00143633236 -0.123894811 0.992294312 -0.00143633236 -0.123894811 0.992294312 -0.00143633236 -0.123894811 0.992294312 0.0823735073 -0.779147983 0.621404052 0.0823735073 -0.779147983 0.621404052 0.0823735073 -0.779147983 0.621404052 0.0925208256 -0.54739368 0.831745207 0.0925208256 -0.54739368 0.831745207 0.0925208256 -0.54739368 0.831745207 0.027311489 -0.522286773 0.852332473 0.027311489 -0.522286773 0.852332473 0.027311489 -0.522286773 0.852332473 0.0907065943 -0.579263985 0.810077488 0.0907065943 -0.579263985 0.810077488 0.0907065943 -0.579263985 0.810077488 0.0492634475 -0.611819506 0.789461851 0.0492634475 -0.611819506 0.789461851 0.0492634475 -0.611819506 0.789461851 0.0830323473 -0.736764967 0.671031296 0.0830323473 -0.736764967 0.671031296 0.0830323473 -0.736764967 0.671031296 0.098611325 -0.734661818 0.671228588 0.098611325 -0.734661818 0.671228588 0.098611325 -0.734661818 0.671228588 0.057375066 -0.64990133 0.757849813 0.057375066 -0.64990133 0.757849813 0.057375066 -0.64990133 0.757849813 0.110581562 -0.649015665 0.752695382 0.110581562 -0.649015665 0.752695382 0.110581562 -0.649015665 0.752695382 0.0619463474 -0.668697119 0.740949929 0.0619463474 -0.668697119 0.740949929 0.0619463474 -0.668697119 0.740949929 0.110985227 -0.728792131 0.675680637 0.110985227 -0.728792131 0.675680637 0.110985227 -0.728792131 0.675680637 0.097808376 -0.729991913 0.676420927 0.097808376 -0.729991913 0.676420927 0.097808376 -0.729991913 0.676420927 0.104770169 -0.735266149 0.669631898 0.104770169 -0.735266149 0.669631898 0.104770169 -0.735266149 0.669631898 0.0436015278 -0.650894821 0.757914782 0.0436015278 -0.650894821 0.757914782 0.0436015278 -0.650894821 0.757914782 0.116765931 -0.76275599 0.636057436 0.116765931 -0.76275599 0.636057436 0.116765931 -0.76275599 0.636057436 0.0326742604 -0.543401003 0.838837147 0.0326742604 -0.543401003 0.838837147 0.0326742604 -0.543401003 0.838837147 0.0740550533 -0.47479853 0.876973331 0.0740550533 -0.47479853 0.876973331 0.0740550533 -0.47479853 0.876973331 0.0328820832 -0.457459748 0.888622165 0.0328820832 -0.457459748 0.888622165 0.0328820832 -0.457459748 0.888622165 0.0697591975 -0.355054349 0.932239294 0.0697591975 -0.355054349 0.932239294 0.0697591975 -0.355054349 0.932239294 0.104387313 -0.531124353 0.840838969 0.104387313 -0.531124353 0.840838969 0.104387313 -0.531124353 0.840838969 0.0986436903 -0.42015931 0.902072966 0.0986436903 -0.42015931 0.902072966 0.0986436903 -0.42015931 0.902072966 0.0349427275 -0.532224059 0.845882118 0.0349427275 -0.532224059 0.845882118 0.0349427275 -0.532224059 0.845882118 0.101418868 -0.533976972 0.839394331 0.101418868 -0.533976972 0.839394331 0.101418868 -0.533976972 0.839394331 0.0665258542 -0.564042509 0.823061585 0.0665258542 -0.564042509 0.823061585 0.0665258542 -0.564042509 0.823061585 0.100628152 -0.56487757 0.819016039 0.100628152 -0.56487757 0.819016039 0.100628152 -0.56487757 0.819016039 -0.0107077565 -0.411814034 0.911204994 -0.0107077565 -0.411814034 0.911204994 -0.0107077565 -0.411814034 0.911204994 0.0183335338 -0.394627392 0.918658316 0.0183335338 -0.394627392 0.918658316 0.0183335338 -0.394627392 0.918658316 0.0143727325 -0.533189714 0.845873594 0.0143727325 -0.533189714 0.845873594 0.0143727325 -0.533189714 0.845873594 0.0518025942 -0.394807667 0.917302251 0.0518025942 -0.394807667 0.917302251 0.0518025942 -0.394807667 0.917302251 0.116799712 -0.556406438 0.822660148 0.116799712 -0.556406438 0.822660148 0.116799712 -0.556406438 0.822660148 0.0259152614 -0.527115345 0.849398494 0.0259152614 -0.527115345 0.849398494 0.0259152614 -0.527115345 0.849398494 0.0656294897 -0.642764926 0.763247013 0.0656294897 -0.642764926 0.763247013 0.0656294897 -0.642764926 0.763247013 0.109356657 -0.645335138 0.756031513 0.109356657 -0.645335138 0.756031513 0.109356657 -0.645335138 0.756031513 0.039335642 -0.639979362 0.767384589 0.039335642 -0.639979362 0.767384589 0.039335642 -0.639979362 0.767384589 0.10489203 -0.640262485 0.760960996 0.10489203 -0.640262485 0.760960996 0.10489203 -0.640262485 0.760960996 0.0537791178 -0.529898345 0.846354306 0.0537791178 -0.529898345 0.846354306 0.0537791178 -0.529898345 0.846354306 0.0631459504 -0.767816782 0.637549937 0.0631459504 -0.767816782 0.637549937 0.0631459504 -0.767816782 0.637549937 0.00775028486 -0.529560566 0.84823674 0.00775028486 -0.529560566 0.84823674 0.00775028486 -0.529560566 0.84823674 0.0166835412 -0.685744226 0.727651417 0.0166835412 -0.685744226 0.727651417 0.0166835412 -0.685744226 0.727651417 0.0727126226 -0.736093819 0.672962666 0.0727126226 -0.736093819 0.672962666 0.0727126226 -0.736093819 0.672962666 0.01370834 -0.123019263 0.99230957 0.01370834 -0.123019263 0.99230957 0.01370834 -0.123019263 0.99230957 0.217177287 -0.884477854 0.412956357 0.217177287 -0.884477854 0.412956357 0.217177287 -0.884477854 0.412956357 0.183231607 -0.882753074 0.432635188 0.183231607 -0.882753074 0.432635188 0.183231607 -0.882753074 0.432635188 0.181887478 -0.866067469 0.465665221 0.181887478 -0.866067469 0.465665221 0.181887478 -0.866067469 0.465665221 0.173003197 -0.898899794 0.402553171 0.173003197 -0.898899794 0.402553171 0.173003197 -0.898899794 0.402553171 0.209223598 -0.87998867 0.426433355 0.209223598 -0.87998867 0.426433355 0.209223598 -0.87998867 0.426433355 0.196859241 -0.850909889 0.487030566 0.196859241 -0.850909889 0.487030566 0.196859241 -0.850909889 0.487030566 0.210662395 -0.878621042 0.428539842 0.210662395 -0.878621042 0.428539842 0.210662395 -0.878621042 0.428539842 0.137673646 -0.838614881 0.527039886 0.137673646 -0.838614881 0.527039886 0.137673646 -0.838614881 0.527039886 0.0918034092 -0.856733978 0.507522404 0.0918034092 -0.856733978 0.507522404 0.0918034092 -0.856733978 0.507522404 -8.40870271e-05 -0.687321246 0.726353586 -8.40870271e-05 -0.687321246 0.726353586 -8.40870271e-05 -0.687321246 0.726353586 -0.084047623 -0.63873291 0.764824331 -0.084047623 -0.63873291 0.764824331 -0.084047623 -0.63873291 0.764824331 0.00346025871 -0.459771872 0.88803035 0.00346025871 -0.459771872 0.88803035 0.00346025871 -0.459771872 0.88803035 0.0172705743 -0.681430876 0.731678665 0.0172705743 -0.681430876 0.731678665 0.0172705743 -0.681430876 0.731678665 0.175070524 -0.870357096 0.460248649 0.175070524 -0.870357096 0.460248649 0.175070524 -0.870357096 0.460248649 0.0608339421 -0.782749772 0.619356096 0.0608339421 -0.782749772 0.619356096 0.0608339421 -0.782749772 0.619356096 0.210260555 -0.89286983 0.398213506 0.210260555 -0.89286983 0.398213506 0.210260555 -0.89286983 0.398213506 0.0372262374 -0.661775649 0.748777151 0.0372262374 -0.661775649 0.748777151 0.0372262374 -0.661775649 0.748777151 -0.0286510177 0 -0.999589503 -0.0286510177 0 -0.999589503 -0.0286510177 0 -0.999589503 -0.745279551 -0.485703498 0.456782818 -0.745279551 -0.485703498 0.456782818 -0.745279551 -0.485703498 0.456782818 0.258915901 -0.799519837 0.541969121 0.258915901 -0.799519837 0.541969121 0.258915901 -0.799519837 0.541969121 0.0395465828 -0.991291225 -0.12560983 0.0395465828 -0.991291225 -0.12560983 0.0395465828 -0.991291225 -0.12560983 -0.165628374 -0.919840455 -0.355613261 -0.165628374 -0.919840455 -0.355613261 -0.165628374 -0.919840455 -0.355613261 0.0183094218 -0.919413447 -0.392865986 0.0183094218 -0.919413447 -0.392865986 0.0183094218 -0.919413447 -0.392865986 -0.0620577335 -0.991707027 -0.11254333 -0.0620577335 -0.991707027 -0.11254333 -0.0620577335 -0.991707027 -0.11254333 -0.0801580921 -0.993444979 -0.0814973116 -0.0801580921 -0.993444979 -0.0814973116 -0.0801580921 -0.993444979 -0.0814973116 -0.191318572 -0.777525067 -0.599042535 -0.191318572 -0.777525067 -0.599042535 -0.191318572 -0.777525067 -0.599042535 -0.0365642011 -0.93255198 -0.359179497 -0.0365642011 -0.93255198 -0.359179497 -0.0365642011 -0.93255198 -0.359179497 -0.301747739 -0.911523044 -0.279417366 -0.301747739 -0.911523044 -0.279417366 -0.301747739 -0.911523044 -0.279417366 -0.0888916552 -0.967606664 -0.236295566 -0.0888916552 -0.967606664 -0.236295566 -0.0888916552 -0.967606664 -0.236295566 -0.0938354135 -0.885548353 -0.454971492 -0.0938354135 -0.885548353 -0.454971492 -0.0938354135 -0.885548353 -0.454971492 -0.342842937 -0.758493543 -0.554207802 -0.342842937 -0.758493543 -0.554207802 -0.342842937 -0.758493543 -0.554207802 -0.264519334 -0.754852772 -0.600188971 -0.264519334 -0.754852772 -0.600188971 -0.264519334 -0.754852772 -0.600188971 -0.133804783 -0.786093533 0.603451073 -0.133804783 -0.786093533 0.603451073 -0.133804783 -0.786093533 0.603451073 -0.500836015 -0.771748841 -0.39187628 -0.500836015 -0.771748841 -0.39187628 -0.500836015 -0.771748841 -0.39187628 -0.106039815 -0.83041203 0.546965599 -0.106039815 -0.83041203 0.546965599 -0.106039815 -0.83041203 0.546965599 0.229869217 -0.815048158 0.531842649 0.229869217 -0.815048158 0.531842649 0.229869217 -0.815048158 0.531842649 0.25937897 -0.805532098 0.532766879 0.25937897 -0.805532098 0.532766879 0.25937897 -0.805532098 0.532766879 0.223392382 -0.852421522 0.472729653 0.223392382 -0.852421522 0.472729653 0.223392382 -0.852421522 0.472729653 0.241291881 -0.808487773 0.536773503 0.241291881 -0.808487773 0.536773503 0.241291881 -0.808487773 0.536773503 0.249678507 -0.844378769 0.474009663 0.249678507 -0.844378769 0.474009663 0.249678507 -0.844378769 0.474009663 0.242634878 -0.886668086 0.393634439 0.242634878 -0.886668086 0.393634439 0.242634878 -0.886668086 0.393634439 0.251735568 -0.840026617 0.480608404 0.251735568 -0.840026617 0.480608404 0.251735568 -0.840026617 0.480608404 0.225138754 -0.903775811 0.36400795 0.225138754 -0.903775811 0.36400795 0.225138754 -0.903775811 0.36400795 0.203898132 -0.938509643 0.278613061 0.203898132 -0.938509643 0.278613061 0.203898132 -0.938509643 0.278613061 0.217367142 -0.941925108 0.255985498 0.217367142 -0.941925108 0.255985498 0.217367142 -0.941925108 0.255985498 0.229937106 -0.826011181 0.514620662 0.229937106 -0.826011181 0.514620662 0.229937106 -0.826011181 0.514620662 0.184168473 -0.965287805 0.185206354 0.184168473 -0.965287805 0.185206354 0.184168473 -0.965287805 0.185206354 0.193668857 -0.954170704 0.228146181 0.193668857 -0.954170704 0.228146181 0.193668857 -0.954170704 0.228146181 0.188869685 -0.940459669 0.282602042 0.188869685 -0.940459669 0.282602042 0.188869685 -0.940459669 0.282602042 0.174985766 -0.956084728 0.235121161 0.174985766 -0.956084728 0.235121161 0.174985766 -0.956084728 0.235121161 0.0138420835 -0.999541581 0.0269271415 0.0138420835 -0.999541581 0.0269271415 0.0138420835 -0.999541581 0.0269271415 0.0121569959 -0.973737776 0.227347657 0.0121569959 -0.973737776 0.227347657 0.0121569959 -0.973737776 0.227347657 0.0781108886 -0.972941816 0.217446461 0.0781108886 -0.972941816 0.217446461 0.0781108886 -0.972941816 0.217446461 0.219995603 -0.925150633 0.309351385 0.219995603 -0.925150633 0.309351385 0.219995603 -0.925150633 0.309351385 0.152666122 -0.906622648 0.39335534 0.152666122 -0.906622648 0.39335534 0.152666122 -0.906622648 0.39335534 0.113773912 -0.922455788 0.368959159 0.113773912 -0.922455788 0.368959159 0.113773912 -0.922455788 0.368959159 0.0574468002 -0.93822211 0.341231823 0.0574468002 -0.93822211 0.341231823 0.0574468002 -0.93822211 0.341231823 -0.0932788253 -0.934808433 0.342683882 -0.0932788253 -0.934808433 0.342683882 -0.0932788253 -0.934808433 0.342683882 0.405328065 -0.663213849 0.629171371 0.405328065 -0.663213849 0.629171371 0.405328065 -0.663213849 0.629171371 0.3541646 -0.745369077 0.564794064 0.3541646 -0.745369077 0.564794064 0.3541646 -0.745369077 0.564794064 0.291097909 -0.888467014 0.354807526 0.291097909 -0.888467014 0.354807526 0.291097909 -0.888467014 0.354807526 0.186617211 -0.96327728 0.193056688 0.186617211 -0.96327728 0.193056688 0.186617211 -0.96327728 0.193056688 0.237110719 -0.970797718 0.0364728495 0.237110719 -0.970797718 0.0364728495 0.237110719 -0.970797718 0.0364728495 0.269447833 -0.962750912 -0.0225514211 0.269447833 -0.962750912 -0.0225514211 0.269447833 -0.962750912 -0.0225514211 0.204909354 -0.978760958 0.00625940505 0.204909354 -0.978760958 0.00625940505 0.204909354 -0.978760958 0.00625940505 0.253507853 -0.754513681 -0.605345249 0.253507853 -0.754513681 -0.605345249 0.253507853 -0.754513681 -0.605345249 0.293649048 -0.768151164 0.568958759 0.293649048 -0.768151164 0.568958759 0.293649048 -0.768151164 0.568958759 0.352896035 -0.77870214 0.518736303 0.352896035 -0.77870214 0.518736303 0.352896035 -0.77870214 0.518736303 0.306742519 -0.797664404 0.519269228 0.306742519 -0.797664404 0.519269228 0.306742519 -0.797664404 0.519269228 0.335137248 -0.751574636 0.568171322 0.335137248 -0.751574636 0.568171322 0.335137248 -0.751574636 0.568171322 0.313265681 -0.748312175 0.584716618 0.313265681 -0.748312175 0.584716618 0.313265681 -0.748312175 0.584716618 0.321644187 -0.767304301 0.554787457 0.321644187 -0.767304301 0.554787457 0.321644187 -0.767304301 0.554787457 0.225767553 -0.943193078 0.243753567 0.225767553 -0.943193078 0.243753567 0.225767553 -0.943193078 0.243753567 0.278464556 -0.785808206 0.552234471 0.278464556 -0.785808206 0.552234471 0.278464556 -0.785808206 0.552234471 0.291282654 -0.782167971 0.550788224 0.291282654 -0.782167971 0.550788224 0.291282654 -0.782167971 0.550788224 0.284915626 -0.848027349 0.446847469 0.284915626 -0.848027349 0.446847469 0.284915626 -0.848027349 0.446847469 0.233658627 -0.897516012 0.373990148 0.233658627 -0.897516012 0.373990148 0.233658627 -0.897516012 0.373990148 0.273773164 -0.791119933 0.546971202 0.273773164 -0.791119933 0.546971202 0.273773164 -0.791119933 0.546971202 0.278835356 -0.791332781 0.544098616 0.278835356 -0.791332781 0.544098616 0.278835356 -0.791332781 0.544098616 0.27665773 -0.883161247 0.378796369 0.27665773 -0.883161247 0.378796369 0.27665773 -0.883161247 0.378796369 0.218281135 -0.887541413 0.405738294 0.218281135 -0.887541413 0.405738294 0.218281135 -0.887541413 0.405738294 0.28502968 -0.917161465 0.278519124 0.28502968 -0.917161465 0.278519124 0.28502968 -0.917161465 0.278519124 0.175442249 -0.929493427 0.324440956 0.175442249 -0.929493427 0.324440956 0.175442249 -0.929493427 0.324440956 0.167869195 -0.956297755 0.23940444 0.167869195 -0.956297755 0.23940444 0.167869195 -0.956297755 0.23940444 0.192361638 -0.94828105 0.252507538 0.192361638 -0.94828105 0.252507538 0.192361638 -0.94828105 0.252507538 0.248919412 -0.901086748 0.355080038 0.248919412 -0.901086748 0.355080038 0.248919412 -0.901086748 0.355080038 0.121902935 -0.988061905 0.0941985622 0.121902935 -0.988061905 0.0941985622 0.121902935 -0.988061905 0.0941985622 0.168515593 -0.967863739 0.186660975 0.168515593 -0.967863739 0.186660975 0.168515593 -0.967863739 0.186660975 0.305973649 -0.504643679 -0.807288647 0.305973649 -0.504643679 -0.807288647 0.305973649 -0.504643679 -0.807288647 0.164764434 -0.798033297 -0.579651237 0.164764434 -0.798033297 -0.579651237 0.164764434 -0.798033297 -0.579651237 0.0284700263 -0.473297834 -0.880442262 0.0284700263 -0.473297834 -0.880442262 0.0284700263 -0.473297834 -0.880442262 -0.0520261526 -0.50496763 -0.861568868 -0.0520261526 -0.50496763 -0.861568868 -0.0520261526 -0.50496763 -0.861568868 -0.036254026 -0.669564307 -0.741868794 -0.036254026 -0.669564307 -0.741868794 -0.036254026 -0.669564307 -0.741868794 0.00440742727 -0.832748234 -0.553634286 0.00440742727 -0.832748234 -0.553634286 0.00440742727 -0.832748234 -0.553634286 -0.117834367 -0.742598295 -0.659289658 -0.117834367 -0.742598295 -0.659289658 -0.117834367 -0.742598295 -0.659289658 -0.0830615908 -0.737023056 -0.67074424 -0.0830615908 -0.737023056 -0.67074424 -0.0830615908 -0.737023056 -0.67074424 0.218408719 -0.879037678 -0.423781067 0.218408719 -0.879037678 -0.423781067 0.218408719 -0.879037678 -0.423781067 0.0394232869 -0.823504448 -0.565938354 0.0394232869 -0.823504448 -0.565938354 0.0394232869 -0.823504448 -0.565938354 -0.0956181809 -0.991536617 0.0878197402 -0.0956181809 -0.991536617 0.0878197402 -0.0956181809 -0.991536617 0.0878197402 0.131508291 -0.147796452 0.980235577 0.131508291 -0.147796452 0.980235577 0.131508291 -0.147796452 0.980235577 -0.0580673665 -0.263139695 0.963008642 -0.0580673665 -0.263139695 0.963008642 -0.0580673665 -0.263139695 0.963008642 0.176741123 -0.95000416 0.257399827 0.176741123 -0.95000416 0.257399827 0.176741123 -0.95000416 0.257399827 0.0656689405 -0.568282187 0.820209086 0.0656689405 -0.568282187 0.820209086 0.0656689405 -0.568282187 0.820209086 -0.0570757873 -0.0462399125 0.997298479 -0.0570757873 -0.0462399125 0.997298479 -0.0570757873 -0.0462399125 0.997298479 -0.118574716 -0.316874474 0.94102639 -0.118574716 -0.316874474 0.94102639 -0.118574716 -0.316874474 0.94102639 -0.0463882647 -0.269605786 0.961852849 -0.0463882647 -0.269605786 0.961852849 -0.0463882647 -0.269605786 0.961852849 -0.0662218556 -0.748786807 0.659494519 -0.0662218556 -0.748786807 0.659494519 -0.0662218556 -0.748786807 0.659494519 -0.108807079 -0.725557566 0.679505169 -0.108807079 -0.725557566 0.679505169 -0.108807079 -0.725557566 0.679505169 0.0153347393 -0.685743809 0.727681458 0.0153347393 -0.685743809 0.727681458 0.0153347393 -0.685743809 0.727681458 0.0687847733 -0.120048396 0.990382254 0.0687847733 -0.120048396 0.990382254 0.0687847733 -0.120048396 0.990382254 -0.00175707473 -0.999642611 0.0266746804 -0.00175707473 -0.999642611 0.0266746804 -0.00175707473 -0.999642611 0.0266746804 -0.230572551 -0.962465286 -0.143167451 -0.230572551 -0.962465286 -0.143167451 -0.230572551 -0.962465286 -0.143167451 0.417136729 -0.837337852 0.353358597 0.417136729 -0.837337852 0.353358597 0.417136729 -0.837337852 0.353358597 0.144355759 -0.949501693 0.278581947 0.144355759 -0.949501693 0.278581947 0.144355759 -0.949501693 0.278581947 0.386288166 -0.787997723 -0.479417384 0.386288166 -0.787997723 -0.479417384 0.386288166 -0.787997723 -0.479417384 0.565095723 -0.46979624 0.678202271 0.565095723 -0.46979624 0.678202271 0.565095723 -0.46979624 0.678202271 0.656131089 -0.72377032 -0.213655218 0.656131089 -0.72377032 -0.213655218 0.656131089 -0.72377032 -0.213655218 -0.0192709547 -0 -0.999814272 -0.0192709547 -0 -0.999814272 -0.0192709547 -0 -0.999814272 -0.0277926754 -0.00174487731 -0.999612212 -0.0277926754 -0.00174487731 -0.999612212 -0.0277926754 -0.00174487731 -0.999612212 0.577397287 -0.22742641 0.784148991 0.577397287 -0.22742641 0.784148991 0.577397287 -0.22742641 0.784148991 0.897987485 0.0224475395 0.439448088 0.897987485 0.0224475395 0.439448088 0.897987485 0.0224475395 0.439448088 0.677785754 -0.702678919 -0.216445908 0.677785754 -0.702678919 -0.216445908 0.677785754 -0.702678919 -0.216445908 -0.255075872 -0.896241307 -0.362888217 -0.255075872 -0.896241307 -0.362888217 -0.255075872 -0.896241307 -0.362888217 0.0860820934 -0.746310472 -0.660007954 0.0860820934 -0.746310472 -0.660007954 0.0860820934 -0.746310472 -0.660007954 -0.0298885386 -0.664220631 -0.746938825 -0.0298885386 -0.664220631 -0.746938825 -0.0298885386 -0.664220631 -0.746938825 -0.0594700612 -0.497925818 -0.865178108 -0.0594700612 -0.497925818 -0.865178108 -0.0594700612 -0.497925818 -0.865178108 0.174382553 -0.681342661 -0.710888863 0.174382553 -0.681342661 -0.710888863 0.174382553 -0.681342661 -0.710888863 0.187494874 -0.944690406 -0.269083142 0.187494874 -0.944690406 -0.269083142 0.187494874 -0.944690406 -0.269083142 0.13825725 -0.973476112 -0.182288751 0.13825725 -0.973476112 -0.182288751 0.13825725 -0.973476112 -0.182288751 0.0916683748 -0.763947725 -0.638733685 0.0916683748 -0.763947725 -0.638733685 0.0916683748 -0.763947725 -0.638733685 0.151351348 -0.97894299 0.13697958 0.151351348 -0.97894299 0.13697958 0.151351348 -0.97894299 0.13697958 0.27736485 -0.844815791 0.457553357 0.27736485 -0.844815791 0.457553357 0.27736485 -0.844815791 0.457553357 0.28049165 -0.804342806 0.523791075 0.28049165 -0.804342806 0.523791075 0.28049165 -0.804342806 0.523791075 0.277462184 -0.785688639 0.552908778 0.277462184 -0.785688639 0.552908778 0.277462184 -0.785688639 0.552908778 0.358021855 -0.933267295 0.0288523417 0.358021855 -0.933267295 0.0288523417 0.358021855 -0.933267295 0.0288523417 0.269168943 -0.96178931 0.0500943214 0.269168943 -0.96178931 0.0500943214 0.269168943 -0.96178931 0.0500943214 0.389931321 -0.783128202 0.484421074 0.389931321 -0.783128202 0.484421074 0.389931321 -0.783128202 0.484421074 0.377486289 -0.746877134 0.547429144 0.377486289 -0.746877134 0.547429144 0.377486289 -0.746877134 0.547429144 0.546659887 -0.637752295 0.542618632 0.546659887 -0.637752295 0.542618632 0.546659887 -0.637752295 0.542618632 0.454076678 -0.579070747 0.677119911 0.454076678 -0.579070747 0.677119911 0.454076678 -0.579070747 0.677119911 0.191054419 -0.919939697 0.342358291 0.191054419 -0.919939697 0.342358291 0.191054419 -0.919939697 0.342358291 0.201630458 -0.941406369 0.270368695 0.201630458 -0.941406369 0.270368695 0.201630458 -0.941406369 0.270368695 0.235372841 -0.916027904 0.324796021 0.235372841 -0.916027904 0.324796021 0.235372841 -0.916027904 0.324796021 0.23249276 -0.915896356 0.327232242 0.23249276 -0.915896356 0.327232242 0.23249276 -0.915896356 0.327232242 0.222753868 -0.920097232 0.322182894 0.222753868 -0.920097232 0.322182894 0.222753868 -0.920097232 0.322182894 0.194512263 -0.948972821 0.248224884 0.194512263 -0.948972821 0.248224884 0.194512263 -0.948972821 0.248224884 0.222897589 -0.900912941 0.372387558 0.222897589 -0.900912941 0.372387558 0.222897589 -0.900912941 0.372387558 0.234714031 -0.816803932 0.527011037 0.234714031 -0.816803932 0.527011037 0.234714031 -0.816803932 0.527011037 0.24965845 -0.821420729 0.512775362 0.24965845 -0.821420729 0.512775362 0.24965845 -0.821420729 0.512775362 0.274082094 -0.837401152 0.472904116 0.274082094 -0.837401152 0.472904116 0.274082094 -0.837401152 0.472904116 0.230050012 -0.816252112 0.529914558 0.230050012 -0.816252112 0.529914558 0.230050012 -0.816252112 0.529914558 0.256975323 -0.807962 0.530246317 0.256975323 -0.807962 0.530246317 0.256975323 -0.807962 0.530246317 -0.596935332 -0.386879891 0.702845752 -0.596935332 -0.386879891 0.702845752 -0.596935332 -0.386879891 0.702845752 -0.198850393 -0.929841101 -0.309603095 -0.198850393 -0.929841101 -0.309603095 -0.198850393 -0.929841101 -0.309603095 -0.301314443 -0.910587132 -0.282914668 -0.301314443 -0.910587132 -0.282914668 -0.301314443 -0.910587132 -0.282914668 -0.0586841628 -0.693264246 0.718290269 -0.0586841628 -0.693264246 0.718290269 -0.0586841628 -0.693264246 0.718290269 -0.24045378 -0.765844584 -0.596375823 -0.24045378 -0.765844584 -0.596375823 -0.24045378 -0.765844584 -0.596375823 -0.135857001 -0.917797208 0.373083264 -0.135857001 -0.917797208 0.373083264 -0.135857001 -0.917797208 0.373083264 -0.144793779 -0.307453126 0.940482497 -0.144793779 -0.307453126 0.940482497 -0.144793779 -0.307453126 0.940482497 -0.37753278 -0.552300632 0.743258357 -0.37753278 -0.552300632 0.743258357 -0.37753278 -0.552300632 0.743258357 -0.301482975 -0.883520663 0.358467907 -0.301482975 -0.883520663 0.358467907 -0.301482975 -0.883520663 0.358467907 -0.14420335 -0.985742331 -0.0867031068 -0.14420335 -0.985742331 -0.0867031068 -0.14420335 -0.985742331 -0.0867031068 -0.221362621 -0.677311838 -0.701603353 -0.221362621 -0.677311838 -0.701603353 -0.221362621 -0.677311838 -0.701603353 -0.107836574 -0.76228714 -0.638192475 -0.107836574 -0.76228714 -0.638192475 -0.107836574 -0.76228714 -0.638192475 -0.0852603018 -0.787800908 -0.610000312 -0.0852603018 -0.787800908 -0.610000312 -0.0852603018 -0.787800908 -0.610000312 0.262140542 -0.800474823 0.539001286 0.262140542 -0.800474823 0.539001286 0.262140542 -0.800474823 0.539001286 -0.0619179159 0.000325441681 -0.998081207 -0.0619179159 0.000325441681 -0.998081207 -0.0619179159 0.000325441681 -0.998081207 -0.0906301737 0.00209361291 -0.995882392 -0.0906301737 0.00209361291 -0.995882392 -0.0906301737 0.00209361291 -0.995882392 -0.0777283832 0.00152561744 -0.996973395 -0.0777283832 0.00152561744 -0.996973395 -0.0777283832 0.00152561744 -0.996973395 </float_array>
          <technique_common>
            <accessor count="9540" offset="0" source="#PRO2STL_1-normals-array" stride="3">
              <param name="X" type="float" />
              <param name="Y" type="float" />
              <param name="Z" type="float" />
            </accessor>
          </technique_common>
        </source>
        <vertices id="PRO2STL_1-vertices">
          <input semantic="POSITION" source="#PRO2STL_1-positions" />
        </vertices>
        <polylist count="3180" material="defaultMaterial">
          <input offset="0" semantic="VERTEX" source="#PRO2STL_1-vertices" />
          <vcount>3 3 3 3 3 3 3 3 3 3 3 3 3 3 3 3 3 3 3 3 3 3 3 3 3 3 3 3 3 3 3 3 3 3 3 3 3 3 3 3 3 3 3 3 3 3 3 3 3 3 3 3 3 3 3 3 3 3 3 3 3 3 3 3 3 3 3 3 3 3 3 3 3 3 3 3 3 3 3 3 3 3 3 3 3 3 3 3 3 3 3 3 3 3 3 3 3 3 3 3 3 3 3 3 3 3 3 3 3 3 3 3 3 3 3 3 3 3 3 3 3 3 3 3 3 3 3 3 3 3 3 3 3 3 3 3 3 3 3 3 3 3 3 3 3 3 3 3 3 3 3 3 3 3 3 3 3 3 3 3 3 3 3 3 3 3 3 3 3 3 3 3 3 3 3 3 3 3 3 3 3 3 3 3 3 3 3 3 3 3 3 3 3 3 3 3 3 3 3 3 3 3 3 3 3 3 3 3 3 3 3 3 3 3 3 3 3 3 3 3 3 3 3 3 3 3 3 3 3 3 3 3 3 3 3 3 3 3 3 3 3 3 3 3 3 3 3 3 3 3 3 3 3 3 3 3 3 3 3 3 3 3 3 3 3 3 3 3 3 3 3 3 3 3 3 3 3 3 3 3 3 3 3 3 3 3 3 3 3 3 3 3 3 3 3 3 3 3 3 3 3 3 3 3 3 3 3 3 3 3 3 3 3 3 3 3 3 3 3 3 3 3 3 3 3 3 3 3 3 3 3 3 3 3 3 3 3 3 3 3 3 3 3 3 3 3 3 3 3 3 3 3 3 3 3 3 3 3 3 3 3 3 3 3 3 3 3 3 3 3 3 3 3 3 3 3 3 3 3 3 3 3 3 3 3 3 3 3 3 3 3 3 3 3 3 3 3 3 3 3 3 3 3 3 3 3 3 3 3 3 3 3 3 3 3 3 3 3 3 3 3 3 3 3 3 3 3 3 3 3 3 3 3 3 3 3 3 3 3 3 3 3 3 3 3 3 3 3 3 3 3 3 3 3 3 3 3 3 3 3 3 3 3 3 3 3 3 3 3 3 3 3 3 3 3 3 3 3 3 3 3 3 3 3 3 3 3 3 3 3 3 3 3 3 3 3 3 3 3 3 3 3 3 3 3 3 3 3 3 3 3 3 3 3 3 3 3 3 3 3 3 3 3 3 3 3 3 3 3 3 3 3 3 3 3 3 3 3 3 3 3 3 3 3 3 3 3 3 3 3 3 3 3 3 3 3 3 3 3 3 3 3 3 3 3 3 3 3 3 3 3 3 3 3 3 3 3 3 3 3 3 3 3 3 3 3 3 3 3 3 3 3 3 3 3 3 3 3 3 3 3 3 3 3 3 3 3 3 3 3 3 3 3 3 3 3 3 3 3 3 3 3 3 3 3 3 3 3 3 3 3 3 3 3 3 3 3 3 3 3 3 3 3 3 3 3 3 3 3 3 3 3 3 3 3 3 3 3 3 3 3 3 3 3 3 3 3 3 3 3 3 3 3 3 3 3 3 3 3 3 3 3 3 3 3 3 3 3 3 3 3 3 3 3 3 3 3 3 3 3 3 3 3 3 3 3 3 3 3 3 3 3 3 3 3 3 3 3 3 3 3 3 3 3 3 3 3 3 3 3 3 3 3 3 3 3 3 3 3 3 3 3 3 3 3 3 3 3 3 3 3 3 3 3 3 3 3 3 3 3 3 3 3 3 3 3 3 3 3 3 3 3 3 3 3 3 3 3 3 3 3 3 3 3 3 3 3 3 3 3 3 3 3 3 3 3 3 3 3 3 3 3 3 3 3 3 3 3 3 3 3 3 3 3 3 3 3 3 3 3 3 3 3 3 3 3 3 3 3 3 3 3 3 3 3 3 3 3 3 3 3 3 3 3 3 3 3 3 3 3 3 3 3 3 3 3 3 3 3 3 3 3 3 3 3 3 3 3 3 3 3 3 3 3 3 3 3 3 3 3 3 3 3 3 3 3 3 3 3 3 3 3 3 3 3 3 3 3 3 3 3 3 3 3 3 3 3 3 3 3 3 3 3 3 3 3 3 3 3 3 3 3 3 3 3 3 3 3 3 3 3 3 3 3 3 3 3 3 3 3 3 3 3 3 3 3 3 3 3 3 3 3 3 3 3 3 3 3 3 3 3 3 3 3 3 3 3 3 3 3 3 3 3 3 3 3 3 3 3 3 3 3 3 3 3 3 3 3 3 3 3 3 3 3 3 3 3 3 3 3 3 3 3 3 3 3 3 3 3 3 3 3 3 3 3 3 3 3 3 3 3 3 3 3 3 3 3 3 3 3 3 3 3 3 3 3 3 3 3 3 3 3 3 3 3 3 3 3 3 3 3 3 3 3 3 3 3 3 3 3 3 3 3 3 3 3 3 3 3 3 3 3 3 3 3 3 3 3 3 3 3 3 3 3 3 3 3 3 3 3 3 3 3 3 3 3 3 3 3 3 3 3 3 3 3 3 3 3 3 3 3 3 3 3 3 3 3 3 3 3 3 3 3 3 3 3 3 3 3 3 3 3 3 3 3 3 3 3 3 3 3 3 3 3 3 3 3 3 3 3 3 3 3 3 3 3 3 3 3 3 3 3 3 3 3 3 3 3 3 3 3 3 3 3 3 3 3 3 3 3 3 3 3 3 3 3 3 3 3 3 3 3 3 3 3 3 3 3 3 3 3 3 3 3 3 3 3 3 3 3 3 3 3 3 3 3 3 3 3 3 3 3 3 3 3 3 3 3 3 3 3 3 3 3 3 3 3 3 3 3 3 3 3 3 3 3 3 3 3 3 3 3 3 3 3 3 3 3 3 3 3 3 3 3 3 3 3 3 3 3 3 3 3 3 3 3 3 3 3 3 3 3 3 3 3 3 3 3 3 3 3 3 3 3 3 3 3 3 3 3 3 3 3 3 3 3 3 3 3 3 3 3 3 3 3 3 3 3 3 3 3 3 3 3 3 3 3 3 3 3 3 3 3 3 3 3 3 3 3 3 3 3 3 3 3 3 3 3 3 3 3 3 3 3 3 3 3 3 3 3 3 3 3 3 3 3 3 3 3 3 3 3 3 3 3 3 3 3 3 3 3 3 3 3 3 3 3 3 3 3 3 3 3 3 3 3 3 3 3 3 3 3 3 3 3 3 3 3 3 3 3 3 3 3 3 3 3 3 3 3 3 3 3 3 3 3 3 3 3 3 3 3 3 3 3 3 3 3 3 3 3 3 3 3 3 3 3 3 3 3 3 3 3 3 3 3 3 3 3 3 3 3 3 3 3 3 3 3 3 3 3 3 3 3 3 3 3 3 3 3 3 3 3 3 3 3 3 3 3 3 3 3 3 3 3 3 3 3 3 3 3 3 3 3 3 3 3 3 3 3 3 3 3 3 3 3 3 3 3 3 3 3 3 3 3 3 3 3 3 3 3 3 3 3 3 3 3 3 3 3 3 3 3 3 3 3 3 3 3 3 3 3 3 3 3 3 3 3 3 3 3 3 3 3 3 3 3 3 3 3 3 3 3 3 3 3 3 3 3 3 3 3 3 3 3 3 3 3 3 3 3 3 3 3 3 3 3 3 3 3 3 3 3 3 3 3 3 3 3 3 3 3 3 3 3 3 3 3 3 3 3 3 3 3 3 3 3 3 3 3 3 3 3 3 3 3 3 3 3 3 3 3 3 3 3 3 3 3 3 3 3 3 3 3 3 3 3 3 3 3 3 3 3 3 3 3 3 3 3 3 3 3 3 3 3 3 3 3 3 3 3 3 3 3 3 3 3 3 3 3 3 3 3 3 3 3 3 3 3 3 3 3 3 3 3 3 3 3 3 3 3 3 3 3 3 3 3 3 3 3 3 3 3 3 3 3 3 3 3 3 3 3 3 3 3 3 3 3 3 3 3 3 3 3 3 3 3 3 3 3 3 3 3 3 3 3 3 3 3 3 3 3 3 3 3 3 3 3 3 3 3 3 3 3 3 3 3 3 3 3 3 3 3 3 3 3 3 3 3 3 3 3 3 3 3 3 3 3 3 3 3 3 3 3 3 3 3 3 3 3 3 3 3 3 3 3 3 3 3 3 3 3 3 3 3 3 3 3 3 3 3 3 3 3 3 3 3 3 3 3 3 3 3 3 3 3 3 3 3 3 3 3 3 3 3 3 3 3 3 3 3 3 3 3 3 3 3 3 3 3 3 3 3 3 3 3 3 3 3 3 3 3 3 3 3 3 3 3 3 3 3 3 3 3 3 3 3 3 3 3 3 3 3 3 3 3 3 3 3 3 3 3 3 3 3 3 3 3 3 3 3 3 3 3 3 3 3 3 3 3 3 3 3 3 3 3 3 3 3 3 3 3 3 3 3 3 3 3 3 3 3 3 3 3 3 3 3 3 3 3 3 3 3 3 3 3 3 3 3 3 3 3 3 3 3 3 3 3 3 3 3 3 3 3 3 3 3 3 3 3 3 3 3 3 3 3 3 3 3 3 3 3 3 3 3 3 3 3 3 3 3 3 3 3 3 3 3 3 3 3 3 3 3 3 3 3 3 3 3 3 3 3 3 3 3 3 3 3 3 3 3 3 3 3 3 3 3 3 3 3 3 3 3 3 3 3 3 3 3 3 3 3 3 3 3 3 3 3 3 3 3 3 3 3 3 3 3 3 3 3 3 3 3 3 3 3 3 3 3 3 3 3 3 3 3 3 3 3 3 3 3 3 3 3 3 3 3 3 3 3 3 3 3 3 3 3 3 3 3 3 3 3 3 3 3 3 3 3 3 3 3 3 3 3 3 3 3 3 3 3 3 3 3 3 3 3 3 3 3 3 3 3 3 3 3 3 3 3 3 3 3 3 3 3 3 3 3 3 3 3 3 3 3 3 3 3 3 3 3 3 3 3 3 3 3 3 3 3 3 3 3 3 3 3 3 3 3 3 3 3 3 3 3 3 3 3 3 3 3 3 3 3 3 3 3 3 3 3 3 3 3 3 3 3 3 3 3 3 3 3 3 3 3 3 3 3 3 3 3 3 3 3 3 3 3 3 3 3 3 3 3 3 3 3 3 3 3 3 3 3 3 3 3 3 3 3 3 3 3 3 3 3 3 3 3 3 3 3 3 3 3 3 3 3 3 3 3 3 3 3 3 3 3 3 3 3 3 3 3 3 3 3 3 3 3 3 3 3 3 3 3 3 3 3 3 3 3 3 3 3 3 3 3 3 3 3 3 3 3 3 3 3 3 3 3 3 3 3 3 3 3 3 3 3 3 3 3 3 3 3 3 3 3 3 3 3 3 3 3 3 3 3 3 3 3 3 3 3 3 3 3 3 3 3 3 3 3 3 3 3 3 3 3 3 3 3 3 3 3 3 3 3 3 3 3 3 3 3 3 3 3 3 3 3 3 3 3 3 3 3 3 3 3 3 3 3 3 3 3 3 3 3 3 3 3 3 3 3 3 3 3 3 3 3 3 3 3 3 3 3 3 3 3 3 3 3 3 3 3 3 3 3 3 3 3 3 3 3 3 3 3 3 3 3 3 3 3 3 3 3 3 3 3 3 3 3 3 3 3 3 3 3 3 3 3 3 3 3 3 3 3 3 3 3 3 3 3 3 3 3 3 3 3 3 3 3 3 3 3 3 3 3 3 3 3 3 3 3 3 3 3 3 3 3 3 3 3 3 3 3 3 3 3 3 3 3 3 3 3 3 3 3 3 3 3 3 3 3 3 3 3 3 3 3 3 3 3 3 3 3 3 3 3 3 3 3 3 3 3 3 3 3 3 3 3 3 3 3 3 3 3 3 3 3 3 3 3 3 3 3 3 3 3 3 3 3 3 3 3 3 3 3 3 3 3 3 3 3 3 3 3 3 3 3 3 3 3 3 3 3 3 3 3 3 3 3 3 3 3 3 3 3 3 3 3 3 3 3 3 3 3 3 3 3 3 3 3 3 3 3 3 3 3 3 3 3 3 3 3 3 3 3 3 3 3 3 3 3 3 3 3 3 3 3 3 3 3 3 3 3 3 3 3 3 3 3 3 3 3 3 3 3 3 3 3 3 3 3 3 3 3 3 3 3 3 3 3 3 3 3 3 3 3 3 3 3 3 3 3 3 3 3 3 3 3 3 3 3 3 3 3 3 3 3 3 3 3 3 3 3 3 3 3 3 3 3 3 3 3 3 3 3 3 3 3 3 3 3 3 3 3 3 3 3 3 3 3 3 3 3 3 3 3 3 3 3 3 3 3 3 3 3 3 3 3 3 3 3 3 3 3 3 3 3 3 3 3 3 3 3 3 3 3 3 3 3 3 3 3 3 3 3 3 3 3 3 3 3 3 3 3 3 3 3 3 3 3 3 3 3 3 3 3 3 3 3 3 3 3 3 3 3 3 3 3 3 3 3 3 3 3 3 3 3 3 3 3 3 3 3 3 3 3 3 3 3 3 3 3 3 3 3 3 3 3 3 3 3 3 3 3 3 3 3 3 3 3 3 3 3 3 3 3 3 3 3 3 3 3 3 3 3 3 3 3 3 3 3 3 3 3 3 3 3 3 3 3 3 3 3 3 3 3 3 3 3 3 3 3 3 3 3 3 3 3 3 3 3 3 3 3 3 3 3 3 3 3 3 3 3 3 3 3 3 3 3 3 3 3 3 3 3 3 3 3 3 3 3 3 3 3 3 3 3 3 3 3 3 3 3 3 3 3 3 3 3 3 3 3 3 3 3 3 3 3 3 3 3 3 3 3 3 3 3 3 3 3 3 3 3 3 3 3 3 3 3 3 3 3 3 3 3 3 3 3 3 3 3 3 3 3 3 3 3 3 3 3 3 3 3 3 3 3 3 3 3 3 3 3 3 3 3 3 3 3 3 3 3 3 3 3 3 3 3 3 3 3 3 3 3 3 3 3 3 3 3 3 3 3 3 3 3 3 3 3 3 3 3 3 3 3 3 3 3 3 3 3 3 3 3 3 3 3 3 3 3 3 3 3 3 3 3 3 3 3 3 3 3 3 3 3 3 3 3 3 3 3 3 3 3 3 3 3 3 3 3 3 3 3 3 3 3 3 3 3 3 3 3 3 3 3 3 3 3 3 3 3 3 3 3 3 3 3 3 3 3 3 3 3 3 3 3 3 3 3 3 3 3 3 3 </vcount>
          <p>0 1 2 3 4 5 6 7 8 9 10 11 12 13 14 15 16 17 18 19 20 21 22 23 24 25 26 27 28 29 30 31 32 33 34 35 36 37 38 39 40 41 42 43 44 45 46 47 48 49 50 51 52 53 54 55 56 57 58 59 60 61 62 63 64 65 66 67 68 69 70 71 72 73 74 75 76 77 78 79 80 81 82 83 84 85 86 87 88 89 90 91 92 93 94 95 96 97 98 99 100 101 102 103 104 105 106 107 108 109 110 111 112 113 114 115 116 117 118 119 120 121 122 123 124 125 126 127 128 129 130 131 132 133 134 135 136 137 138 139 140 141 142 143 144 145 146 147 148 149 150 151 152 153 154 155 156 157 158 159 160 161 162 163 164 165 166 167 168 169 170 171 172 173 174 175 176 177 178 179 180 181 182 183 184 185 186 187 188 189 190 191 192 193 194 195 196 197 198 199 200 201 202 203 204 205 206 207 208 209 210 211 212 213 214 215 216 217 218 219 220 221 222 223 224 225 226 227 228 229 230 231 232 233 234 235 236 237 238 239 240 241 242 243 244 245 246 247 248 249 250 251 252 253 254 255 256 257 258 259 260 261 262 263 264 265 266 267 268 269 270 271 272 273 274 275 276 277 278 279 280 281 282 283 284 285 286 287 288 289 290 291 292 293 294 295 296 297 298 299 300 301 302 303 304 305 306 307 308 309 310 311 312 313 314 315 316 317 318 319 320 321 322 323 324 325 326 327 328 329 330 331 332 333 334 335 336 337 338 339 340 341 342 343 344 345 346 347 348 349 350 351 352 353 354 355 356 357 358 359 360 361 362 363 364 365 366 367 368 369 370 371 372 373 374 375 376 377 378 379 380 381 382 383 384 385 386 387 388 389 390 391 392 393 394 395 396 397 398 399 400 401 402 403 404 405 406 407 408 409 410 411 412 413 414 415 416 417 418 419 420 421 422 423 424 425 426 427 428 429 430 431 432 433 434 435 436 437 438 439 440 441 442 443 444 445 446 447 448 449 450 451 452 453 454 455 456 457 458 459 460 461 462 463 464 465 466 467 468 469 470 471 472 473 474 475 476 477 478 479 480 481 482 483 484 485 486 487 488 489 490 491 492 493 494 495 496 497 498 499 500 501 502 503 504 505 506 507 508 509 510 511 512 513 514 515 516 517 518 519 520 521 522 523 524 525 526 527 528 529 530 531 532 533 534 535 536 537 538 539 540 541 542 543 544 545 546 547 548 549 550 551 552 553 554 555 556 557 558 559 560 561 562 563 564 565 566 567 568 569 570 571 572 573 574 575 576 577 578 579 580 581 582 583 584 585 586 587 588 589 590 591 592 593 594 595 596 597 598 599 600 601 602 603 604 605 606 607 608 609 610 611 612 613 614 615 616 617 618 619 620 621 622 623 624 625 626 627 628 629 630 631 632 633 634 635 636 637 638 639 640 641 642 643 644 645 646 647 648 649 650 651 652 653 654 655 656 657 658 659 660 661 662 663 664 665 666 667 668 669 670 671 672 673 674 675 676 677 678 679 680 681 682 683 684 685 686 687 688 689 690 691 692 693 694 695 696 697 698 699 700 701 702 703 704 705 706 707 708 709 710 711 712 713 714 715 716 717 718 719 720 721 722 723 724 725 726 727 728 729 730 731 732 733 734 735 736 737 738 739 740 741 742 743 744 745 746 747 748 749 750 751 752 753 754 755 756 757 758 759 760 761 762 763 764 765 766 767 768 769 770 771 772 773 774 775 776 777 778 779 780 781 782 783 784 785 786 787 788 789 790 791 792 793 794 795 796 797 798 799 800 801 802 803 804 805 806 807 808 809 810 811 812 813 814 815 816 817 818 819 820 821 822 823 824 825 826 827 828 829 830 831 832 833 834 835 836 837 838 839 840 841 842 843 844 845 846 847 848 849 850 851 852 853 854 855 856 857 858 859 860 861 862 863 864 865 866 867 868 869 870 871 872 873 874 875 876 877 878 879 880 881 882 883 884 885 886 887 888 889 890 891 892 893 894 895 896 897 898 899 900 901 902 903 904 905 906 907 908 909 910 911 912 913 914 915 916 917 918 919 920 921 922 923 924 925 926 927 928 929 930 931 932 933 934 935 936 937 938 939 940 941 942 943 944 945 946 947 948 949 950 951 952 953 954 955 956 957 958 959 960 961 962 963 964 965 966 967 968 969 970 971 972 973 974 975 976 977 978 979 980 981 982 983 984 985 986 987 988 989 990 991 992 993 994 995 996 997 998 999 1000 1001 1002 1003 1004 1005 1006 1007 1008 1009 1010 1011 1012 1013 1014 1015 1016 1017 1018 1019 1020 1021 1022 1023 1024 1025 1026 1027 1028 1029 1030 1031 1032 1033 1034 1035 1036 1037 1038 1039 1040 1041 1042 1043 1044 1045 1046 1047 1048 1049 1050 1051 1052 1053 1054 1055 1056 1057 1058 1059 1060 1061 1062 1063 1064 1065 1066 1067 1068 1069 1070 1071 1072 1073 1074 1075 1076 1077 1078 1079 1080 1081 1082 1083 1084 1085 1086 1087 1088 1089 1090 1091 1092 1093 1094 1095 1096 1097 1098 1099 1100 1101 1102 1103 1104 1105 1106 1107 1108 1109 1110 1111 1112 1113 1114 1115 1116 1117 1118 1119 1120 1121 1122 1123 1124 1125 1126 1127 1128 1129 1130 1131 1132 1133 1134 1135 1136 1137 1138 1139 1140 1141 1142 1143 1144 1145 1146 1147 1148 1149 1150 1151 1152 1153 1154 1155 1156 1157 1158 1159 1160 1161 1162 1163 1164 1165 1166 1167 1168 1169 1170 1171 1172 1173 1174 1175 1176 1177 1178 1179 1180 1181 1182 1183 1184 1185 1186 1187 1188 1189 1190 1191 1192 1193 1194 1195 1196 1197 1198 1199 1200 1201 1202 1203 1204 1205 1206 1207 1208 1209 1210 1211 1212 1213 1214 1215 1216 1217 1218 1219 1220 1221 1222 1223 1224 1225 1226 1227 1228 1229 1230 1231 1232 1233 1234 1235 1236 1237 1238 1239 1240 1241 1242 1243 1244 1245 1246 1247 1248 1249 1250 1251 1252 1253 1254 1255 1256 1257 1258 1259 1260 1261 1262 1263 1264 1265 1266 1267 1268 1269 1270 1271 1272 1273 1274 1275 1276 1277 1278 1279 1280 1281 1282 1283 1284 1285 1286 1287 1288 1289 1290 1291 1292 1293 1294 1295 1296 1297 1298 1299 1300 1301 1302 1303 1304 1305 1306 1307 1308 1309 1310 1311 1312 1313 1314 1315 1316 1317 1318 1319 1320 1321 1322 1323 1324 1325 1326 1327 1328 1329 1330 1331 1332 1333 1334 1335 1336 1337 1338 1339 1340 1341 1342 1343 1344 1345 1346 1347 1348 1349 1350 1351 1352 1353 1354 1355 1356 1357 1358 1359 1360 1361 1362 1363 1364 1365 1366 1367 1368 1369 1370 1371 1372 1373 1374 1375 1376 1377 1378 1379 1380 1381 1382 1383 1384 1385 1386 1387 1388 1389 1390 1391 1392 1393 1394 1395 1396 1397 1398 1399 1400 1401 1402 1403 1404 1405 1406 1407 1408 1409 1410 1411 1412 1413 1414 1415 1416 1417 1418 1419 1420 1421 1422 1423 1424 1425 1426 1427 1428 1429 1430 1431 1432 1433 1434 1435 1436 1437 1438 1439 1440 1441 1442 1443 1444 1445 1446 1447 1448 1449 1450 1451 1452 1453 1454 1455 1456 1457 1458 1459 1460 1461 1462 1463 1464 1465 1466 1467 1468 1469 1470 1471 1472 1473 1474 1475 1476 1477 1478 1479 1480 1481 1482 1483 1484 1485 1486 1487 1488 1489 1490 1491 1492 1493 1494 1495 1496 1497 1498 1499 1500 1501 1502 1503 1504 1505 1506 1507 1508 1509 1510 1511 1512 1513 1514 1515 1516 1517 1518 1519 1520 1521 1522 1523 1524 1525 1526 1527 1528 1529 1530 1531 1532 1533 1534 1535 1536 1537 1538 1539 1540 1541 1542 1543 1544 1545 1546 1547 1548 1549 1550 1551 1552 1553 1554 1555 1556 1557 1558 1559 1560 1561 1562 1563 1564 1565 1566 1567 1568 1569 1570 1571 1572 1573 1574 1575 1576 1577 1578 1579 1580 1581 1582 1583 1584 1585 1586 1587 1588 1589 1590 1591 1592 1593 1594 1595 1596 1597 1598 1599 1600 1601 1602 1603 1604 1605 1606 1607 1608 1609 1610 1611 1612 1613 1614 1615 1616 1617 1618 1619 1620 1621 1622 1623 1624 1625 1626 1627 1628 1629 1630 1631 1632 1633 1634 1635 1636 1637 1638 1639 1640 1641 1642 1643 1644 1645 1646 1647 1648 1649 1650 1651 1652 1653 1654 1655 1656 1657 1658 1659 1660 1661 1662 1663 1664 1665 1666 1667 1668 1669 1670 1671 1672 1673 1674 1675 1676 1677 1678 1679 1680 1681 1682 1683 1684 1685 1686 1687 1688 1689 1690 1691 1692 1693 1694 1695 1696 1697 1698 1699 1700 1701 1702 1703 1704 1705 1706 1707 1708 1709 1710 1711 1712 1713 1714 1715 1716 1717 1718 1719 1720 1721 1722 1723 1724 1725 1726 1727 1728 1729 1730 1731 1732 1733 1734 1735 1736 1737 1738 1739 1740 1741 1742 1743 1744 1745 1746 1747 1748 1749 1750 1751 1752 1753 1754 1755 1756 1757 1758 1759 1760 1761 1762 1763 1764 1765 1766 1767 1768 1769 1770 1771 1772 1773 1774 1775 1776 1777 1778 1779 1780 1781 1782 1783 1784 1785 1786 1787 1788 1789 1790 1791 1792 1793 1794 1795 1796 1797 1798 1799 1800 1801 1802 1803 1804 1805 1806 1807 1808 1809 1810 1811 1812 1813 1814 1815 1816 1817 1818 1819 1820 1821 1822 1823 1824 1825 1826 1827 1828 1829 1830 1831 1832 1833 1834 1835 1836 1837 1838 1839 1840 1841 1842 1843 1844 1845 1846 1847 1848 1849 1850 1851 1852 1853 1854 1855 1856 1857 1858 1859 1860 1861 1862 1863 1864 1865 1866 1867 1868 1869 1870 1871 1872 1873 1874 1875 1876 1877 1878 1879 1880 1881 1882 1883 1884 1885 1886 1887 1888 1889 1890 1891 1892 1893 1894 1895 1896 1897 1898 1899 1900 1901 1902 1903 1904 1905 1906 1907 1908 1909 1910 1911 1912 1913 1914 1915 1916 1917 1918 1919 1920 1921 1922 1923 1924 1925 1926 1927 1928 1929 1930 1931 1932 1933 1934 1935 1936 1937 1938 1939 1940 1941 1942 1943 1944 1945 1946 1947 1948 1949 1950 1951 1952 1953 1954 1955 1956 1957 1958 1959 1960 1961 1962 1963 1964 1965 1966 1967 1968 1969 1970 1971 1972 1973 1974 1975 1976 1977 1978 1979 1980 1981 1982 1983 1984 1985 1986 1987 1988 1989 1990 1991 1992 1993 1994 1995 1996 1997 1998 1999 2000 2001 2002 2003 2004 2005 2006 2007 2008 2009 2010 2011 2012 2013 2014 2015 2016 2017 2018 2019 2020 2021 2022 2023 2024 2025 2026 2027 2028 2029 2030 2031 2032 2033 2034 2035 2036 2037 2038 2039 2040 2041 2042 2043 2044 2045 2046 2047 2048 2049 2050 2051 2052 2053 2054 2055 2056 2057 2058 2059 2060 2061 2062 2063 2064 2065 2066 2067 2068 2069 2070 2071 2072 2073 2074 2075 2076 2077 2078 2079 2080 2081 2082 2083 2084 2085 2086 2087 2088 2089 2090 2091 2092 2093 2094 2095 2096 2097 2098 2099 2100 2101 2102 2103 2104 2105 2106 2107 2108 2109 2110 2111 2112 2113 2114 2115 2116 2117 2118 2119 2120 2121 2122 2123 2124 2125 2126 2127 2128 2129 2130 2131 2132 2133 2134 2135 2136 2137 2138 2139 2140 2141 2142 2143 2144 2145 2146 2147 2148 2149 2150 2151 2152 2153 2154 2155 2156 2157 2158 2159 2160 2161 2162 2163 2164 2165 2166 2167 2168 2169 2170 2171 2172 2173 2174 2175 2176 2177 2178 2179 2180 2181 2182 2183 2184 2185 2186 2187 2188 2189 2190 2191 2192 2193 2194 2195 2196 2197 2198 2199 2200 2201 2202 2203 2204 2205 2206 2207 2208 2209 2210 2211 2212 2213 2214 2215 2216 2217 2218 2219 2220 2221 2222 2223 2224 2225 2226 2227 2228 2229 2230 2231 2232 2233 2234 2235 2236 2237 2238 2239 2240 2241 2242 2243 2244 2245 2246 2247 2248 2249 2250 2251 2252 2253 2254 2255 2256 2257 2258 2259 2260 2261 2262 2263 2264 2265 2266 2267 2268 2269 2270 2271 2272 2273 2274 2275 2276 2277 2278 2279 2280 2281 2282 2283 2284 2285 2286 2287 2288 2289 2290 2291 2292 2293 2294 2295 2296 2297 2298 2299 2300 2301 2302 2303 2304 2305 2306 2307 2308 2309 2310 2311 2312 2313 2314 2315 2316 2317 2318 2319 2320 2321 2322 2323 2324 2325 2326 2327 2328 2329 2330 2331 2332 2333 2334 2335 2336 2337 2338 2339 2340 2341 2342 2343 2344 2345 2346 2347 2348 2349 2350 2351 2352 2353 2354 2355 2356 2357 2358 2359 2360 2361 2362 2363 2364 2365 2366 2367 2368 2369 2370 2371 2372 2373 2374 2375 2376 2377 2378 2379 2380 2381 2382 2383 2384 2385 2386 2387 2388 2389 2390 2391 2392 2393 2394 2395 2396 2397 2398 2399 2400 2401 2402 2403 2404 2405 2406 2407 2408 2409 2410 2411 2412 2413 2414 2415 2416 2417 2418 2419 2420 2421 2422 2423 2424 2425 2426 2427 2428 2429 2430 2431 2432 2433 2434 2435 2436 2437 2438 2439 2440 2441 2442 2443 2444 2445 2446 2447 2448 2449 2450 2451 2452 2453 2454 2455 2456 2457 2458 2459 2460 2461 2462 2463 2464 2465 2466 2467 2468 2469 2470 2471 2472 2473 2474 2475 2476 2477 2478 2479 2480 2481 2482 2483 2484 2485 2486 2487 2488 2489 2490 2491 2492 2493 2494 2495 2496 2497 2498 2499 2500 2501 2502 2503 2504 2505 2506 2507 2508 2509 2510 2511 2512 2513 2514 2515 2516 2517 2518 2519 2520 2521 2522 2523 2524 2525 2526 2527 2528 2529 2530 2531 2532 2533 2534 2535 2536 2537 2538 2539 2540 2541 2542 2543 2544 2545 2546 2547 2548 2549 2550 2551 2552 2553 2554 2555 2556 2557 2558 2559 2560 2561 2562 2563 2564 2565 2566 2567 2568 2569 2570 2571 2572 2573 2574 2575 2576 2577 2578 2579 2580 2581 2582 2583 2584 2585 2586 2587 2588 2589 2590 2591 2592 2593 2594 2595 2596 2597 2598 2599 2600 2601 2602 2603 2604 2605 2606 2607 2608 2609 2610 2611 2612 2613 2614 2615 2616 2617 2618 2619 2620 2621 2622 2623 2624 2625 2626 2627 2628 2629 2630 2631 2632 2633 2634 2635 2636 2637 2638 2639 2640 2641 2642 2643 2644 2645 2646 2647 2648 2649 2650 2651 2652 2653 2654 2655 2656 2657 2658 2659 2660 2661 2662 2663 2664 2665 2666 2667 2668 2669 2670 2671 2672 2673 2674 2675 2676 2677 2678 2679 2680 2681 2682 2683 2684 2685 2686 2687 2688 2689 2690 2691 2692 2693 2694 2695 2696 2697 2698 2699 2700 2701 2702 2703 2704 2705 2706 2707 2708 2709 2710 2711 2712 2713 2714 2715 2716 2717 2718 2719 2720 2721 2722 2723 2724 2725 2726 2727 2728 2729 2730 2731 2732 2733 2734 2735 2736 2737 2738 2739 2740 2741 2742 2743 2744 2745 2746 2747 2748 2749 2750 2751 2752 2753 2754 2755 2756 2757 2758 2759 2760 2761 2762 2763 2764 2765 2766 2767 2768 2769 2770 2771 2772 2773 2774 2775 2776 2777 2778 2779 2780 2781 2782 2783 2784 2785 2786 2787 2788 2789 2790 2791 2792 2793 2794 2795 2796 2797 2798 2799 2800 2801 2802 2803 2804 2805 2806 2807 2808 2809 2810 2811 2812 2813 2814 2815 2816 2817 2818 2819 2820 2821 2822 2823 2824 2825 2826 2827 2828 2829 2830 2831 2832 2833 2834 2835 2836 2837 2838 2839 2840 2841 2842 2843 2844 2845 2846 2847 2848 2849 2850 2851 2852 2853 2854 2855 2856 2857 2858 2859 2860 2861 2862 2863 2864 2865 2866 2867 2868 2869 2870 2871 2872 2873 2874 2875 2876 2877 2878 2879 2880 2881 2882 2883 2884 2885 2886 2887 2888 2889 2890 2891 2892 2893 2894 2895 2896 2897 2898 2899 2900 2901 2902 2903 2904 2905 2906 2907 2908 2909 2910 2911 2912 2913 2914 2915 2916 2917 2918 2919 2920 2921 2922 2923 2924 2925 2926 2927 2928 2929 2930 2931 2932 2933 2934 2935 2936 2937 2938 2939 2940 2941 2942 2943 2944 2945 2946 2947 2948 2949 2950 2951 2952 2953 2954 2955 2956 2957 2958 2959 2960 2961 2962 2963 2964 2965 2966 2967 2968 2969 2970 2971 2972 2973 2974 2975 2976 2977 2978 2979 2980 2981 2982 2983 2984 2985 2986 2987 2988 2989 2990 2991 2992 2993 2994 2995 2996 2997 2998 2999 3000 3001 3002 3003 3004 3005 3006 3007 3008 3009 3010 3011 3012 3013 3014 3015 3016 3017 3018 3019 3020 3021 3022 3023 3024 3025 3026 3027 3028 3029 3030 3031 3032 3033 3034 3035 3036 3037 3038 3039 3040 3041 3042 3043 3044 3045 3046 3047 3048 3049 3050 3051 3052 3053 3054 3055 3056 3057 3058 3059 3060 3061 3062 3063 3064 3065 3066 3067 3068 3069 3070 3071 3072 3073 3074 3075 3076 3077 3078 3079 3080 3081 3082 3083 3084 3085 3086 3087 3088 3089 3090 3091 3092 3093 3094 3095 3096 3097 3098 3099 3100 3101 3102 3103 3104 3105 3106 3107 3108 3109 3110 3111 3112 3113 3114 3115 3116 3117 3118 3119 3120 3121 3122 3123 3124 3125 3126 3127 3128 3129 3130 3131 3132 3133 3134 3135 3136 3137 3138 3139 3140 3141 3142 3143 3144 3145 3146 3147 3148 3149 3150 3151 3152 3153 3154 3155 3156 3157 3158 3159 3160 3161 3162 3163 3164 3165 3166 3167 3168 3169 3170 3171 3172 3173 3174 3175 3176 3177 3178 3179 3180 3181 3182 3183 3184 3185 3186 3187 3188 3189 3190 3191 3192 3193 3194 3195 3196 3197 3198 3199 3200 3201 3202 3203 3204 3205 3206 3207 3208 3209 3210 3211 3212 3213 3214 3215 3216 3217 3218 3219 3220 3221 3222 3223 3224 3225 3226 3227 3228 3229 3230 3231 3232 3233 3234 3235 3236 3237 3238 3239 3240 3241 3242 3243 3244 3245 3246 3247 3248 3249 3250 3251 3252 3253 3254 3255 3256 3257 3258 3259 3260 3261 3262 3263 3264 3265 3266 3267 3268 3269 3270 3271 3272 3273 3274 3275 3276 3277 3278 3279 3280 3281 3282 3283 3284 3285 3286 3287 3288 3289 3290 3291 3292 3293 3294 3295 3296 3297 3298 3299 3300 3301 3302 3303 3304 3305 3306 3307 3308 3309 3310 3311 3312 3313 3314 3315 3316 3317 3318 3319 3320 3321 3322 3323 3324 3325 3326 3327 3328 3329 3330 3331 3332 3333 3334 3335 3336 3337 3338 3339 3340 3341 3342 3343 3344 3345 3346 3347 3348 3349 3350 3351 3352 3353 3354 3355 3356 3357 3358 3359 3360 3361 3362 3363 3364 3365 3366 3367 3368 3369 3370 3371 3372 3373 3374 3375 3376 3377 3378 3379 3380 3381 3382 3383 3384 3385 3386 3387 3388 3389 3390 3391 3392 3393 3394 3395 3396 3397 3398 3399 3400 3401 3402 3403 3404 3405 3406 3407 3408 3409 3410 3411 3412 3413 3414 3415 3416 3417 3418 3419 3420 3421 3422 3423 3424 3425 3426 3427 3428 3429 3430 3431 3432 3433 3434 3435 3436 3437 3438 3439 3440 3441 3442 3443 3444 3445 3446 3447 3448 3449 3450 3451 3452 3453 3454 3455 3456 3457 3458 3459 3460 3461 3462 3463 3464 3465 3466 3467 3468 3469 3470 3471 3472 3473 3474 3475 3476 3477 3478 3479 3480 3481 3482 3483 3484 3485 3486 3487 3488 3489 3490 3491 3492 3493 3494 3495 3496 3497 3498 3499 3500 3501 3502 3503 3504 3505 3506 3507 3508 3509 3510 3511 3512 3513 3514 3515 3516 3517 3518 3519 3520 3521 3522 3523 3524 3525 3526 3527 3528 3529 3530 3531 3532 3533 3534 3535 3536 3537 3538 3539 3540 3541 3542 3543 3544 3545 3546 3547 3548 3549 3550 3551 3552 3553 3554 3555 3556 3557 3558 3559 3560 3561 3562 3563 3564 3565 3566 3567 3568 3569 3570 3571 3572 3573 3574 3575 3576 3577 3578 3579 3580 3581 3582 3583 3584 3585 3586 3587 3588 3589 3590 3591 3592 3593 3594 3595 3596 3597 3598 3599 3600 3601 3602 3603 3604 3605 3606 3607 3608 3609 3610 3611 3612 3613 3614 3615 3616 3617 3618 3619 3620 3621 3622 3623 3624 3625 3626 3627 3628 3629 3630 3631 3632 3633 3634 3635 3636 3637 3638 3639 3640 3641 3642 3643 3644 3645 3646 3647 3648 3649 3650 3651 3652 3653 3654 3655 3656 3657 3658 3659 3660 3661 3662 3663 3664 3665 3666 3667 3668 3669 3670 3671 3672 3673 3674 3675 3676 3677 3678 3679 3680 3681 3682 3683 3684 3685 3686 3687 3688 3689 3690 3691 3692 3693 3694 3695 3696 3697 3698 3699 3700 3701 3702 3703 3704 3705 3706 3707 3708 3709 3710 3711 3712 3713 3714 3715 3716 3717 3718 3719 3720 3721 3722 3723 3724 3725 3726 3727 3728 3729 3730 3731 3732 3733 3734 3735 3736 3737 3738 3739 3740 3741 3742 3743 3744 3745 3746 3747 3748 3749 3750 3751 3752 3753 3754 3755 3756 3757 3758 3759 3760 3761 3762 3763 3764 3765 3766 3767 3768 3769 3770 3771 3772 3773 3774 3775 3776 3777 3778 3779 3780 3781 3782 3783 3784 3785 3786 3787 3788 3789 3790 3791 3792 3793 3794 3795 3796 3797 3798 3799 3800 3801 3802 3803 3804 3805 3806 3807 3808 3809 3810 3811 3812 3813 3814 3815 3816 3817 3818 3819 3820 3821 3822 3823 3824 3825 3826 3827 3828 3829 3830 3831 3832 3833 3834 3835 3836 3837 3838 3839 3840 3841 3842 3843 3844 3845 3846 3847 3848 3849 3850 3851 3852 3853 3854 3855 3856 3857 3858 3859 3860 3861 3862 3863 3864 3865 3866 3867 3868 3869 3870 3871 3872 3873 3874 3875 3876 3877 3878 3879 3880 3881 3882 3883 3884 3885 3886 3887 3888 3889 3890 3891 3892 3893 3894 3895 3896 3897 3898 3899 3900 3901 3902 3903 3904 3905 3906 3907 3908 3909 3910 3911 3912 3913 3914 3915 3916 3917 3918 3919 3920 3921 3922 3923 3924 3925 3926 3927 3928 3929 3930 3931 3932 3933 3934 3935 3936 3937 3938 3939 3940 3941 3942 3943 3944 3945 3946 3947 3948 3949 3950 3951 3952 3953 3954 3955 3956 3957 3958 3959 3960 3961 3962 3963 3964 3965 3966 3967 3968 3969 3970 3971 3972 3973 3974 3975 3976 3977 3978 3979 3980 3981 3982 3983 3984 3985 3986 3987 3988 3989 3990 3991 3992 3993 3994 3995 3996 3997 3998 3999 4000 4001 4002 4003 4004 4005 4006 4007 4008 4009 4010 4011 4012 4013 4014 4015 4016 4017 4018 4019 4020 4021 4022 4023 4024 4025 4026 4027 4028 4029 4030 4031 4032 4033 4034 4035 4036 4037 4038 4039 4040 4041 4042 4043 4044 4045 4046 4047 4048 4049 4050 4051 4052 4053 4054 4055 4056 4057 4058 4059 4060 4061 4062 4063 4064 4065 4066 4067 4068 4069 4070 4071 4072 4073 4074 4075 4076 4077 4078 4079 4080 4081 4082 4083 4084 4085 4086 4087 4088 4089 4090 4091 4092 4093 4094 4095 4096 4097 4098 4099 4100 4101 4102 4103 4104 4105 4106 4107 4108 4109 4110 4111 4112 4113 4114 4115 4116 4117 4118 4119 4120 4121 4122 4123 4124 4125 4126 4127 4128 4129 4130 4131 4132 4133 4134 4135 4136 4137 4138 4139 4140 4141 4142 4143 4144 4145 4146 4147 4148 4149 4150 4151 4152 4153 4154 4155 4156 4157 4158 4159 4160 4161 4162 4163 4164 4165 4166 4167 4168 4169 4170 4171 4172 4173 4174 4175 4176 4177 4178 4179 4180 4181 4182 4183 4184 4185 4186 4187 4188 4189 4190 4191 4192 4193 4194 4195 4196 4197 4198 4199 4200 4201 4202 4203 4204 4205 4206 4207 4208 4209 4210 4211 4212 4213 4214 4215 4216 4217 4218 4219 4220 4221 4222 4223 4224 4225 4226 4227 4228 4229 4230 4231 4232 4233 4234 4235 4236 4237 4238 4239 4240 4241 4242 4243 4244 4245 4246 4247 4248 4249 4250 4251 4252 4253 4254 4255 4256 4257 4258 4259 4260 4261 4262 4263 4264 4265 4266 4267 4268 4269 4270 4271 4272 4273 4274 4275 4276 4277 4278 4279 4280 4281 4282 4283 4284 4285 4286 4287 4288 4289 4290 4291 4292 4293 4294 4295 4296 4297 4298 4299 4300 4301 4302 4303 4304 4305 4306 4307 4308 4309 4310 4311 4312 4313 4314 4315 4316 4317 4318 4319 4320 4321 4322 4323 4324 4325 4326 4327 4328 4329 4330 4331 4332 4333 4334 4335 4336 4337 4338 4339 4340 4341 4342 4343 4344 4345 4346 4347 4348 4349 4350 4351 4352 4353 4354 4355 4356 4357 4358 4359 4360 4361 4362 4363 4364 4365 4366 4367 4368 4369 4370 4371 4372 4373 4374 4375 4376 4377 4378 4379 4380 4381 4382 4383 4384 4385 4386 4387 4388 4389 4390 4391 4392 4393 4394 4395 4396 4397 4398 4399 4400 4401 4402 4403 4404 4405 4406 4407 4408 4409 4410 4411 4412 4413 4414 4415 4416 4417 4418 4419 4420 4421 4422 4423 4424 4425 4426 4427 4428 4429 4430 4431 4432 4433 4434 4435 4436 4437 4438 4439 4440 4441 4442 4443 4444 4445 4446 4447 4448 4449 4450 4451 4452 4453 4454 4455 4456 4457 4458 4459 4460 4461 4462 4463 4464 4465 4466 4467 4468 4469 4470 4471 4472 4473 4474 4475 4476 4477 4478 4479 4480 4481 4482 4483 4484 4485 4486 4487 4488 4489 4490 4491 4492 4493 4494 4495 4496 4497 4498 4499 4500 4501 4502 4503 4504 4505 4506 4507 4508 4509 4510 4511 4512 4513 4514 4515 4516 4517 4518 4519 4520 4521 4522 4523 4524 4525 4526 4527 4528 4529 4530 4531 4532 4533 4534 4535 4536 4537 4538 4539 4540 4541 4542 4543 4544 4545 4546 4547 4548 4549 4550 4551 4552 4553 4554 4555 4556 4557 4558 4559 4560 4561 4562 4563 4564 4565 4566 4567 4568 4569 4570 4571 4572 4573 4574 4575 4576 4577 4578 4579 4580 4581 4582 4583 4584 4585 4586 4587 4588 4589 4590 4591 4592 4593 4594 4595 4596 4597 4598 4599 4600 4601 4602 4603 4604 4605 4606 4607 4608 4609 4610 4611 4612 4613 4614 4615 4616 4617 4618 4619 4620 4621 4622 4623 4624 4625 4626 4627 4628 4629 4630 4631 4632 4633 4634 4635 4636 4637 4638 4639 4640 4641 4642 4643 4644 4645 4646 4647 4648 4649 4650 4651 4652 4653 4654 4655 4656 4657 4658 4659 4660 4661 4662 4663 4664 4665 4666 4667 4668 4669 4670 4671 4672 4673 4674 4675 4676 4677 4678 4679 4680 4681 4682 4683 4684 4685 4686 4687 4688 4689 4690 4691 4692 4693 4694 4695 4696 4697 4698 4699 4700 4701 4702 4703 4704 4705 4706 4707 4708 4709 4710 4711 4712 4713 4714 4715 4716 4717 4718 4719 4720 4721 4722 4723 4724 4725 4726 4727 4728 4729 4730 4731 4732 4733 4734 4735 4736 4737 4738 4739 4740 4741 4742 4743 4744 4745 4746 4747 4748 4749 4750 4751 4752 4753 4754 4755 4756 4757 4758 4759 4760 4761 4762 4763 4764 4765 4766 4767 4768 4769 4770 4771 4772 4773 4774 4775 4776 4777 4778 4779 4780 4781 4782 4783 4784 4785 4786 4787 4788 4789 4790 4791 4792 4793 4794 4795 4796 4797 4798 4799 4800 4801 4802 4803 4804 4805 4806 4807 4808 4809 4810 4811 4812 4813 4814 4815 4816 4817 4818 4819 4820 4821 4822 4823 4824 4825 4826 4827 4828 4829 4830 4831 4832 4833 4834 4835 4836 4837 4838 4839 4840 4841 4842 4843 4844 4845 4846 4847 4848 4849 4850 4851 4852 4853 4854 4855 4856 4857 4858 4859 4860 4861 4862 4863 4864 4865 4866 4867 4868 4869 4870 4871 4872 4873 4874 4875 4876 4877 4878 4879 4880 4881 4882 4883 4884 4885 4886 4887 4888 4889 4890 4891 4892 4893 4894 4895 4896 4897 4898 4899 4900 4901 4902 4903 4904 4905 4906 4907 4908 4909 4910 4911 4912 4913 4914 4915 4916 4917 4918 4919 4920 4921 4922 4923 4924 4925 4926 4927 4928 4929 4930 4931 4932 4933 4934 4935 4936 4937 4938 4939 4940 4941 4942 4943 4944 4945 4946 4947 4948 4949 4950 4951 4952 4953 4954 4955 4956 4957 4958 4959 4960 4961 4962 4963 4964 4965 4966 4967 4968 4969 4970 4971 4972 4973 4974 4975 4976 4977 4978 4979 4980 4981 4982 4983 4984 4985 4986 4987 4988 4989 4990 4991 4992 4993 4994 4995 4996 4997 4998 4999 5000 5001 5002 5003 5004 5005 5006 5007 5008 5009 5010 5011 5012 5013 5014 5015 5016 5017 5018 5019 5020 5021 5022 5023 5024 5025 5026 5027 5028 5029 5030 5031 5032 5033 5034 5035 5036 5037 5038 5039 5040 5041 5042 5043 5044 5045 5046 5047 5048 5049 5050 5051 5052 5053 5054 5055 5056 5057 5058 5059 5060 5061 5062 5063 5064 5065 5066 5067 5068 5069 5070 5071 5072 5073 5074 5075 5076 5077 5078 5079 5080 5081 5082 5083 5084 5085 5086 5087 5088 5089 5090 5091 5092 5093 5094 5095 5096 5097 5098 5099 5100 5101 5102 5103 5104 5105 5106 5107 5108 5109 5110 5111 5112 5113 5114 5115 5116 5117 5118 5119 5120 5121 5122 5123 5124 5125 5126 5127 5128 5129 5130 5131 5132 5133 5134 5135 5136 5137 5138 5139 5140 5141 5142 5143 5144 5145 5146 5147 5148 5149 5150 5151 5152 5153 5154 5155 5156 5157 5158 5159 5160 5161 5162 5163 5164 5165 5166 5167 5168 5169 5170 5171 5172 5173 5174 5175 5176 5177 5178 5179 5180 5181 5182 5183 5184 5185 5186 5187 5188 5189 5190 5191 5192 5193 5194 5195 5196 5197 5198 5199 5200 5201 5202 5203 5204 5205 5206 5207 5208 5209 5210 5211 5212 5213 5214 5215 5216 5217 5218 5219 5220 5221 5222 5223 5224 5225 5226 5227 5228 5229 5230 5231 5232 5233 5234 5235 5236 5237 5238 5239 5240 5241 5242 5243 5244 5245 5246 5247 5248 5249 5250 5251 5252 5253 5254 5255 5256 5257 5258 5259 5260 5261 5262 5263 5264 5265 5266 5267 5268 5269 5270 5271 5272 5273 5274 5275 5276 5277 5278 5279 5280 5281 5282 5283 5284 5285 5286 5287 5288 5289 5290 5291 5292 5293 5294 5295 5296 5297 5298 5299 5300 5301 5302 5303 5304 5305 5306 5307 5308 5309 5310 5311 5312 5313 5314 5315 5316 5317 5318 5319 5320 5321 5322 5323 5324 5325 5326 5327 5328 5329 5330 5331 5332 5333 5334 5335 5336 5337 5338 5339 5340 5341 5342 5343 5344 5345 5346 5347 5348 5349 5350 5351 5352 5353 5354 5355 5356 5357 5358 5359 5360 5361 5362 5363 5364 5365 5366 5367 5368 5369 5370 5371 5372 5373 5374 5375 5376 5377 5378 5379 5380 5381 5382 5383 5384 5385 5386 5387 5388 5389 5390 5391 5392 5393 5394 5395 5396 5397 5398 5399 5400 5401 5402 5403 5404 5405 5406 5407 5408 5409 5410 5411 5412 5413 5414 5415 5416 5417 5418 5419 5420 5421 5422 5423 5424 5425 5426 5427 5428 5429 5430 5431 5432 5433 5434 5435 5436 5437 5438 5439 5440 5441 5442 5443 5444 5445 5446 5447 5448 5449 5450 5451 5452 5453 5454 5455 5456 5457 5458 5459 5460 5461 5462 5463 5464 5465 5466 5467 5468 5469 5470 5471 5472 5473 5474 5475 5476 5477 5478 5479 5480 5481 5482 5483 5484 5485 5486 5487 5488 5489 5490 5491 5492 5493 5494 5495 5496 5497 5498 5499 5500 5501 5502 5503 5504 5505 5506 5507 5508 5509 5510 5511 5512 5513 5514 5515 5516 5517 5518 5519 5520 5521 5522 5523 5524 5525 5526 5527 5528 5529 5530 5531 5532 5533 5534 5535 5536 5537 5538 5539 5540 5541 5542 5543 5544 5545 5546 5547 5548 5549 5550 5551 5552 5553 5554 5555 5556 5557 5558 5559 5560 5561 5562 5563 5564 5565 5566 5567 5568 5569 5570 5571 5572 5573 5574 5575 5576 5577 5578 5579 5580 5581 5582 5583 5584 5585 5586 5587 5588 5589 5590 5591 5592 5593 5594 5595 5596 5597 5598 5599 5600 5601 5602 5603 5604 5605 5606 5607 5608 5609 5610 5611 5612 5613 5614 5615 5616 5617 5618 5619 5620 5621 5622 5623 5624 5625 5626 5627 5628 5629 5630 5631 5632 5633 5634 5635 5636 5637 5638 5639 5640 5641 5642 5643 5644 5645 5646 5647 5648 5649 5650 5651 5652 5653 5654 5655 5656 5657 5658 5659 5660 5661 5662 5663 5664 5665 5666 5667 5668 5669 5670 5671 5672 5673 5674 5675 5676 5677 5678 5679 5680 5681 5682 5683 5684 5685 5686 5687 5688 5689 5690 5691 5692 5693 5694 5695 5696 5697 5698 5699 5700 5701 5702 5703 5704 5705 5706 5707 5708 5709 5710 5711 5712 5713 5714 5715 5716 5717 5718 5719 5720 5721 5722 5723 5724 5725 5726 5727 5728 5729 5730 5731 5732 5733 5734 5735 5736 5737 5738 5739 5740 5741 5742 5743 5744 5745 5746 5747 5748 5749 5750 5751 5752 5753 5754 5755 5756 5757 5758 5759 5760 5761 5762 5763 5764 5765 5766 5767 5768 5769 5770 5771 5772 5773 5774 5775 5776 5777 5778 5779 5780 5781 5782 5783 5784 5785 5786 5787 5788 5789 5790 5791 5792 5793 5794 5795 5796 5797 5798 5799 5800 5801 5802 5803 5804 5805 5806 5807 5808 5809 5810 5811 5812 5813 5814 5815 5816 5817 5818 5819 5820 5821 5822 5823 5824 5825 5826 5827 5828 5829 5830 5831 5832 5833 5834 5835 5836 5837 5838 5839 5840 5841 5842 5843 5844 5845 5846 5847 5848 5849 5850 5851 5852 5853 5854 5855 5856 5857 5858 5859 5860 5861 5862 5863 5864 5865 5866 5867 5868 5869 5870 5871 5872 5873 5874 5875 5876 5877 5878 5879 5880 5881 5882 5883 5884 5885 5886 5887 5888 5889 5890 5891 5892 5893 5894 5895 5896 5897 5898 5899 5900 5901 5902 5903 5904 5905 5906 5907 5908 5909 5910 5911 5912 5913 5914 5915 5916 5917 5918 5919 5920 5921 5922 5923 5924 5925 5926 5927 5928 5929 5930 5931 5932 5933 5934 5935 5936 5937 5938 5939 5940 5941 5942 5943 5944 5945 5946 5947 5948 5949 5950 5951 5952 5953 5954 5955 5956 5957 5958 5959 5960 5961 5962 5963 5964 5965 5966 5967 5968 5969 5970 5971 5972 5973 5974 5975 5976 5977 5978 5979 5980 5981 5982 5983 5984 5985 5986 5987 5988 5989 5990 5991 5992 5993 5994 5995 5996 5997 5998 5999 6000 6001 6002 6003 6004 6005 6006 6007 6008 6009 6010 6011 6012 6013 6014 6015 6016 6017 6018 6019 6020 6021 6022 6023 6024 6025 6026 6027 6028 6029 6030 6031 6032 6033 6034 6035 6036 6037 6038 6039 6040 6041 6042 6043 6044 6045 6046 6047 6048 6049 6050 6051 6052 6053 6054 6055 6056 6057 6058 6059 6060 6061 6062 6063 6064 6065 6066 6067 6068 6069 6070 6071 6072 6073 6074 6075 6076 6077 6078 6079 6080 6081 6082 6083 6084 6085 6086 6087 6088 6089 6090 6091 6092 6093 6094 6095 6096 6097 6098 6099 6100 6101 6102 6103 6104 6105 6106 6107 6108 6109 6110 6111 6112 6113 6114 6115 6116 6117 6118 6119 6120 6121 6122 6123 6124 6125 6126 6127 6128 6129 6130 6131 6132 6133 6134 6135 6136 6137 6138 6139 6140 6141 6142 6143 6144 6145 6146 6147 6148 6149 6150 6151 6152 6153 6154 6155 6156 6157 6158 6159 6160 6161 6162 6163 6164 6165 6166 6167 6168 6169 6170 6171 6172 6173 6174 6175 6176 6177 6178 6179 6180 6181 6182 6183 6184 6185 6186 6187 6188 6189 6190 6191 6192 6193 6194 6195 6196 6197 6198 6199 6200 6201 6202 6203 6204 6205 6206 6207 6208 6209 6210 6211 6212 6213 6214 6215 6216 6217 6218 6219 6220 6221 6222 6223 6224 6225 6226 6227 6228 6229 6230 6231 6232 6233 6234 6235 6236 6237 6238 6239 6240 6241 6242 6243 6244 6245 6246 6247 6248 6249 6250 6251 6252 6253 6254 6255 6256 6257 6258 6259 6260 6261 6262 6263 6264 6265 6266 6267 6268 6269 6270 6271 6272 6273 6274 6275 6276 6277 6278 6279 6280 6281 6282 6283 6284 6285 6286 6287 6288 6289 6290 6291 6292 6293 6294 6295 6296 6297 6298 6299 6300 6301 6302 6303 6304 6305 6306 6307 6308 6309 6310 6311 6312 6313 6314 6315 6316 6317 6318 6319 6320 6321 6322 6323 6324 6325 6326 6327 6328 6329 6330 6331 6332 6333 6334 6335 6336 6337 6338 6339 6340 6341 6342 6343 6344 6345 6346 6347 6348 6349 6350 6351 6352 6353 6354 6355 6356 6357 6358 6359 6360 6361 6362 6363 6364 6365 6366 6367 6368 6369 6370 6371 6372 6373 6374 6375 6376 6377 6378 6379 6380 6381 6382 6383 6384 6385 6386 6387 6388 6389 6390 6391 6392 6393 6394 6395 6396 6397 6398 6399 6400 6401 6402 6403 6404 6405 6406 6407 6408 6409 6410 6411 6412 6413 6414 6415 6416 6417 6418 6419 6420 6421 6422 6423 6424 6425 6426 6427 6428 6429 6430 6431 6432 6433 6434 6435 6436 6437 6438 6439 6440 6441 6442 6443 6444 6445 6446 6447 6448 6449 6450 6451 6452 6453 6454 6455 6456 6457 6458 6459 6460 6461 6462 6463 6464 6465 6466 6467 6468 6469 6470 6471 6472 6473 6474 6475 6476 6477 6478 6479 6480 6481 6482 6483 6484 6485 6486 6487 6488 6489 6490 6491 6492 6493 6494 6495 6496 6497 6498 6499 6500 6501 6502 6503 6504 6505 6506 6507 6508 6509 6510 6511 6512 6513 6514 6515 6516 6517 6518 6519 6520 6521 6522 6523 6524 6525 6526 6527 6528 6529 6530 6531 6532 6533 6534 6535 6536 6537 6538 6539 6540 6541 6542 6543 6544 6545 6546 6547 6548 6549 6550 6551 6552 6553 6554 6555 6556 6557 6558 6559 6560 6561 6562 6563 6564 6565 6566 6567 6568 6569 6570 6571 6572 6573 6574 6575 6576 6577 6578 6579 6580 6581 6582 6583 6584 6585 6586 6587 6588 6589 6590 6591 6592 6593 6594 6595 6596 6597 6598 6599 6600 6601 6602 6603 6604 6605 6606 6607 6608 6609 6610 6611 6612 6613 6614 6615 6616 6617 6618 6619 6620 6621 6622 6623 6624 6625 6626 6627 6628 6629 6630 6631 6632 6633 6634 6635 6636 6637 6638 6639 6640 6641 6642 6643 6644 6645 6646 6647 6648 6649 6650 6651 6652 6653 6654 6655 6656 6657 6658 6659 6660 6661 6662 6663 6664 6665 6666 6667 6668 6669 6670 6671 6672 6673 6674 6675 6676 6677 6678 6679 6680 6681 6682 6683 6684 6685 6686 6687 6688 6689 6690 6691 6692 6693 6694 6695 6696 6697 6698 6699 6700 6701 6702 6703 6704 6705 6706 6707 6708 6709 6710 6711 6712 6713 6714 6715 6716 6717 6718 6719 6720 6721 6722 6723 6724 6725 6726 6727 6728 6729 6730 6731 6732 6733 6734 6735 6736 6737 6738 6739 6740 6741 6742 6743 6744 6745 6746 6747 6748 6749 6750 6751 6752 6753 6754 6755 6756 6757 6758 6759 6760 6761 6762 6763 6764 6765 6766 6767 6768 6769 6770 6771 6772 6773 6774 6775 6776 6777 6778 6779 6780 6781 6782 6783 6784 6785 6786 6787 6788 6789 6790 6791 6792 6793 6794 6795 6796 6797 6798 6799 6800 6801 6802 6803 6804 6805 6806 6807 6808 6809 6810 6811 6812 6813 6814 6815 6816 6817 6818 6819 6820 6821 6822 6823 6824 6825 6826 6827 6828 6829 6830 6831 6832 6833 6834 6835 6836 6837 6838 6839 6840 6841 6842 6843 6844 6845 6846 6847 6848 6849 6850 6851 6852 6853 6854 6855 6856 6857 6858 6859 6860 6861 6862 6863 6864 6865 6866 6867 6868 6869 6870 6871 6872 6873 6874 6875 6876 6877 6878 6879 6880 6881 6882 6883 6884 6885 6886 6887 6888 6889 6890 6891 6892 6893 6894 6895 6896 6897 6898 6899 6900 6901 6902 6903 6904 6905 6906 6907 6908 6909 6910 6911 6912 6913 6914 6915 6916 6917 6918 6919 6920 6921 6922 6923 6924 6925 6926 6927 6928 6929 6930 6931 6932 6933 6934 6935 6936 6937 6938 6939 6940 6941 6942 6943 6944 6945 6946 6947 6948 6949 6950 6951 6952 6953 6954 6955 6956 6957 6958 6959 6960 6961 6962 6963 6964 6965 6966 6967 6968 6969 6970 6971 6972 6973 6974 6975 6976 6977 6978 6979 6980 6981 6982 6983 6984 6985 6986 6987 6988 6989 6990 6991 6992 6993 6994 6995 6996 6997 6998 6999 7000 7001 7002 7003 7004 7005 7006 7007 7008 7009 7010 7011 7012 7013 7014 7015 7016 7017 7018 7019 7020 7021 7022 7023 7024 7025 7026 7027 7028 7029 7030 7031 7032 7033 7034 7035 7036 7037 7038 7039 7040 7041 7042 7043 7044 7045 7046 7047 7048 7049 7050 7051 7052 7053 7054 7055 7056 7057 7058 7059 7060 7061 7062 7063 7064 7065 7066 7067 7068 7069 7070 7071 7072 7073 7074 7075 7076 7077 7078 7079 7080 7081 7082 7083 7084 7085 7086 7087 7088 7089 7090 7091 7092 7093 7094 7095 7096 7097 7098 7099 7100 7101 7102 7103 7104 7105 7106 7107 7108 7109 7110 7111 7112 7113 7114 7115 7116 7117 7118 7119 7120 7121 7122 7123 7124 7125 7126 7127 7128 7129 7130 7131 7132 7133 7134 7135 7136 7137 7138 7139 7140 7141 7142 7143 7144 7145 7146 7147 7148 7149 7150 7151 7152 7153 7154 7155 7156 7157 7158 7159 7160 7161 7162 7163 7164 7165 7166 7167 7168 7169 7170 7171 7172 7173 7174 7175 7176 7177 7178 7179 7180 7181 7182 7183 7184 7185 7186 7187 7188 7189 7190 7191 7192 7193 7194 7195 7196 7197 7198 7199 7200 7201 7202 7203 7204 7205 7206 7207 7208 7209 7210 7211 7212 7213 7214 7215 7216 7217 7218 7219 7220 7221 7222 7223 7224 7225 7226 7227 7228 7229 7230 7231 7232 7233 7234 7235 7236 7237 7238 7239 7240 7241 7242 7243 7244 7245 7246 7247 7248 7249 7250 7251 7252 7253 7254 7255 7256 7257 7258 7259 7260 7261 7262 7263 7264 7265 7266 7267 7268 7269 7270 7271 7272 7273 7274 7275 7276 7277 7278 7279 7280 7281 7282 7283 7284 7285 7286 7287 7288 7289 7290 7291 7292 7293 7294 7295 7296 7297 7298 7299 7300 7301 7302 7303 7304 7305 7306 7307 7308 7309 7310 7311 7312 7313 7314 7315 7316 7317 7318 7319 7320 7321 7322 7323 7324 7325 7326 7327 7328 7329 7330 7331 7332 7333 7334 7335 7336 7337 7338 7339 7340 7341 7342 7343 7344 7345 7346 7347 7348 7349 7350 7351 7352 7353 7354 7355 7356 7357 7358 7359 7360 7361 7362 7363 7364 7365 7366 7367 7368 7369 7370 7371 7372 7373 7374 7375 7376 7377 7378 7379 7380 7381 7382 7383 7384 7385 7386 7387 7388 7389 7390 7391 7392 7393 7394 7395 7396 7397 7398 7399 7400 7401 7402 7403 7404 7405 7406 7407 7408 7409 7410 7411 7412 7413 7414 7415 7416 7417 7418 7419 7420 7421 7422 7423 7424 7425 7426 7427 7428 7429 7430 7431 7432 7433 7434 7435 7436 7437 7438 7439 7440 7441 7442 7443 7444 7445 7446 7447 7448 7449 7450 7451 7452 7453 7454 7455 7456 7457 7458 7459 7460 7461 7462 7463 7464 7465 7466 7467 7468 7469 7470 7471 7472 7473 7474 7475 7476 7477 7478 7479 7480 7481 7482 7483 7484 7485 7486 7487 7488 7489 7490 7491 7492 7493 7494 7495 7496 7497 7498 7499 7500 7501 7502 7503 7504 7505 7506 7507 7508 7509 7510 7511 7512 7513 7514 7515 7516 7517 7518 7519 7520 7521 7522 7523 7524 7525 7526 7527 7528 7529 7530 7531 7532 7533 7534 7535 7536 7537 7538 7539 7540 7541 7542 7543 7544 7545 7546 7547 7548 7549 7550 7551 7552 7553 7554 7555 7556 7557 7558 7559 7560 7561 7562 7563 7564 7565 7566 7567 7568 7569 7570 7571 7572 7573 7574 7575 7576 7577 7578 7579 7580 7581 7582 7583 7584 7585 7586 7587 7588 7589 7590 7591 7592 7593 7594 7595 7596 7597 7598 7599 7600 7601 7602 7603 7604 7605 7606 7607 7608 7609 7610 7611 7612 7613 7614 7615 7616 7617 7618 7619 7620 7621 7622 7623 7624 7625 7626 7627 7628 7629 7630 7631 7632 7633 7634 7635 7636 7637 7638 7639 7640 7641 7642 7643 7644 7645 7646 7647 7648 7649 7650 7651 7652 7653 7654 7655 7656 7657 7658 7659 7660 7661 7662 7663 7664 7665 7666 7667 7668 7669 7670 7671 7672 7673 7674 7675 7676 7677 7678 7679 7680 7681 7682 7683 7684 7685 7686 7687 7688 7689 7690 7691 7692 7693 7694 7695 7696 7697 7698 7699 7700 7701 7702 7703 7704 7705 7706 7707 7708 7709 7710 7711 7712 7713 7714 7715 7716 7717 7718 7719 7720 7721 7722 7723 7724 7725 7726 7727 7728 7729 7730 7731 7732 7733 7734 7735 7736 7737 7738 7739 7740 7741 7742 7743 7744 7745 7746 7747 7748 7749 7750 7751 7752 7753 7754 7755 7756 7757 7758 7759 7760 7761 7762 7763 7764 7765 7766 7767 7768 7769 7770 7771 7772 7773 7774 7775 7776 7777 7778 7779 7780 7781 7782 7783 7784 7785 7786 7787 7788 7789 7790 7791 7792 7793 7794 7795 7796 7797 7798 7799 7800 7801 7802 7803 7804 7805 7806 7807 7808 7809 7810 7811 7812 7813 7814 7815 7816 7817 7818 7819 7820 7821 7822 7823 7824 7825 7826 7827 7828 7829 7830 7831 7832 7833 7834 7835 7836 7837 7838 7839 7840 7841 7842 7843 7844 7845 7846 7847 7848 7849 7850 7851 7852 7853 7854 7855 7856 7857 7858 7859 7860 7861 7862 7863 7864 7865 7866 7867 7868 7869 7870 7871 7872 7873 7874 7875 7876 7877 7878 7879 7880 7881 7882 7883 7884 7885 7886 7887 7888 7889 7890 7891 7892 7893 7894 7895 7896 7897 7898 7899 7900 7901 7902 7903 7904 7905 7906 7907 7908 7909 7910 7911 7912 7913 7914 7915 7916 7917 7918 7919 7920 7921 7922 7923 7924 7925 7926 7927 7928 7929 7930 7931 7932 7933 7934 7935 7936 7937 7938 7939 7940 7941 7942 7943 7944 7945 7946 7947 7948 7949 7950 7951 7952 7953 7954 7955 7956 7957 7958 7959 7960 7961 7962 7963 7964 7965 7966 7967 7968 7969 7970 7971 7972 7973 7974 7975 7976 7977 7978 7979 7980 7981 7982 7983 7984 7985 7986 7987 7988 7989 7990 7991 7992 7993 7994 7995 7996 7997 7998 7999 8000 8001 8002 8003 8004 8005 8006 8007 8008 8009 8010 8011 8012 8013 8014 8015 8016 8017 8018 8019 8020 8021 8022 8023 8024 8025 8026 8027 8028 8029 8030 8031 8032 8033 8034 8035 8036 8037 8038 8039 8040 8041 8042 8043 8044 8045 8046 8047 8048 8049 8050 8051 8052 8053 8054 8055 8056 8057 8058 8059 8060 8061 8062 8063 8064 8065 8066 8067 8068 8069 8070 8071 8072 8073 8074 8075 8076 8077 8078 8079 8080 8081 8082 8083 8084 8085 8086 8087 8088 8089 8090 8091 8092 8093 8094 8095 8096 8097 8098 8099 8100 8101 8102 8103 8104 8105 8106 8107 8108 8109 8110 8111 8112 8113 8114 8115 8116 8117 8118 8119 8120 8121 8122 8123 8124 8125 8126 8127 8128 8129 8130 8131 8132 8133 8134 8135 8136 8137 8138 8139 8140 8141 8142 8143 8144 8145 8146 8147 8148 8149 8150 8151 8152 8153 8154 8155 8156 8157 8158 8159 8160 8161 8162 8163 8164 8165 8166 8167 8168 8169 8170 8171 8172 8173 8174 8175 8176 8177 8178 8179 8180 8181 8182 8183 8184 8185 8186 8187 8188 8189 8190 8191 8192 8193 8194 8195 8196 8197 8198 8199 8200 8201 8202 8203 8204 8205 8206 8207 8208 8209 8210 8211 8212 8213 8214 8215 8216 8217 8218 8219 8220 8221 8222 8223 8224 8225 8226 8227 8228 8229 8230 8231 8232 8233 8234 8235 8236 8237 8238 8239 8240 8241 8242 8243 8244 8245 8246 8247 8248 8249 8250 8251 8252 8253 8254 8255 8256 8257 8258 8259 8260 8261 8262 8263 8264 8265 8266 8267 8268 8269 8270 8271 8272 8273 8274 8275 8276 8277 8278 8279 8280 8281 8282 8283 8284 8285 8286 8287 8288 8289 8290 8291 8292 8293 8294 8295 8296 8297 8298 8299 8300 8301 8302 8303 8304 8305 8306 8307 8308 8309 8310 8311 8312 8313 8314 8315 8316 8317 8318 8319 8320 8321 8322 8323 8324 8325 8326 8327 8328 8329 8330 8331 8332 8333 8334 8335 8336 8337 8338 8339 8340 8341 8342 8343 8344 8345 8346 8347 8348 8349 8350 8351 8352 8353 8354 8355 8356 8357 8358 8359 8360 8361 8362 8363 8364 8365 8366 8367 8368 8369 8370 8371 8372 8373 8374 8375 8376 8377 8378 8379 8380 8381 8382 8383 8384 8385 8386 8387 8388 8389 8390 8391 8392 8393 8394 8395 8396 8397 8398 8399 8400 8401 8402 8403 8404 8405 8406 8407 8408 8409 8410 8411 8412 8413 8414 8415 8416 8417 8418 8419 8420 8421 8422 8423 8424 8425 8426 8427 8428 8429 8430 8431 8432 8433 8434 8435 8436 8437 8438 8439 8440 8441 8442 8443 8444 8445 8446 8447 8448 8449 8450 8451 8452 8453 8454 8455 8456 8457 8458 8459 8460 8461 8462 8463 8464 8465 8466 8467 8468 8469 8470 8471 8472 8473 8474 8475 8476 8477 8478 8479 8480 8481 8482 8483 8484 8485 8486 8487 8488 8489 8490 8491 8492 8493 8494 8495 8496 8497 8498 8499 8500 8501 8502 8503 8504 8505 8506 8507 8508 8509 8510 8511 8512 8513 8514 8515 8516 8517 8518 8519 8520 8521 8522 8523 8524 8525 8526 8527 8528 8529 8530 8531 8532 8533 8534 8535 8536 8537 8538 8539 8540 8541 8542 8543 8544 8545 8546 8547 8548 8549 8550 8551 8552 8553 8554 8555 8556 8557 8558 8559 8560 8561 8562 8563 8564 8565 8566 8567 8568 8569 8570 8571 8572 8573 8574 8575 8576 8577 8578 8579 8580 8581 8582 8583 8584 8585 8586 8587 8588 8589 8590 8591 8592 8593 8594 8595 8596 8597 8598 8599 8600 8601 8602 8603 8604 8605 8606 8607 8608 8609 8610 8611 8612 8613 8614 8615 8616 8617 8618 8619 8620 8621 8622 8623 8624 8625 8626 8627 8628 8629 8630 8631 8632 8633 8634 8635 8636 8637 8638 8639 8640 8641 8642 8643 8644 8645 8646 8647 8648 8649 8650 8651 8652 8653 8654 8655 8656 8657 8658 8659 8660 8661 8662 8663 8664 8665 8666 8667 8668 8669 8670 8671 8672 8673 8674 8675 8676 8677 8678 8679 8680 8681 8682 8683 8684 8685 8686 8687 8688 8689 8690 8691 8692 8693 8694 8695 8696 8697 8698 8699 8700 8701 8702 8703 8704 8705 8706 8707 8708 8709 8710 8711 8712 8713 8714 8715 8716 8717 8718 8719 8720 8721 8722 8723 8724 8725 8726 8727 8728 8729 8730 8731 8732 8733 8734 8735 8736 8737 8738 8739 8740 8741 8742 8743 8744 8745 8746 8747 8748 8749 8750 8751 8752 8753 8754 8755 8756 8757 8758 8759 8760 8761 8762 8763 8764 8765 8766 8767 8768 8769 8770 8771 8772 8773 8774 8775 8776 8777 8778 8779 8780 8781 8782 8783 8784 8785 8786 8787 8788 8789 8790 8791 8792 8793 8794 8795 8796 8797 8798 8799 8800 8801 8802 8803 8804 8805 8806 8807 8808 8809 8810 8811 8812 8813 8814 8815 8816 8817 8818 8819 8820 8821 8822 8823 8824 8825 8826 8827 8828 8829 8830 8831 8832 8833 8834 8835 8836 8837 8838 8839 8840 8841 8842 8843 8844 8845 8846 8847 8848 8849 8850 8851 8852 8853 8854 8855 8856 8857 8858 8859 8860 8861 8862 8863 8864 8865 8866 8867 8868 8869 8870 8871 8872 8873 8874 8875 8876 8877 8878 8879 8880 8881 8882 8883 8884 8885 8886 8887 8888 8889 8890 8891 8892 8893 8894 8895 8896 8897 8898 8899 8900 8901 8902 8903 8904 8905 8906 8907 8908 8909 8910 8911 8912 8913 8914 8915 8916 8917 8918 8919 8920 8921 8922 8923 8924 8925 8926 8927 8928 8929 8930 8931 8932 8933 8934 8935 8936 8937 8938 8939 8940 8941 8942 8943 8944 8945 8946 8947 8948 8949 8950 8951 8952 8953 8954 8955 8956 8957 8958 8959 8960 8961 8962 8963 8964 8965 8966 8967 8968 8969 8970 8971 8972 8973 8974 8975 8976 8977 8978 8979 8980 8981 8982 8983 8984 8985 8986 8987 8988 8989 8990 8991 8992 8993 8994 8995 8996 8997 8998 8999 9000 9001 9002 9003 9004 9005 9006 9007 9008 9009 9010 9011 9012 9013 9014 9015 9016 9017 9018 9019 9020 9021 9022 9023 9024 9025 9026 9027 9028 9029 9030 9031 9032 9033 9034 9035 9036 9037 9038 9039 9040 9041 9042 9043 9044 9045 9046 9047 9048 9049 9050 9051 9052 9053 9054 9055 9056 9057 9058 9059 9060 9061 9062 9063 9064 9065 9066 9067 9068 9069 9070 9071 9072 9073 9074 9075 9076 9077 9078 9079 9080 9081 9082 9083 9084 9085 9086 9087 9088 9089 9090 9091 9092 9093 9094 9095 9096 9097 9098 9099 9100 9101 9102 9103 9104 9105 9106 9107 9108 9109 9110 9111 9112 9113 9114 9115 9116 9117 9118 9119 9120 9121 9122 9123 9124 9125 9126 9127 9128 9129 9130 9131 9132 9133 9134 9135 9136 9137 9138 9139 9140 9141 9142 9143 9144 9145 9146 9147 9148 9149 9150 9151 9152 9153 9154 9155 9156 9157 9158 9159 9160 9161 9162 9163 9164 9165 9166 9167 9168 9169 9170 9171 9172 9173 9174 9175 9176 9177 9178 9179 9180 9181 9182 9183 9184 9185 9186 9187 9188 9189 9190 9191 9192 9193 9194 9195 9196 9197 9198 9199 9200 9201 9202 9203 9204 9205 9206 9207 9208 9209 9210 9211 9212 9213 9214 9215 9216 9217 9218 9219 9220 9221 9222 9223 9224 9225 9226 9227 9228 9229 9230 9231 9232 9233 9234 9235 9236 9237 9238 9239 9240 9241 9242 9243 9244 9245 9246 9247 9248 9249 9250 9251 9252 9253 9254 9255 9256 9257 9258 9259 9260 9261 9262 9263 9264 9265 9266 9267 9268 9269 9270 9271 9272 9273 9274 9275 9276 9277 9278 9279 9280 9281 9282 9283 9284 9285 9286 9287 9288 9289 9290 9291 9292 9293 9294 9295 9296 9297 9298 9299 9300 9301 9302 9303 9304 9305 9306 9307 9308 9309 9310 9311 9312 9313 9314 9315 9316 9317 9318 9319 9320 9321 9322 9323 9324 9325 9326 9327 9328 9329 9330 9331 9332 9333 9334 9335 9336 9337 9338 9339 9340 9341 9342 9343 9344 9345 9346 9347 9348 9349 9350 9351 9352 9353 9354 9355 9356 9357 9358 9359 9360 9361 9362 9363 9364 9365 9366 9367 9368 9369 9370 9371 9372 9373 9374 9375 9376 9377 9378 9379 9380 9381 9382 9383 9384 9385 9386 9387 9388 9389 9390 9391 9392 9393 9394 9395 9396 9397 9398 9399 9400 9401 9402 9403 9404 9405 9406 9407 9408 9409 9410 9411 9412 9413 9414 9415 9416 9417 9418 9419 9420 9421 9422 9423 9424 9425 9426 9427 9428 9429 9430 9431 9432 9433 9434 9435 9436 9437 9438 9439 9440 9441 9442 9443 9444 9445 9446 9447 9448 9449 9450 9451 9452 9453 9454 9455 9456 9457 9458 9459 9460 9461 9462 9463 9464 9465 9466 9467 9468 9469 9470 9471 9472 9473 9474 9475 9476 9477 9478 9479 9480 9481 9482 9483 9484 9485 9486 9487 9488 9489 9490 9491 9492 9493 9494 9495 9496 9497 9498 9499 9500 9501 9502 9503 9504 9505 9506 9507 9508 9509 9510 9511 9512 9513 9514 9515 9516 9517 9518 9519 9520 9521 9522 9523 9524 9525 9526 9527 9528 9529 9530 9531 9532 9533 9534 9535 9536 9537 9538 9539 </p>
        </polylist>
      </mesh>
    </geometry>
  </library_geometries>
  <library_controllers>
  </library_controllers>
  <library_visual_scenes>
    <visual_scene id="node" name="">
      <node id="PRO2STL" name="PRO2STL" type="NODE">
        <matrix sid="matrix">1 0 0 0 0 1 0 0 0 0 1 0 0 0 0 1</matrix>
        <instance_geometry url="#PRO2STL_1">
          <bind_material>
            <technique_common>
              <instance_material symbol="defaultMaterial" target="#DefaultMaterial">
              </instance_material>
            </technique_common>
          </bind_material>
        </instance_geometry>
      </node>
    </visual_scene>
  </library_visual_scenes>
  <scene>
    <instance_visual_scene url="#node" />
  </scene>
</COLLADA>
